2025-05-27 21:24:13,889 - WARNING - Phone: +201142344941 - Message Type: Selenium Send - Reason: Initial send failed, possibly invalid number/no WhatsApp - Details: Message: 
Stacktrace:
	GetHandleVerifier [0x00007FF62C9CCF25+75717]
	GetHandleVerifier [0x00007FF62C9CCF80+75808]
	(No symbol) [0x00007FF62C798F9A]
	(No symbol) [0x00007FF62C7EF4C6]
	(No symbol) [0x00007FF62C7EF77C]
	(No symbol) [0x00007FF62C842577]
	(No symbol) [0x00007FF62C8173BF]
	(No symbol) [0x00007FF62C83F39C]
	(No symbol) [0x00007FF62C817153]
	(No symbol) [0x00007FF62C7E0421]
	(No symbol) [0x00007FF62C7E11B3]
	GetHandleVerifier [0x00007FF62CCCD6FD+3223453]
	GetHandleVerifier [0x00007FF62CCC7CA2+3200322]
	GetHandleVerifier [0x00007FF62CCE5AD3+3322739]
	GetHandleVerifier [0x00007FF62C9E69FA+180890]
	GetHandleVerifier [0x00007FF62C9EE0FF+211359]
	GetHandleVerifier [0x00007FF62C9D5274+109332]
	GetHandleVerifier [0x00007FF62C9D5422+109762]
	GetHandleVerifier [0x00007FF62C9BBA39+4825]
	BaseThreadInitThunk [0x00007FFA849B7374+20]
	RtlUserThreadStart [0x00007FFA8605CC91+33]

2025-05-27 21:24:45,063 - ERROR - Phone: +201142344941 - Message Type: Selenium Send Retry - Reason: Retry send failed, possibly invalid number/no WhatsApp - Details: Message: 
Stacktrace:
	GetHandleVerifier [0x00007FF62C9CCF25+75717]
	GetHandleVerifier [0x00007FF62C9CCF80+75808]
	(No symbol) [0x00007FF62C798F9A]
	(No symbol) [0x00007FF62C7EF4C6]
	(No symbol) [0x00007FF62C7EF77C]
	(No symbol) [0x00007FF62C842577]
	(No symbol) [0x00007FF62C8173BF]
	(No symbol) [0x00007FF62C83F39C]
	(No symbol) [0x00007FF62C817153]
	(No symbol) [0x00007FF62C7E0421]
	(No symbol) [0x00007FF62C7E11B3]
	GetHandleVerifier [0x00007FF62CCCD6FD+3223453]
	GetHandleVerifier [0x00007FF62CCC7CA2+3200322]
	GetHandleVerifier [0x00007FF62CCE5AD3+3322739]
	GetHandleVerifier [0x00007FF62C9E69FA+180890]
	GetHandleVerifier [0x00007FF62C9EE0FF+211359]
	GetHandleVerifier [0x00007FF62C9D5274+109332]
	GetHandleVerifier [0x00007FF62C9D5422+109762]
	GetHandleVerifier [0x00007FF62C9BBA39+4825]
	BaseThreadInitThunk [0x00007FFA849B7374+20]
	RtlUserThreadStart [0x00007FFA8605CC91+33]

2025-05-27 21:25:17,339 - WARNING - Phone: +201142344941 - Message Type: Selenium Send - Reason: Initial send failed, possibly invalid number/no WhatsApp - Details: Message: 
Stacktrace:
	GetHandleVerifier [0x00007FF62C9CCF25+75717]
	GetHandleVerifier [0x00007FF62C9CCF80+75808]
	(No symbol) [0x00007FF62C798F9A]
	(No symbol) [0x00007FF62C7EF4C6]
	(No symbol) [0x00007FF62C7EF77C]
	(No symbol) [0x00007FF62C842577]
	(No symbol) [0x00007FF62C8173BF]
	(No symbol) [0x00007FF62C83F39C]
	(No symbol) [0x00007FF62C817153]
	(No symbol) [0x00007FF62C7E0421]
	(No symbol) [0x00007FF62C7E11B3]
	GetHandleVerifier [0x00007FF62CCCD6FD+3223453]
	GetHandleVerifier [0x00007FF62CCC7CA2+3200322]
	GetHandleVerifier [0x00007FF62CCE5AD3+3322739]
	GetHandleVerifier [0x00007FF62C9E69FA+180890]
	GetHandleVerifier [0x00007FF62C9EE0FF+211359]
	GetHandleVerifier [0x00007FF62C9D5274+109332]
	GetHandleVerifier [0x00007FF62C9D5422+109762]
	GetHandleVerifier [0x00007FF62C9BBA39+4825]
	BaseThreadInitThunk [0x00007FFA849B7374+20]
	RtlUserThreadStart [0x00007FFA8605CC91+33]

2025-05-27 21:25:48,763 - ERROR - Phone: +201142344941 - Message Type: Selenium Send Retry - Reason: Retry send failed, possibly invalid number/no WhatsApp - Details: Message: 
Stacktrace:
	GetHandleVerifier [0x00007FF62C9CCF25+75717]
	GetHandleVerifier [0x00007FF62C9CCF80+75808]
	(No symbol) [0x00007FF62C798F9A]
	(No symbol) [0x00007FF62C7EF4C6]
	(No symbol) [0x00007FF62C7EF77C]
	(No symbol) [0x00007FF62C842577]
	(No symbol) [0x00007FF62C8173BF]
	(No symbol) [0x00007FF62C83F39C]
	(No symbol) [0x00007FF62C817153]
	(No symbol) [0x00007FF62C7E0421]
	(No symbol) [0x00007FF62C7E11B3]
	GetHandleVerifier [0x00007FF62CCCD6FD+3223453]
	GetHandleVerifier [0x00007FF62CCC7CA2+3200322]
	GetHandleVerifier [0x00007FF62CCE5AD3+3322739]
	GetHandleVerifier [0x00007FF62C9E69FA+180890]
	GetHandleVerifier [0x00007FF62C9EE0FF+211359]
	GetHandleVerifier [0x00007FF62C9D5274+109332]
	GetHandleVerifier [0x00007FF62C9D5422+109762]
	GetHandleVerifier [0x00007FF62C9BBA39+4825]
	BaseThreadInitThunk [0x00007FFA849B7374+20]
	RtlUserThreadStart [0x00007FFA8605CC91+33]

2025-05-27 21:25:56,697 - WARNING - Phone: +201142344948 - Message Type: Selenium Send - Reason: Initial send failed, possibly invalid number/no WhatsApp - Details: Message: target frame detached
  (failed to check if window was closed: disconnected: Unable to receive message from renderer)
  (Session info: chrome=137.0.7151.41)
Stacktrace:
	GetHandleVerifier [0x00007FF62C9CCF25+75717]
	GetHandleVerifier [0x00007FF62C9CCF80+75808]
	(No symbol) [0x00007FF62C798DCC]
	(No symbol) [0x00007FF62C78617B]
	(No symbol) [0x00007FF62C78503E]
	(No symbol) [0x00007FF62C7A9DB4]
	(No symbol) [0x00007FF62C81EE75]
	(No symbol) [0x00007FF62C83ECC2]
	(No symbol) [0x00007FF62C817153]
	(No symbol) [0x00007FF62C7E0421]
	(No symbol) [0x00007FF62C7E11B3]
	GetHandleVerifier [0x00007FF62CCCD6FD+3223453]
	GetHandleVerifier [0x00007FF62CCC7CA2+3200322]
	GetHandleVerifier [0x00007FF62CCE5AD3+3322739]
	GetHandleVerifier [0x00007FF62C9E69FA+180890]
	GetHandleVerifier [0x00007FF62C9EE0FF+211359]
	GetHandleVerifier [0x00007FF62C9D5274+109332]
	GetHandleVerifier [0x00007FF62C9D5422+109762]
	GetHandleVerifier [0x00007FF62C9BBA39+4825]
	BaseThreadInitThunk [0x00007FFA849B7374+20]
	RtlUserThreadStart [0x00007FFA8605CC91+33]

2025-05-27 21:25:57,089 - ERROR - Phone: +201142344948 - Message Type: Selenium Send Retry - Reason: Retry send failed, possibly invalid number/no WhatsApp - Details: Message: invalid session id: session deleted as the browser has closed the connection
from disconnected: not connected to DevTools
  (Session info: chrome=137.0.7151.41)
Stacktrace:
	GetHandleVerifier [0x00007FF62C9CCF25+75717]
	GetHandleVerifier [0x00007FF62C9CCF80+75808]
	(No symbol) [0x00007FF62C798F9A]
	(No symbol) [0x00007FF62C784E35]
	(No symbol) [0x00007FF62C7A9DB4]
	(No symbol) [0x00007FF62C81EE75]
	(No symbol) [0x00007FF62C83ECC2]
	(No symbol) [0x00007FF62C817153]
	(No symbol) [0x00007FF62C7E0421]
	(No symbol) [0x00007FF62C7E11B3]
	GetHandleVerifier [0x00007FF62CCCD6FD+3223453]
	GetHandleVerifier [0x00007FF62CCC7CA2+3200322]
	GetHandleVerifier [0x00007FF62CCE5AD3+3322739]
	GetHandleVerifier [0x00007FF62C9E69FA+180890]
	GetHandleVerifier [0x00007FF62C9EE0FF+211359]
	GetHandleVerifier [0x00007FF62C9D5274+109332]
	GetHandleVerifier [0x00007FF62C9D5422+109762]
	GetHandleVerifier [0x00007FF62C9BBA39+4825]
	BaseThreadInitThunk [0x00007FFA849B7374+20]
	RtlUserThreadStart [0x00007FFA8605CC91+33]

2025-05-27 21:25:58,093 - WARNING - Phone: +201142344948 - Message Type: Selenium Send - Reason: Initial send failed, possibly invalid number/no WhatsApp - Details: Message: invalid session id
Stacktrace:
	GetHandleVerifier [0x00007FF62C9CCF25+75717]
	GetHandleVerifier [0x00007FF62C9CCF80+75808]
	(No symbol) [0x00007FF62C798DCC]
	(No symbol) [0x00007FF62C7DF54F]
	(No symbol) [0x00007FF62C817242]
	(No symbol) [0x00007FF62C811C63]
	(No symbol) [0x00007FF62C810D29]
	(No symbol) [0x00007FF62C765A55]
	GetHandleVerifier [0x00007FF62CCCD6FD+3223453]
	GetHandleVerifier [0x00007FF62CCC7CA2+3200322]
	GetHandleVerifier [0x00007FF62CCE5AD3+3322739]
	GetHandleVerifier [0x00007FF62C9E69FA+180890]
	GetHandleVerifier [0x00007FF62C9EE0FF+211359]
	(No symbol) [0x00007FF62C764AC8]
	GetHandleVerifier [0x00007FF62CDB6FA8+4180040]
	BaseThreadInitThunk [0x00007FFA849B7374+20]
	RtlUserThreadStart [0x00007FFA8605CC91+33]

2025-05-27 21:25:58,097 - ERROR - Phone: +201142344948 - Message Type: Selenium Send Retry - Reason: Retry send failed, possibly invalid number/no WhatsApp - Details: Message: invalid session id
Stacktrace:
	GetHandleVerifier [0x00007FF62C9CCF25+75717]
	GetHandleVerifier [0x00007FF62C9CCF80+75808]
	(No symbol) [0x00007FF62C798DCC]
	(No symbol) [0x00007FF62C7DF54F]
	(No symbol) [0x00007FF62C817242]
	(No symbol) [0x00007FF62C811C63]
	(No symbol) [0x00007FF62C810D29]
	(No symbol) [0x00007FF62C765A55]
	GetHandleVerifier [0x00007FF62CCCD6FD+3223453]
	GetHandleVerifier [0x00007FF62CCC7CA2+3200322]
	GetHandleVerifier [0x00007FF62CCE5AD3+3322739]
	GetHandleVerifier [0x00007FF62C9E69FA+180890]
	GetHandleVerifier [0x00007FF62C9EE0FF+211359]
	(No symbol) [0x00007FF62C764AC8]
	GetHandleVerifier [0x00007FF62CDB6FA8+4180040]
	BaseThreadInitThunk [0x00007FFA849B7374+20]
	RtlUserThreadStart [0x00007FFA8605CC91+33]

2025-05-27 21:25:59,102 - WARNING - Phone: +201142344943 - Message Type: Selenium Send - Reason: Initial send failed, possibly invalid number/no WhatsApp - Details: Message: invalid session id
Stacktrace:
	GetHandleVerifier [0x00007FF62C9CCF25+75717]
	GetHandleVerifier [0x00007FF62C9CCF80+75808]
	(No symbol) [0x00007FF62C798DCC]
	(No symbol) [0x00007FF62C7DF54F]
	(No symbol) [0x00007FF62C817242]
	(No symbol) [0x00007FF62C811C63]
	(No symbol) [0x00007FF62C810D29]
	(No symbol) [0x00007FF62C765A55]
	GetHandleVerifier [0x00007FF62CCCD6FD+3223453]
	GetHandleVerifier [0x00007FF62CCC7CA2+3200322]
	GetHandleVerifier [0x00007FF62CCE5AD3+3322739]
	GetHandleVerifier [0x00007FF62C9E69FA+180890]
	GetHandleVerifier [0x00007FF62C9EE0FF+211359]
	(No symbol) [0x00007FF62C764AC8]
	GetHandleVerifier [0x00007FF62CDB6FA8+4180040]
	BaseThreadInitThunk [0x00007FFA849B7374+20]
	RtlUserThreadStart [0x00007FFA8605CC91+33]

2025-05-27 21:25:59,105 - ERROR - Phone: +201142344943 - Message Type: Selenium Send Retry - Reason: Retry send failed, possibly invalid number/no WhatsApp - Details: Message: invalid session id
Stacktrace:
	GetHandleVerifier [0x00007FF62C9CCF25+75717]
	GetHandleVerifier [0x00007FF62C9CCF80+75808]
	(No symbol) [0x00007FF62C798DCC]
	(No symbol) [0x00007FF62C7DF54F]
	(No symbol) [0x00007FF62C817242]
	(No symbol) [0x00007FF62C811C63]
	(No symbol) [0x00007FF62C810D29]
	(No symbol) [0x00007FF62C765A55]
	GetHandleVerifier [0x00007FF62CCCD6FD+3223453]
	GetHandleVerifier [0x00007FF62CCC7CA2+3200322]
	GetHandleVerifier [0x00007FF62CCE5AD3+3322739]
	GetHandleVerifier [0x00007FF62C9E69FA+180890]
	GetHandleVerifier [0x00007FF62C9EE0FF+211359]
	(No symbol) [0x00007FF62C764AC8]
	GetHandleVerifier [0x00007FF62CDB6FA8+4180040]
	BaseThreadInitThunk [0x00007FFA849B7374+20]
	RtlUserThreadStart [0x00007FFA8605CC91+33]

2025-05-27 21:26:00,111 - WARNING - Phone: +201142344943 - Message Type: Selenium Send - Reason: Initial send failed, possibly invalid number/no WhatsApp - Details: Message: invalid session id
Stacktrace:
	GetHandleVerifier [0x00007FF62C9CCF25+75717]
	GetHandleVerifier [0x00007FF62C9CCF80+75808]
	(No symbol) [0x00007FF62C798DCC]
	(No symbol) [0x00007FF62C7DF54F]
	(No symbol) [0x00007FF62C817242]
	(No symbol) [0x00007FF62C811C63]
	(No symbol) [0x00007FF62C810D29]
	(No symbol) [0x00007FF62C765A55]
	GetHandleVerifier [0x00007FF62CCCD6FD+3223453]
	GetHandleVerifier [0x00007FF62CCC7CA2+3200322]
	GetHandleVerifier [0x00007FF62CCE5AD3+3322739]
	GetHandleVerifier [0x00007FF62C9E69FA+180890]
	GetHandleVerifier [0x00007FF62C9EE0FF+211359]
	(No symbol) [0x00007FF62C764AC8]
	GetHandleVerifier [0x00007FF62CDB6FA8+4180040]
	BaseThreadInitThunk [0x00007FFA849B7374+20]
	RtlUserThreadStart [0x00007FFA8605CC91+33]

2025-05-27 21:26:00,114 - ERROR - Phone: +201142344943 - Message Type: Selenium Send Retry - Reason: Retry send failed, possibly invalid number/no WhatsApp - Details: Message: invalid session id
Stacktrace:
	GetHandleVerifier [0x00007FF62C9CCF25+75717]
	GetHandleVerifier [0x00007FF62C9CCF80+75808]
	(No symbol) [0x00007FF62C798DCC]
	(No symbol) [0x00007FF62C7DF54F]
	(No symbol) [0x00007FF62C817242]
	(No symbol) [0x00007FF62C811C63]
	(No symbol) [0x00007FF62C810D29]
	(No symbol) [0x00007FF62C765A55]
	GetHandleVerifier [0x00007FF62CCCD6FD+3223453]
	GetHandleVerifier [0x00007FF62CCC7CA2+3200322]
	GetHandleVerifier [0x00007FF62CCE5AD3+3322739]
	GetHandleVerifier [0x00007FF62C9E69FA+180890]
	GetHandleVerifier [0x00007FF62C9EE0FF+211359]
	(No symbol) [0x00007FF62C764AC8]
	GetHandleVerifier [0x00007FF62CDB6FA8+4180040]
	BaseThreadInitThunk [0x00007FFA849B7374+20]
	RtlUserThreadStart [0x00007FFA8605CC91+33]

2025-05-28 06:49:05,203 - WARNING - Phone: +201142344941 - Message Type: Selenium Send - Reason: Initial send failed, possibly invalid number/no WhatsApp - Details: Message: 
Stacktrace:
	GetHandleVerifier [0x00007FF69E31CF25+75717]
	GetHandleVerifier [0x00007FF69E31CF80+75808]
	(No symbol) [0x00007FF69E0E8F9A]
	(No symbol) [0x00007FF69E13F4C6]
	(No symbol) [0x00007FF69E13F77C]
	(No symbol) [0x00007FF69E192577]
	(No symbol) [0x00007FF69E1673BF]
	(No symbol) [0x00007FF69E18F39C]
	(No symbol) [0x00007FF69E167153]
	(No symbol) [0x00007FF69E130421]
	(No symbol) [0x00007FF69E1311B3]
	GetHandleVerifier [0x00007FF69E61D6FD+3223453]
	GetHandleVerifier [0x00007FF69E617CA2+3200322]
	GetHandleVerifier [0x00007FF69E635AD3+3322739]
	GetHandleVerifier [0x00007FF69E3369FA+180890]
	GetHandleVerifier [0x00007FF69E33E0FF+211359]
	GetHandleVerifier [0x00007FF69E325274+109332]
	GetHandleVerifier [0x00007FF69E325422+109762]
	GetHandleVerifier [0x00007FF69E30BA39+4825]
	BaseThreadInitThunk [0x00007FF9FEB17374+20]
	RtlUserThreadStart [0x00007FFA0071CC91+33]

2025-05-28 06:49:41,018 - ERROR - Phone: +201142344941 - Message Type: Selenium Send Retry - Reason: Retry send failed, possibly invalid number/no WhatsApp - Details: Message: 
Stacktrace:
	GetHandleVerifier [0x00007FF69E31CF25+75717]
	GetHandleVerifier [0x00007FF69E31CF80+75808]
	(No symbol) [0x00007FF69E0E8F9A]
	(No symbol) [0x00007FF69E13F4C6]
	(No symbol) [0x00007FF69E13F77C]
	(No symbol) [0x00007FF69E192577]
	(No symbol) [0x00007FF69E1673BF]
	(No symbol) [0x00007FF69E18F39C]
	(No symbol) [0x00007FF69E167153]
	(No symbol) [0x00007FF69E130421]
	(No symbol) [0x00007FF69E1311B3]
	GetHandleVerifier [0x00007FF69E61D6FD+3223453]
	GetHandleVerifier [0x00007FF69E617CA2+3200322]
	GetHandleVerifier [0x00007FF69E635AD3+3322739]
	GetHandleVerifier [0x00007FF69E3369FA+180890]
	GetHandleVerifier [0x00007FF69E33E0FF+211359]
	GetHandleVerifier [0x00007FF69E325274+109332]
	GetHandleVerifier [0x00007FF69E325422+109762]
	GetHandleVerifier [0x00007FF69E30BA39+4825]
	BaseThreadInitThunk [0x00007FF9FEB17374+20]
	RtlUserThreadStart [0x00007FFA0071CC91+33]

2025-05-28 06:49:41,018 - INFO - Student ID: - (Name: -) - Message Type: - - Reason: Unknown failure
2025-05-28 06:55:06,211 - INFO - Student ID: - (Name: -) - Message Type: - - Reason: Unknown failure
2025-05-28 07:26:09,164 - WARNING - Phone: +201142344941 - Message Type: Selenium Send - Reason: Initial send failed, possibly invalid number/no WhatsApp - Details: Message: 
Stacktrace:
	GetHandleVerifier [0x00007FF69E31CF25+75717]
	GetHandleVerifier [0x00007FF69E31CF80+75808]
	(No symbol) [0x00007FF69E0E8F9A]
	(No symbol) [0x00007FF69E13F4C6]
	(No symbol) [0x00007FF69E13F77C]
	(No symbol) [0x00007FF69E192577]
	(No symbol) [0x00007FF69E1673BF]
	(No symbol) [0x00007FF69E18F39C]
	(No symbol) [0x00007FF69E167153]
	(No symbol) [0x00007FF69E130421]
	(No symbol) [0x00007FF69E1311B3]
	GetHandleVerifier [0x00007FF69E61D6FD+3223453]
	GetHandleVerifier [0x00007FF69E617CA2+3200322]
	GetHandleVerifier [0x00007FF69E635AD3+3322739]
	GetHandleVerifier [0x00007FF69E3369FA+180890]
	GetHandleVerifier [0x00007FF69E33E0FF+211359]
	GetHandleVerifier [0x00007FF69E325274+109332]
	GetHandleVerifier [0x00007FF69E325422+109762]
	GetHandleVerifier [0x00007FF69E30BA39+4825]
	BaseThreadInitThunk [0x00007FF9FEB17374+20]
	RtlUserThreadStart [0x00007FFA0071CC91+33]

2025-05-28 07:26:43,495 - ERROR - Phone: +201142344941 - Message Type: Selenium Send Retry - Reason: Retry send failed, possibly invalid number/no WhatsApp - Details: Message: 
Stacktrace:
	GetHandleVerifier [0x00007FF69E31CF25+75717]
	GetHandleVerifier [0x00007FF69E31CF80+75808]
	(No symbol) [0x00007FF69E0E8F9A]
	(No symbol) [0x00007FF69E13F4C6]
	(No symbol) [0x00007FF69E13F77C]
	(No symbol) [0x00007FF69E192577]
	(No symbol) [0x00007FF69E1673BF]
	(No symbol) [0x00007FF69E18F39C]
	(No symbol) [0x00007FF69E167153]
	(No symbol) [0x00007FF69E130421]
	(No symbol) [0x00007FF69E1311B3]
	GetHandleVerifier [0x00007FF69E61D6FD+3223453]
	GetHandleVerifier [0x00007FF69E617CA2+3200322]
	GetHandleVerifier [0x00007FF69E635AD3+3322739]
	GetHandleVerifier [0x00007FF69E3369FA+180890]
	GetHandleVerifier [0x00007FF69E33E0FF+211359]
	GetHandleVerifier [0x00007FF69E325274+109332]
	GetHandleVerifier [0x00007FF69E325422+109762]
	GetHandleVerifier [0x00007FF69E30BA39+4825]
	BaseThreadInitThunk [0x00007FF9FEB17374+20]
	RtlUserThreadStart [0x00007FFA0071CC91+33]

2025-05-28 07:26:43,496 - INFO - Student ID: 69 (Name: تجريب 3) - Message Type: Lateness Alert - Reason: 
2025-05-28 07:35:52,514 - WARNING - Phone: +201142344941 - Message Type: Selenium Send - Reason: Initial send failed, possibly invalid number/no WhatsApp - Details: Message: 
Stacktrace:
	GetHandleVerifier [0x00007FF69E31CF25+75717]
	GetHandleVerifier [0x00007FF69E31CF80+75808]
	(No symbol) [0x00007FF69E0E8F9A]
	(No symbol) [0x00007FF69E13F4C6]
	(No symbol) [0x00007FF69E13F77C]
	(No symbol) [0x00007FF69E192577]
	(No symbol) [0x00007FF69E1673BF]
	(No symbol) [0x00007FF69E18F39C]
	(No symbol) [0x00007FF69E167153]
	(No symbol) [0x00007FF69E130421]
	(No symbol) [0x00007FF69E1311B3]
	GetHandleVerifier [0x00007FF69E61D6FD+3223453]
	GetHandleVerifier [0x00007FF69E617CA2+3200322]
	GetHandleVerifier [0x00007FF69E635AD3+3322739]
	GetHandleVerifier [0x00007FF69E3369FA+180890]
	GetHandleVerifier [0x00007FF69E33E0FF+211359]
	GetHandleVerifier [0x00007FF69E325274+109332]
	GetHandleVerifier [0x00007FF69E325422+109762]
	GetHandleVerifier [0x00007FF69E30BA39+4825]
	BaseThreadInitThunk [0x00007FF9FEB17374+20]
	RtlUserThreadStart [0x00007FFA0071CC91+33]

2025-05-28 07:36:23,628 - ERROR - Phone: +201142344941 - Message Type: Selenium Send Retry - Reason: Retry send failed, possibly invalid number/no WhatsApp - Details: Message: 
Stacktrace:
	GetHandleVerifier [0x00007FF69E31CF25+75717]
	GetHandleVerifier [0x00007FF69E31CF80+75808]
	(No symbol) [0x00007FF69E0E8F9A]
	(No symbol) [0x00007FF69E13F4C6]
	(No symbol) [0x00007FF69E13F77C]
	(No symbol) [0x00007FF69E192577]
	(No symbol) [0x00007FF69E1673BF]
	(No symbol) [0x00007FF69E18F39C]
	(No symbol) [0x00007FF69E167153]
	(No symbol) [0x00007FF69E130421]
	(No symbol) [0x00007FF69E1311B3]
	GetHandleVerifier [0x00007FF69E61D6FD+3223453]
	GetHandleVerifier [0x00007FF69E617CA2+3200322]
	GetHandleVerifier [0x00007FF69E635AD3+3322739]
	GetHandleVerifier [0x00007FF69E3369FA+180890]
	GetHandleVerifier [0x00007FF69E33E0FF+211359]
	GetHandleVerifier [0x00007FF69E325274+109332]
	GetHandleVerifier [0x00007FF69E325422+109762]
	GetHandleVerifier [0x00007FF69E30BA39+4825]
	BaseThreadInitThunk [0x00007FF9FEB17374+20]
	RtlUserThreadStart [0x00007FFA0071CC91+33]

2025-05-28 07:36:23,628 - INFO - Student ID: 69 (Name: تجريب 3) - Message Type: Lateness Alert - Reason: 
2025-05-28 07:36:56,203 - WARNING - Phone: +201142344941 - Message Type: Selenium Send - Reason: Initial send failed, possibly invalid number/no WhatsApp - Details: Message: 
Stacktrace:
	GetHandleVerifier [0x00007FF69E31CF25+75717]
	GetHandleVerifier [0x00007FF69E31CF80+75808]
	(No symbol) [0x00007FF69E0E8F9A]
	(No symbol) [0x00007FF69E13F4C6]
	(No symbol) [0x00007FF69E13F77C]
	(No symbol) [0x00007FF69E192577]
	(No symbol) [0x00007FF69E1673BF]
	(No symbol) [0x00007FF69E18F39C]
	(No symbol) [0x00007FF69E167153]
	(No symbol) [0x00007FF69E130421]
	(No symbol) [0x00007FF69E1311B3]
	GetHandleVerifier [0x00007FF69E61D6FD+3223453]
	GetHandleVerifier [0x00007FF69E617CA2+3200322]
	GetHandleVerifier [0x00007FF69E635AD3+3322739]
	GetHandleVerifier [0x00007FF69E3369FA+180890]
	GetHandleVerifier [0x00007FF69E33E0FF+211359]
	GetHandleVerifier [0x00007FF69E325274+109332]
	GetHandleVerifier [0x00007FF69E325422+109762]
	GetHandleVerifier [0x00007FF69E30BA39+4825]
	BaseThreadInitThunk [0x00007FF9FEB17374+20]
	RtlUserThreadStart [0x00007FFA0071CC91+33]

2025-05-28 07:37:27,666 - ERROR - Phone: +201142344941 - Message Type: Selenium Send Retry - Reason: Retry send failed, possibly invalid number/no WhatsApp - Details: Message: 
Stacktrace:
	GetHandleVerifier [0x00007FF69E31CF25+75717]
	GetHandleVerifier [0x00007FF69E31CF80+75808]
	(No symbol) [0x00007FF69E0E8F9A]
	(No symbol) [0x00007FF69E13F4C6]
	(No symbol) [0x00007FF69E13F77C]
	(No symbol) [0x00007FF69E192577]
	(No symbol) [0x00007FF69E1673BF]
	(No symbol) [0x00007FF69E18F39C]
	(No symbol) [0x00007FF69E167153]
	(No symbol) [0x00007FF69E130421]
	(No symbol) [0x00007FF69E1311B3]
	GetHandleVerifier [0x00007FF69E61D6FD+3223453]
	GetHandleVerifier [0x00007FF69E617CA2+3200322]
	GetHandleVerifier [0x00007FF69E635AD3+3322739]
	GetHandleVerifier [0x00007FF69E3369FA+180890]
	GetHandleVerifier [0x00007FF69E33E0FF+211359]
	GetHandleVerifier [0x00007FF69E325274+109332]
	GetHandleVerifier [0x00007FF69E325422+109762]
	GetHandleVerifier [0x00007FF69E30BA39+4825]
	BaseThreadInitThunk [0x00007FF9FEB17374+20]
	RtlUserThreadStart [0x00007FFA0071CC91+33]

2025-05-28 07:37:27,667 - INFO - Student ID: 69 (Name: تجريب 3) - Message Type: Attendance - Reason: 
2025-05-28 07:48:16,912 - INFO - Student ID: 68 (Name: تجريب 2) - Message Type: Attendance - Reason: 
2025-05-28 07:49:45,165 - WARNING - Phone: +201142344941 - Message Type: Selenium Send - Reason: Initial send failed, possibly invalid number/no WhatsApp - Details: Message: 
Stacktrace:
	GetHandleVerifier [0x00007FF69E31CF25+75717]
	GetHandleVerifier [0x00007FF69E31CF80+75808]
	(No symbol) [0x00007FF69E0E8F9A]
	(No symbol) [0x00007FF69E13F4C6]
	(No symbol) [0x00007FF69E13F77C]
	(No symbol) [0x00007FF69E192577]
	(No symbol) [0x00007FF69E1673BF]
	(No symbol) [0x00007FF69E18F39C]
	(No symbol) [0x00007FF69E167153]
	(No symbol) [0x00007FF69E130421]
	(No symbol) [0x00007FF69E1311B3]
	GetHandleVerifier [0x00007FF69E61D6FD+3223453]
	GetHandleVerifier [0x00007FF69E617CA2+3200322]
	GetHandleVerifier [0x00007FF69E635AD3+3322739]
	GetHandleVerifier [0x00007FF69E3369FA+180890]
	GetHandleVerifier [0x00007FF69E33E0FF+211359]
	GetHandleVerifier [0x00007FF69E325274+109332]
	GetHandleVerifier [0x00007FF69E325422+109762]
	GetHandleVerifier [0x00007FF69E30BA39+4825]
	BaseThreadInitThunk [0x00007FF9FEB17374+20]
	RtlUserThreadStart [0x00007FFA0071CC91+33]

2025-05-28 07:50:16,756 - ERROR - Phone: +201142344941 - Message Type: Selenium Send Retry - Reason: Retry send failed, possibly invalid number/no WhatsApp - Details: Message: 
Stacktrace:
	GetHandleVerifier [0x00007FF69E31CF25+75717]
	GetHandleVerifier [0x00007FF69E31CF80+75808]
	(No symbol) [0x00007FF69E0E8F9A]
	(No symbol) [0x00007FF69E13F4C6]
	(No symbol) [0x00007FF69E13F77C]
	(No symbol) [0x00007FF69E192577]
	(No symbol) [0x00007FF69E1673BF]
	(No symbol) [0x00007FF69E18F39C]
	(No symbol) [0x00007FF69E167153]
	(No symbol) [0x00007FF69E130421]
	(No symbol) [0x00007FF69E1311B3]
	GetHandleVerifier [0x00007FF69E61D6FD+3223453]
	GetHandleVerifier [0x00007FF69E617CA2+3200322]
	GetHandleVerifier [0x00007FF69E635AD3+3322739]
	GetHandleVerifier [0x00007FF69E3369FA+180890]
	GetHandleVerifier [0x00007FF69E33E0FF+211359]
	GetHandleVerifier [0x00007FF69E325274+109332]
	GetHandleVerifier [0x00007FF69E325422+109762]
	GetHandleVerifier [0x00007FF69E30BA39+4825]
	BaseThreadInitThunk [0x00007FF9FEB17374+20]
	RtlUserThreadStart [0x00007FFA0071CC91+33]

2025-05-28 07:50:16,757 - INFO - Student ID: 69 (Name: تجريب 3) - Message Type: Attendance - Reason: 
2025-05-29 19:23:46,650 - WARNING - Phone: +201050831891 - Message Type: Selenium Send - Reason: Initial send failed, possibly invalid number/no WhatsApp - Details: Message: 
Stacktrace:
	GetHandleVerifier [0x00007FF77FC0CF25+75717]
	GetHandleVerifier [0x00007FF77FC0CF80+75808]
	(No symbol) [0x00007FF77F9D8F9A]
	(No symbol) [0x00007FF77FA2F4C6]
	(No symbol) [0x00007FF77FA2F77C]
	(No symbol) [0x00007FF77FA82577]
	(No symbol) [0x00007FF77FA573BF]
	(No symbol) [0x00007FF77FA7F39C]
	(No symbol) [0x00007FF77FA57153]
	(No symbol) [0x00007FF77FA20421]
	(No symbol) [0x00007FF77FA211B3]
	GetHandleVerifier [0x00007FF77FF0D6FD+3223453]
	GetHandleVerifier [0x00007FF77FF07CA2+3200322]
	GetHandleVerifier [0x00007FF77FF25AD3+3322739]
	GetHandleVerifier [0x00007FF77FC269FA+180890]
	GetHandleVerifier [0x00007FF77FC2E0FF+211359]
	GetHandleVerifier [0x00007FF77FC15274+109332]
	GetHandleVerifier [0x00007FF77FC15422+109762]
	GetHandleVerifier [0x00007FF77FBFBA39+4825]
	BaseThreadInitThunk [0x00007FFA74637374+20]
	RtlUserThreadStart [0x00007FFA7477CC91+33]

2025-05-29 19:24:17,898 - ERROR - Phone: +201050831891 - Message Type: Selenium Send Retry - Reason: Retry send failed, possibly invalid number/no WhatsApp - Details: Message: 
Stacktrace:
	GetHandleVerifier [0x00007FF77FC0CF25+75717]
	GetHandleVerifier [0x00007FF77FC0CF80+75808]
	(No symbol) [0x00007FF77F9D8F9A]
	(No symbol) [0x00007FF77FA2F4C6]
	(No symbol) [0x00007FF77FA2F77C]
	(No symbol) [0x00007FF77FA82577]
	(No symbol) [0x00007FF77FA573BF]
	(No symbol) [0x00007FF77FA7F39C]
	(No symbol) [0x00007FF77FA57153]
	(No symbol) [0x00007FF77FA20421]
	(No symbol) [0x00007FF77FA211B3]
	GetHandleVerifier [0x00007FF77FF0D6FD+3223453]
	GetHandleVerifier [0x00007FF77FF07CA2+3200322]
	GetHandleVerifier [0x00007FF77FF25AD3+3322739]
	GetHandleVerifier [0x00007FF77FC269FA+180890]
	GetHandleVerifier [0x00007FF77FC2E0FF+211359]
	GetHandleVerifier [0x00007FF77FC15274+109332]
	GetHandleVerifier [0x00007FF77FC15422+109762]
	GetHandleVerifier [0x00007FF77FBFBA39+4825]
	BaseThreadInitThunk [0x00007FFA74637374+20]
	RtlUserThreadStart [0x00007FFA7477CC91+33]

2025-05-29 19:24:17,899 - INFO - Student ID: 79 (Name: عبدالرحمن محمد) - Message Type: Broadcast Message - Reason: 
2025-05-31 09:23:23,715 - INFO - Student ID: 95 (Name: زهوه سعداوي) - Message Type:  - Reason: 
2025-05-31 09:23:32,054 - INFO - Student ID: 95 (Name: زهوه سعداوي) - Message Type:  - Reason: 
2025-05-31 09:32:43,018 - INFO - Student ID: 94 (Name: وجدان عبدالرحمن قناوي) - Message Type:  - Reason: 
2025-05-31 09:34:31,983 - WARNING - Phone: +201125967696 - Message Type: Selenium Send - Reason: Initial send failed, possibly invalid number/no WhatsApp - Details: 'NoneType' object has no attribute 'is_displayed'
2025-05-31 09:34:32,003 - ERROR - Phone: +201125967696 - Message Type: Selenium Send Retry - Reason: Retry send failed, possibly invalid number/no WhatsApp - Details: Message: no such window: target window already closed
from unknown error: web view not found
  (Session info: chrome=137.0.7151.41)
Stacktrace:
	GetHandleVerifier [0x00007FF6BD94CF25+75717]
	GetHandleVerifier [0x00007FF6BD94CF80+75808]
	(No symbol) [0x00007FF6BD718F9A]
	(No symbol) [0x00007FF6BD6F1B41]
	(No symbol) [0x00007FF6BD79EC2E]
	(No symbol) [0x00007FF6BD7BECC2]
	(No symbol) [0x00007FF6BD797153]
	(No symbol) [0x00007FF6BD760421]
	(No symbol) [0x00007FF6BD7611B3]
	GetHandleVerifier [0x00007FF6BDC4D6FD+3223453]
	GetHandleVerifier [0x00007FF6BDC47CA2+3200322]
	GetHandleVerifier [0x00007FF6BDC65AD3+3322739]
	GetHandleVerifier [0x00007FF6BD9669FA+180890]
	GetHandleVerifier [0x00007FF6BD96E0FF+211359]
	GetHandleVerifier [0x00007FF6BD955274+109332]
	GetHandleVerifier [0x00007FF6BD955422+109762]
	GetHandleVerifier [0x00007FF6BD93BA39+4825]
	BaseThreadInitThunk [0x00007FF88A687374+20]
	RtlUserThreadStart [0x00007FF88B65CC91+33]

2025-05-31 09:34:32,003 - INFO - Student ID: 93 (Name: غزل اشرف سيد) - Message Type:  - Reason: 
2025-05-31 11:44:04,080 - INFO - Student ID: 92 (Name: حفصه وائل) - Message Type: Lateness Alert - Reason: 
2025-05-31 11:44:48,085 - WARNING - Phone: +201114794206 - Message Type: Selenium Send - Reason: Initial send failed, possibly invalid number/no WhatsApp - Details: Message: element click intercepted: Element <button data-tab="11" aria-label="إرسال" class="x1c4vz4f x2lah0s xdl72j9 xfect85 x1iy03kw x1lfpgzf">...</button> is not clickable at point (37, 558). Other element would receive the click: <div class="x9f619 x78zum5 xdt5ytf x6s0dn4 xl56j7k xh8yej3 xpb48g7 x1jn0hjm x1us19tq" aria-label="ستبدأ الدردشة" role="dialog">...</div>
  (Session info: chrome=137.0.7151.41)
Stacktrace:
	GetHandleVerifier [0x00007FF7EDB6CF25+75717]
	GetHandleVerifier [0x00007FF7EDB6CF80+75808]
	(No symbol) [0x00007FF7ED938F9A]
	(No symbol) [0x00007FF7ED997439]
	(No symbol) [0x00007FF7ED994DF2]
	(No symbol) [0x00007FF7ED991EA1]
	(No symbol) [0x00007FF7ED990DA1]
	(No symbol) [0x00007FF7ED982394]
	(No symbol) [0x00007FF7ED9B737A]
	(No symbol) [0x00007FF7ED981C46]
	(No symbol) [0x00007FF7ED9B7590]
	(No symbol) [0x00007FF7ED9DF39C]
	(No symbol) [0x00007FF7ED9B7153]
	(No symbol) [0x00007FF7ED980421]
	(No symbol) [0x00007FF7ED9811B3]
	GetHandleVerifier [0x00007FF7EDE6D6FD+3223453]
	GetHandleVerifier [0x00007FF7EDE67CA2+3200322]
	GetHandleVerifier [0x00007FF7EDE85AD3+3322739]
	GetHandleVerifier [0x00007FF7EDB869FA+180890]
	GetHandleVerifier [0x00007FF7EDB8E0FF+211359]
	GetHandleVerifier [0x00007FF7EDB75274+109332]
	GetHandleVerifier [0x00007FF7EDB75422+109762]
	GetHandleVerifier [0x00007FF7EDB5BA39+4825]
	BaseThreadInitThunk [0x00007FF88A687374+20]
	RtlUserThreadStart [0x00007FF88B65CC91+33]

2025-06-11 18:27:08,759 - WARNING - Phone: +201120702595 - Message Type: Selenium Send - Reason: Initial send failed, possibly invalid number/no WhatsApp - Details: Message: 
Stacktrace:
	GetHandleVerifier [0x00007FF68992CF25+75717]
	GetHandleVerifier [0x00007FF68992CF80+75808]
	(No symbol) [0x00007FF6896F8F9A]
	(No symbol) [0x00007FF68974F4C6]
	(No symbol) [0x00007FF68974F77C]
	(No symbol) [0x00007FF6897A2577]
	(No symbol) [0x00007FF6897773BF]
	(No symbol) [0x00007FF68979F39C]
	(No symbol) [0x00007FF689777153]
	(No symbol) [0x00007FF689740421]
	(No symbol) [0x00007FF6897411B3]
	GetHandleVerifier [0x00007FF689C2D6FD+3223453]
	GetHandleVerifier [0x00007FF689C27CA2+3200322]
	GetHandleVerifier [0x00007FF689C45AD3+3322739]
	GetHandleVerifier [0x00007FF6899469FA+180890]
	GetHandleVerifier [0x00007FF68994E0FF+211359]
	GetHandleVerifier [0x00007FF689935274+109332]
	GetHandleVerifier [0x00007FF689935422+109762]
	GetHandleVerifier [0x00007FF68991BA39+4825]
	BaseThreadInitThunk [0x00007FFDE0AE7374+20]
	RtlUserThreadStart [0x00007FFDE0E5CC91+33]

2025-06-11 18:27:40,200 - ERROR - Phone: +201120702595 - Message Type: Selenium Send Retry - Reason: Retry send failed, possibly invalid number/no WhatsApp - Details: Message: 
Stacktrace:
	GetHandleVerifier [0x00007FF68992CF25+75717]
	GetHandleVerifier [0x00007FF68992CF80+75808]
	(No symbol) [0x00007FF6896F8F9A]
	(No symbol) [0x00007FF68974F4C6]
	(No symbol) [0x00007FF68974F77C]
	(No symbol) [0x00007FF6897A2577]
	(No symbol) [0x00007FF6897773BF]
	(No symbol) [0x00007FF68979F39C]
	(No symbol) [0x00007FF689777153]
	(No symbol) [0x00007FF689740421]
	(No symbol) [0x00007FF6897411B3]
	GetHandleVerifier [0x00007FF689C2D6FD+3223453]
	GetHandleVerifier [0x00007FF689C27CA2+3200322]
	GetHandleVerifier [0x00007FF689C45AD3+3322739]
	GetHandleVerifier [0x00007FF6899469FA+180890]
	GetHandleVerifier [0x00007FF68994E0FF+211359]
	GetHandleVerifier [0x00007FF689935274+109332]
	GetHandleVerifier [0x00007FF689935422+109762]
	GetHandleVerifier [0x00007FF68991BA39+4825]
	BaseThreadInitThunk [0x00007FFDE0AE7374+20]
	RtlUserThreadStart [0x00007FFDE0E5CC91+33]

2025-06-11 18:27:40,200 - INFO - Student ID: 14 (Name: محمد حمدي عاشور) - Message Type: Broadcast Message - Reason: 
2025-06-11 18:28:24,045 - WARNING - Phone: +20112883052 - Message Type: Selenium Send - Reason: Initial send failed, possibly invalid number/no WhatsApp - Details: Message: 
Stacktrace:
	GetHandleVerifier [0x00007FF68992CF25+75717]
	GetHandleVerifier [0x00007FF68992CF80+75808]
	(No symbol) [0x00007FF6896F8F9A]
	(No symbol) [0x00007FF68974F4C6]
	(No symbol) [0x00007FF68974F77C]
	(No symbol) [0x00007FF6897A2577]
	(No symbol) [0x00007FF6897773BF]
	(No symbol) [0x00007FF68979F39C]
	(No symbol) [0x00007FF689777153]
	(No symbol) [0x00007FF689740421]
	(No symbol) [0x00007FF6897411B3]
	GetHandleVerifier [0x00007FF689C2D6FD+3223453]
	GetHandleVerifier [0x00007FF689C27CA2+3200322]
	GetHandleVerifier [0x00007FF689C45AD3+3322739]
	GetHandleVerifier [0x00007FF6899469FA+180890]
	GetHandleVerifier [0x00007FF68994E0FF+211359]
	GetHandleVerifier [0x00007FF689935274+109332]
	GetHandleVerifier [0x00007FF689935422+109762]
	GetHandleVerifier [0x00007FF68991BA39+4825]
	BaseThreadInitThunk [0x00007FFDE0AE7374+20]
	RtlUserThreadStart [0x00007FFDE0E5CC91+33]

2025-06-11 18:28:55,093 - ERROR - Phone: +20112883052 - Message Type: Selenium Send Retry - Reason: Retry send failed, possibly invalid number/no WhatsApp - Details: Message: 
Stacktrace:
	GetHandleVerifier [0x00007FF68992CF25+75717]
	GetHandleVerifier [0x00007FF68992CF80+75808]
	(No symbol) [0x00007FF6896F8F9A]
	(No symbol) [0x00007FF68974F4C6]
	(No symbol) [0x00007FF68974F77C]
	(No symbol) [0x00007FF6897A2577]
	(No symbol) [0x00007FF6897773BF]
	(No symbol) [0x00007FF68979F39C]
	(No symbol) [0x00007FF689777153]
	(No symbol) [0x00007FF689740421]
	(No symbol) [0x00007FF6897411B3]
	GetHandleVerifier [0x00007FF689C2D6FD+3223453]
	GetHandleVerifier [0x00007FF689C27CA2+3200322]
	GetHandleVerifier [0x00007FF689C45AD3+3322739]
	GetHandleVerifier [0x00007FF6899469FA+180890]
	GetHandleVerifier [0x00007FF68994E0FF+211359]
	GetHandleVerifier [0x00007FF689935274+109332]
	GetHandleVerifier [0x00007FF689935422+109762]
	GetHandleVerifier [0x00007FF68991BA39+4825]
	BaseThreadInitThunk [0x00007FFDE0AE7374+20]
	RtlUserThreadStart [0x00007FFDE0E5CC91+33]

2025-06-11 18:28:55,093 - INFO - Student ID: 16 (Name: احمد علي ادرييس) - Message Type: Broadcast Message - Reason: 
2025-06-11 18:29:28,208 - WARNING - Phone: +201150705744 - Message Type: Selenium Send - Reason: Initial send failed, possibly invalid number/no WhatsApp - Details: Message: 
Stacktrace:
	GetHandleVerifier [0x00007FF68992CF25+75717]
	GetHandleVerifier [0x00007FF68992CF80+75808]
	(No symbol) [0x00007FF6896F8F9A]
	(No symbol) [0x00007FF68974F4C6]
	(No symbol) [0x00007FF68974F77C]
	(No symbol) [0x00007FF6897A2577]
	(No symbol) [0x00007FF6897773BF]
	(No symbol) [0x00007FF68979F39C]
	(No symbol) [0x00007FF689777153]
	(No symbol) [0x00007FF689740421]
	(No symbol) [0x00007FF6897411B3]
	GetHandleVerifier [0x00007FF689C2D6FD+3223453]
	GetHandleVerifier [0x00007FF689C27CA2+3200322]
	GetHandleVerifier [0x00007FF689C45AD3+3322739]
	GetHandleVerifier [0x00007FF6899469FA+180890]
	GetHandleVerifier [0x00007FF68994E0FF+211359]
	GetHandleVerifier [0x00007FF689935274+109332]
	GetHandleVerifier [0x00007FF689935422+109762]
	GetHandleVerifier [0x00007FF68991BA39+4825]
	BaseThreadInitThunk [0x00007FFDE0AE7374+20]
	RtlUserThreadStart [0x00007FFDE0E5CC91+33]

2025-06-11 18:29:59,579 - ERROR - Phone: +201150705744 - Message Type: Selenium Send Retry - Reason: Retry send failed, possibly invalid number/no WhatsApp - Details: Message: 
Stacktrace:
	GetHandleVerifier [0x00007FF68992CF25+75717]
	GetHandleVerifier [0x00007FF68992CF80+75808]
	(No symbol) [0x00007FF6896F8F9A]
	(No symbol) [0x00007FF68974F4C6]
	(No symbol) [0x00007FF68974F77C]
	(No symbol) [0x00007FF6897A2577]
	(No symbol) [0x00007FF6897773BF]
	(No symbol) [0x00007FF68979F39C]
	(No symbol) [0x00007FF689777153]
	(No symbol) [0x00007FF689740421]
	(No symbol) [0x00007FF6897411B3]
	GetHandleVerifier [0x00007FF689C2D6FD+3223453]
	GetHandleVerifier [0x00007FF689C27CA2+3200322]
	GetHandleVerifier [0x00007FF689C45AD3+3322739]
	GetHandleVerifier [0x00007FF6899469FA+180890]
	GetHandleVerifier [0x00007FF68994E0FF+211359]
	GetHandleVerifier [0x00007FF689935274+109332]
	GetHandleVerifier [0x00007FF689935422+109762]
	GetHandleVerifier [0x00007FF68991BA39+4825]
	BaseThreadInitThunk [0x00007FFDE0AE7374+20]
	RtlUserThreadStart [0x00007FFDE0E5CC91+33]

2025-06-11 18:29:59,580 - INFO - Student ID: 17 (Name: الما طه صالح) - Message Type: Broadcast Message - Reason: 
2025-06-11 18:30:32,042 - WARNING - Phone: +201151049866 - Message Type: Selenium Send - Reason: Initial send failed, possibly invalid number/no WhatsApp - Details: Message: 
Stacktrace:
	GetHandleVerifier [0x00007FF68992CF25+75717]
	GetHandleVerifier [0x00007FF68992CF80+75808]
	(No symbol) [0x00007FF6896F8F9A]
	(No symbol) [0x00007FF68974F4C6]
	(No symbol) [0x00007FF68974F77C]
	(No symbol) [0x00007FF6897A2577]
	(No symbol) [0x00007FF6897773BF]
	(No symbol) [0x00007FF68979F39C]
	(No symbol) [0x00007FF689777153]
	(No symbol) [0x00007FF689740421]
	(No symbol) [0x00007FF6897411B3]
	GetHandleVerifier [0x00007FF689C2D6FD+3223453]
	GetHandleVerifier [0x00007FF689C27CA2+3200322]
	GetHandleVerifier [0x00007FF689C45AD3+3322739]
	GetHandleVerifier [0x00007FF6899469FA+180890]
	GetHandleVerifier [0x00007FF68994E0FF+211359]
	GetHandleVerifier [0x00007FF689935274+109332]
	GetHandleVerifier [0x00007FF689935422+109762]
	GetHandleVerifier [0x00007FF68991BA39+4825]
	BaseThreadInitThunk [0x00007FFDE0AE7374+20]
	RtlUserThreadStart [0x00007FFDE0E5CC91+33]

2025-06-11 18:31:03,626 - ERROR - Phone: +201151049866 - Message Type: Selenium Send Retry - Reason: Retry send failed, possibly invalid number/no WhatsApp - Details: Message: 
Stacktrace:
	GetHandleVerifier [0x00007FF68992CF25+75717]
	GetHandleVerifier [0x00007FF68992CF80+75808]
	(No symbol) [0x00007FF6896F8F9A]
	(No symbol) [0x00007FF68974F4C6]
	(No symbol) [0x00007FF68974F77C]
	(No symbol) [0x00007FF6897A2577]
	(No symbol) [0x00007FF6897773BF]
	(No symbol) [0x00007FF68979F39C]
	(No symbol) [0x00007FF689777153]
	(No symbol) [0x00007FF689740421]
	(No symbol) [0x00007FF6897411B3]
	GetHandleVerifier [0x00007FF689C2D6FD+3223453]
	GetHandleVerifier [0x00007FF689C27CA2+3200322]
	GetHandleVerifier [0x00007FF689C45AD3+3322739]
	GetHandleVerifier [0x00007FF6899469FA+180890]
	GetHandleVerifier [0x00007FF68994E0FF+211359]
	GetHandleVerifier [0x00007FF689935274+109332]
	GetHandleVerifier [0x00007FF689935422+109762]
	GetHandleVerifier [0x00007FF68991BA39+4825]
	BaseThreadInitThunk [0x00007FFDE0AE7374+20]
	RtlUserThreadStart [0x00007FFDE0E5CC91+33]

2025-06-11 18:31:03,626 - INFO - Student ID: 18 (Name: محمد خالد محمد) - Message Type: Broadcast Message - Reason: 
2025-06-11 18:31:36,107 - WARNING - Phone: +201103936698 - Message Type: Selenium Send - Reason: Initial send failed, possibly invalid number/no WhatsApp - Details: Message: 
Stacktrace:
	GetHandleVerifier [0x00007FF68992CF25+75717]
	GetHandleVerifier [0x00007FF68992CF80+75808]
	(No symbol) [0x00007FF6896F8F9A]
	(No symbol) [0x00007FF68974F4C6]
	(No symbol) [0x00007FF68974F77C]
	(No symbol) [0x00007FF6897A2577]
	(No symbol) [0x00007FF6897773BF]
	(No symbol) [0x00007FF68979F39C]
	(No symbol) [0x00007FF689777153]
	(No symbol) [0x00007FF689740421]
	(No symbol) [0x00007FF6897411B3]
	GetHandleVerifier [0x00007FF689C2D6FD+3223453]
	GetHandleVerifier [0x00007FF689C27CA2+3200322]
	GetHandleVerifier [0x00007FF689C45AD3+3322739]
	GetHandleVerifier [0x00007FF6899469FA+180890]
	GetHandleVerifier [0x00007FF68994E0FF+211359]
	GetHandleVerifier [0x00007FF689935274+109332]
	GetHandleVerifier [0x00007FF689935422+109762]
	GetHandleVerifier [0x00007FF68991BA39+4825]
	BaseThreadInitThunk [0x00007FFDE0AE7374+20]
	RtlUserThreadStart [0x00007FFDE0E5CC91+33]

2025-06-11 18:32:07,629 - ERROR - Phone: +201103936698 - Message Type: Selenium Send Retry - Reason: Retry send failed, possibly invalid number/no WhatsApp - Details: Message: 
Stacktrace:
	GetHandleVerifier [0x00007FF68992CF25+75717]
	GetHandleVerifier [0x00007FF68992CF80+75808]
	(No symbol) [0x00007FF6896F8F9A]
	(No symbol) [0x00007FF68974F4C6]
	(No symbol) [0x00007FF68974F77C]
	(No symbol) [0x00007FF6897A2577]
	(No symbol) [0x00007FF6897773BF]
	(No symbol) [0x00007FF68979F39C]
	(No symbol) [0x00007FF689777153]
	(No symbol) [0x00007FF689740421]
	(No symbol) [0x00007FF6897411B3]
	GetHandleVerifier [0x00007FF689C2D6FD+3223453]
	GetHandleVerifier [0x00007FF689C27CA2+3200322]
	GetHandleVerifier [0x00007FF689C45AD3+3322739]
	GetHandleVerifier [0x00007FF6899469FA+180890]
	GetHandleVerifier [0x00007FF68994E0FF+211359]
	GetHandleVerifier [0x00007FF689935274+109332]
	GetHandleVerifier [0x00007FF689935422+109762]
	GetHandleVerifier [0x00007FF68991BA39+4825]
	BaseThreadInitThunk [0x00007FFDE0AE7374+20]
	RtlUserThreadStart [0x00007FFDE0E5CC91+33]

2025-06-11 18:32:07,629 - INFO - Student ID: 19 (Name: محمود احمد) - Message Type: Broadcast Message - Reason: 
2025-06-11 18:32:40,168 - WARNING - Phone: +201120799288 - Message Type: Selenium Send - Reason: Initial send failed, possibly invalid number/no WhatsApp - Details: Message: 
Stacktrace:
	GetHandleVerifier [0x00007FF68992CF25+75717]
	GetHandleVerifier [0x00007FF68992CF80+75808]
	(No symbol) [0x00007FF6896F8F9A]
	(No symbol) [0x00007FF68974F4C6]
	(No symbol) [0x00007FF68974F77C]
	(No symbol) [0x00007FF6897A2577]
	(No symbol) [0x00007FF6897773BF]
	(No symbol) [0x00007FF68979F39C]
	(No symbol) [0x00007FF689777153]
	(No symbol) [0x00007FF689740421]
	(No symbol) [0x00007FF6897411B3]
	GetHandleVerifier [0x00007FF689C2D6FD+3223453]
	GetHandleVerifier [0x00007FF689C27CA2+3200322]
	GetHandleVerifier [0x00007FF689C45AD3+3322739]
	GetHandleVerifier [0x00007FF6899469FA+180890]
	GetHandleVerifier [0x00007FF68994E0FF+211359]
	GetHandleVerifier [0x00007FF689935274+109332]
	GetHandleVerifier [0x00007FF689935422+109762]
	GetHandleVerifier [0x00007FF68991BA39+4825]
	BaseThreadInitThunk [0x00007FFDE0AE7374+20]
	RtlUserThreadStart [0x00007FFDE0E5CC91+33]

2025-06-11 18:33:11,852 - ERROR - Phone: +201120799288 - Message Type: Selenium Send Retry - Reason: Retry send failed, possibly invalid number/no WhatsApp - Details: Message: 
Stacktrace:
	GetHandleVerifier [0x00007FF68992CF25+75717]
	GetHandleVerifier [0x00007FF68992CF80+75808]
	(No symbol) [0x00007FF6896F8F9A]
	(No symbol) [0x00007FF68974F4C6]
	(No symbol) [0x00007FF68974F77C]
	(No symbol) [0x00007FF6897A2577]
	(No symbol) [0x00007FF6897773BF]
	(No symbol) [0x00007FF68979F39C]
	(No symbol) [0x00007FF689777153]
	(No symbol) [0x00007FF689740421]
	(No symbol) [0x00007FF6897411B3]
	GetHandleVerifier [0x00007FF689C2D6FD+3223453]
	GetHandleVerifier [0x00007FF689C27CA2+3200322]
	GetHandleVerifier [0x00007FF689C45AD3+3322739]
	GetHandleVerifier [0x00007FF6899469FA+180890]
	GetHandleVerifier [0x00007FF68994E0FF+211359]
	GetHandleVerifier [0x00007FF689935274+109332]
	GetHandleVerifier [0x00007FF689935422+109762]
	GetHandleVerifier [0x00007FF68991BA39+4825]
	BaseThreadInitThunk [0x00007FFDE0AE7374+20]
	RtlUserThreadStart [0x00007FFDE0E5CC91+33]

2025-06-11 18:33:11,853 - INFO - Student ID: 20 (Name: يوسف ابو الريش) - Message Type: Broadcast Message - Reason: 
2025-06-11 18:33:44,405 - WARNING - Phone: +201120702595 - Message Type: Selenium Send - Reason: Initial send failed, possibly invalid number/no WhatsApp - Details: Message: 
Stacktrace:
	GetHandleVerifier [0x00007FF68992CF25+75717]
	GetHandleVerifier [0x00007FF68992CF80+75808]
	(No symbol) [0x00007FF6896F8F9A]
	(No symbol) [0x00007FF68974F4C6]
	(No symbol) [0x00007FF68974F77C]
	(No symbol) [0x00007FF6897A2577]
	(No symbol) [0x00007FF6897773BF]
	(No symbol) [0x00007FF68979F39C]
	(No symbol) [0x00007FF689777153]
	(No symbol) [0x00007FF689740421]
	(No symbol) [0x00007FF6897411B3]
	GetHandleVerifier [0x00007FF689C2D6FD+3223453]
	GetHandleVerifier [0x00007FF689C27CA2+3200322]
	GetHandleVerifier [0x00007FF689C45AD3+3322739]
	GetHandleVerifier [0x00007FF6899469FA+180890]
	GetHandleVerifier [0x00007FF68994E0FF+211359]
	GetHandleVerifier [0x00007FF689935274+109332]
	GetHandleVerifier [0x00007FF689935422+109762]
	GetHandleVerifier [0x00007FF68991BA39+4825]
	BaseThreadInitThunk [0x00007FFDE0AE7374+20]
	RtlUserThreadStart [0x00007FFDE0E5CC91+33]

2025-06-11 18:34:15,926 - ERROR - Phone: +201120702595 - Message Type: Selenium Send Retry - Reason: Retry send failed, possibly invalid number/no WhatsApp - Details: Message: 
Stacktrace:
	GetHandleVerifier [0x00007FF68992CF25+75717]
	GetHandleVerifier [0x00007FF68992CF80+75808]
	(No symbol) [0x00007FF6896F8F9A]
	(No symbol) [0x00007FF68974F4C6]
	(No symbol) [0x00007FF68974F77C]
	(No symbol) [0x00007FF6897A2577]
	(No symbol) [0x00007FF6897773BF]
	(No symbol) [0x00007FF68979F39C]
	(No symbol) [0x00007FF689777153]
	(No symbol) [0x00007FF689740421]
	(No symbol) [0x00007FF6897411B3]
	GetHandleVerifier [0x00007FF689C2D6FD+3223453]
	GetHandleVerifier [0x00007FF689C27CA2+3200322]
	GetHandleVerifier [0x00007FF689C45AD3+3322739]
	GetHandleVerifier [0x00007FF6899469FA+180890]
	GetHandleVerifier [0x00007FF68994E0FF+211359]
	GetHandleVerifier [0x00007FF689935274+109332]
	GetHandleVerifier [0x00007FF689935422+109762]
	GetHandleVerifier [0x00007FF68991BA39+4825]
	BaseThreadInitThunk [0x00007FFDE0AE7374+20]
	RtlUserThreadStart [0x00007FFDE0E5CC91+33]

2025-06-11 18:34:15,927 - INFO - Student ID: 21 (Name: مصطفى حمدي عاشور) - Message Type: Broadcast Message - Reason: 
2025-06-11 18:34:48,306 - WARNING - Phone: +201141913650 - Message Type: Selenium Send - Reason: Initial send failed, possibly invalid number/no WhatsApp - Details: Message: 
Stacktrace:
	GetHandleVerifier [0x00007FF68992CF25+75717]
	GetHandleVerifier [0x00007FF68992CF80+75808]
	(No symbol) [0x00007FF6896F8F9A]
	(No symbol) [0x00007FF68974F4C6]
	(No symbol) [0x00007FF68974F77C]
	(No symbol) [0x00007FF6897A2577]
	(No symbol) [0x00007FF6897773BF]
	(No symbol) [0x00007FF68979F39C]
	(No symbol) [0x00007FF689777153]
	(No symbol) [0x00007FF689740421]
	(No symbol) [0x00007FF6897411B3]
	GetHandleVerifier [0x00007FF689C2D6FD+3223453]
	GetHandleVerifier [0x00007FF689C27CA2+3200322]
	GetHandleVerifier [0x00007FF689C45AD3+3322739]
	GetHandleVerifier [0x00007FF6899469FA+180890]
	GetHandleVerifier [0x00007FF68994E0FF+211359]
	GetHandleVerifier [0x00007FF689935274+109332]
	GetHandleVerifier [0x00007FF689935422+109762]
	GetHandleVerifier [0x00007FF68991BA39+4825]
	BaseThreadInitThunk [0x00007FFDE0AE7374+20]
	RtlUserThreadStart [0x00007FFDE0E5CC91+33]

2025-06-11 18:35:19,985 - ERROR - Phone: +201141913650 - Message Type: Selenium Send Retry - Reason: Retry send failed, possibly invalid number/no WhatsApp - Details: Message: 
Stacktrace:
	GetHandleVerifier [0x00007FF68992CF25+75717]
	GetHandleVerifier [0x00007FF68992CF80+75808]
	(No symbol) [0x00007FF6896F8F9A]
	(No symbol) [0x00007FF68974F4C6]
	(No symbol) [0x00007FF68974F77C]
	(No symbol) [0x00007FF6897A2577]
	(No symbol) [0x00007FF6897773BF]
	(No symbol) [0x00007FF68979F39C]
	(No symbol) [0x00007FF689777153]
	(No symbol) [0x00007FF689740421]
	(No symbol) [0x00007FF6897411B3]
	GetHandleVerifier [0x00007FF689C2D6FD+3223453]
	GetHandleVerifier [0x00007FF689C27CA2+3200322]
	GetHandleVerifier [0x00007FF689C45AD3+3322739]
	GetHandleVerifier [0x00007FF6899469FA+180890]
	GetHandleVerifier [0x00007FF68994E0FF+211359]
	GetHandleVerifier [0x00007FF689935274+109332]
	GetHandleVerifier [0x00007FF689935422+109762]
	GetHandleVerifier [0x00007FF68991BA39+4825]
	BaseThreadInitThunk [0x00007FFDE0AE7374+20]
	RtlUserThreadStart [0x00007FFDE0E5CC91+33]

2025-06-11 18:35:19,985 - INFO - Student ID: 22 (Name: اسماء محمد احمد) - Message Type: Broadcast Message - Reason: 
2025-06-11 18:35:52,399 - WARNING - Phone: +201097152101 - Message Type: Selenium Send - Reason: Initial send failed, possibly invalid number/no WhatsApp - Details: Message: 
Stacktrace:
	GetHandleVerifier [0x00007FF68992CF25+75717]
	GetHandleVerifier [0x00007FF68992CF80+75808]
	(No symbol) [0x00007FF6896F8F9A]
	(No symbol) [0x00007FF68974F4C6]
	(No symbol) [0x00007FF68974F77C]
	(No symbol) [0x00007FF6897A2577]
	(No symbol) [0x00007FF6897773BF]
	(No symbol) [0x00007FF68979F39C]
	(No symbol) [0x00007FF689777153]
	(No symbol) [0x00007FF689740421]
	(No symbol) [0x00007FF6897411B3]
	GetHandleVerifier [0x00007FF689C2D6FD+3223453]
	GetHandleVerifier [0x00007FF689C27CA2+3200322]
	GetHandleVerifier [0x00007FF689C45AD3+3322739]
	GetHandleVerifier [0x00007FF6899469FA+180890]
	GetHandleVerifier [0x00007FF68994E0FF+211359]
	GetHandleVerifier [0x00007FF689935274+109332]
	GetHandleVerifier [0x00007FF689935422+109762]
	GetHandleVerifier [0x00007FF68991BA39+4825]
	BaseThreadInitThunk [0x00007FFDE0AE7374+20]
	RtlUserThreadStart [0x00007FFDE0E5CC91+33]

2025-06-11 18:36:23,628 - ERROR - Phone: +201097152101 - Message Type: Selenium Send Retry - Reason: Retry send failed, possibly invalid number/no WhatsApp - Details: Message: 
Stacktrace:
	GetHandleVerifier [0x00007FF68992CF25+75717]
	GetHandleVerifier [0x00007FF68992CF80+75808]
	(No symbol) [0x00007FF6896F8F9A]
	(No symbol) [0x00007FF68974F4C6]
	(No symbol) [0x00007FF68974F77C]
	(No symbol) [0x00007FF6897A2577]
	(No symbol) [0x00007FF6897773BF]
	(No symbol) [0x00007FF68979F39C]
	(No symbol) [0x00007FF689777153]
	(No symbol) [0x00007FF689740421]
	(No symbol) [0x00007FF6897411B3]
	GetHandleVerifier [0x00007FF689C2D6FD+3223453]
	GetHandleVerifier [0x00007FF689C27CA2+3200322]
	GetHandleVerifier [0x00007FF689C45AD3+3322739]
	GetHandleVerifier [0x00007FF6899469FA+180890]
	GetHandleVerifier [0x00007FF68994E0FF+211359]
	GetHandleVerifier [0x00007FF689935274+109332]
	GetHandleVerifier [0x00007FF689935422+109762]
	GetHandleVerifier [0x00007FF68991BA39+4825]
	BaseThreadInitThunk [0x00007FFDE0AE7374+20]
	RtlUserThreadStart [0x00007FFDE0E5CC91+33]

2025-06-11 18:36:23,629 - INFO - Student ID: 23 (Name: جنات خلف) - Message Type: Broadcast Message - Reason: 
2025-06-11 18:36:56,006 - WARNING - Phone: +201116938236 - Message Type: Selenium Send - Reason: Initial send failed, possibly invalid number/no WhatsApp - Details: Message: 
Stacktrace:
	GetHandleVerifier [0x00007FF68992CF25+75717]
	GetHandleVerifier [0x00007FF68992CF80+75808]
	(No symbol) [0x00007FF6896F8F9A]
	(No symbol) [0x00007FF68974F4C6]
	(No symbol) [0x00007FF68974F77C]
	(No symbol) [0x00007FF6897A2577]
	(No symbol) [0x00007FF6897773BF]
	(No symbol) [0x00007FF68979F39C]
	(No symbol) [0x00007FF689777153]
	(No symbol) [0x00007FF689740421]
	(No symbol) [0x00007FF6897411B3]
	GetHandleVerifier [0x00007FF689C2D6FD+3223453]
	GetHandleVerifier [0x00007FF689C27CA2+3200322]
	GetHandleVerifier [0x00007FF689C45AD3+3322739]
	GetHandleVerifier [0x00007FF6899469FA+180890]
	GetHandleVerifier [0x00007FF68994E0FF+211359]
	GetHandleVerifier [0x00007FF689935274+109332]
	GetHandleVerifier [0x00007FF689935422+109762]
	GetHandleVerifier [0x00007FF68991BA39+4825]
	BaseThreadInitThunk [0x00007FFDE0AE7374+20]
	RtlUserThreadStart [0x00007FFDE0E5CC91+33]

2025-06-11 18:37:27,221 - ERROR - Phone: +201116938236 - Message Type: Selenium Send Retry - Reason: Retry send failed, possibly invalid number/no WhatsApp - Details: Message: 
Stacktrace:
	GetHandleVerifier [0x00007FF68992CF25+75717]
	GetHandleVerifier [0x00007FF68992CF80+75808]
	(No symbol) [0x00007FF6896F8F9A]
	(No symbol) [0x00007FF68974F4C6]
	(No symbol) [0x00007FF68974F77C]
	(No symbol) [0x00007FF6897A2577]
	(No symbol) [0x00007FF6897773BF]
	(No symbol) [0x00007FF68979F39C]
	(No symbol) [0x00007FF689777153]
	(No symbol) [0x00007FF689740421]
	(No symbol) [0x00007FF6897411B3]
	GetHandleVerifier [0x00007FF689C2D6FD+3223453]
	GetHandleVerifier [0x00007FF689C27CA2+3200322]
	GetHandleVerifier [0x00007FF689C45AD3+3322739]
	GetHandleVerifier [0x00007FF6899469FA+180890]
	GetHandleVerifier [0x00007FF68994E0FF+211359]
	GetHandleVerifier [0x00007FF689935274+109332]
	GetHandleVerifier [0x00007FF689935422+109762]
	GetHandleVerifier [0x00007FF68991BA39+4825]
	BaseThreadInitThunk [0x00007FFDE0AE7374+20]
	RtlUserThreadStart [0x00007FFDE0E5CC91+33]

2025-06-11 18:37:27,221 - INFO - Student ID: 24 (Name: علياء تامر) - Message Type: Broadcast Message - Reason: 
2025-06-11 18:37:59,863 - WARNING - Phone: +201116938236 - Message Type: Selenium Send - Reason: Initial send failed, possibly invalid number/no WhatsApp - Details: Message: 
Stacktrace:
	GetHandleVerifier [0x00007FF68992CF25+75717]
	GetHandleVerifier [0x00007FF68992CF80+75808]
	(No symbol) [0x00007FF6896F8F9A]
	(No symbol) [0x00007FF68974F4C6]
	(No symbol) [0x00007FF68974F77C]
	(No symbol) [0x00007FF6897A2577]
	(No symbol) [0x00007FF6897773BF]
	(No symbol) [0x00007FF68979F39C]
	(No symbol) [0x00007FF689777153]
	(No symbol) [0x00007FF689740421]
	(No symbol) [0x00007FF6897411B3]
	GetHandleVerifier [0x00007FF689C2D6FD+3223453]
	GetHandleVerifier [0x00007FF689C27CA2+3200322]
	GetHandleVerifier [0x00007FF689C45AD3+3322739]
	GetHandleVerifier [0x00007FF6899469FA+180890]
	GetHandleVerifier [0x00007FF68994E0FF+211359]
	GetHandleVerifier [0x00007FF689935274+109332]
	GetHandleVerifier [0x00007FF689935422+109762]
	GetHandleVerifier [0x00007FF68991BA39+4825]
	BaseThreadInitThunk [0x00007FFDE0AE7374+20]
	RtlUserThreadStart [0x00007FFDE0E5CC91+33]

2025-06-11 18:38:31,565 - ERROR - Phone: +201116938236 - Message Type: Selenium Send Retry - Reason: Retry send failed, possibly invalid number/no WhatsApp - Details: Message: 
Stacktrace:
	GetHandleVerifier [0x00007FF68992CF25+75717]
	GetHandleVerifier [0x00007FF68992CF80+75808]
	(No symbol) [0x00007FF6896F8F9A]
	(No symbol) [0x00007FF68974F4C6]
	(No symbol) [0x00007FF68974F77C]
	(No symbol) [0x00007FF6897A2577]
	(No symbol) [0x00007FF6897773BF]
	(No symbol) [0x00007FF68979F39C]
	(No symbol) [0x00007FF689777153]
	(No symbol) [0x00007FF689740421]
	(No symbol) [0x00007FF6897411B3]
	GetHandleVerifier [0x00007FF689C2D6FD+3223453]
	GetHandleVerifier [0x00007FF689C27CA2+3200322]
	GetHandleVerifier [0x00007FF689C45AD3+3322739]
	GetHandleVerifier [0x00007FF6899469FA+180890]
	GetHandleVerifier [0x00007FF68994E0FF+211359]
	GetHandleVerifier [0x00007FF689935274+109332]
	GetHandleVerifier [0x00007FF689935422+109762]
	GetHandleVerifier [0x00007FF68991BA39+4825]
	BaseThreadInitThunk [0x00007FFDE0AE7374+20]
	RtlUserThreadStart [0x00007FFDE0E5CC91+33]

2025-06-11 18:38:31,565 - INFO - Student ID: 25 (Name: علي تامر) - Message Type: Broadcast Message - Reason: 
2025-06-11 18:39:04,234 - WARNING - Phone: +201143889563 - Message Type: Selenium Send - Reason: Initial send failed, possibly invalid number/no WhatsApp - Details: Message: 
Stacktrace:
	GetHandleVerifier [0x00007FF68992CF25+75717]
	GetHandleVerifier [0x00007FF68992CF80+75808]
	(No symbol) [0x00007FF6896F8F9A]
	(No symbol) [0x00007FF68974F4C6]
	(No symbol) [0x00007FF68974F77C]
	(No symbol) [0x00007FF6897A2577]
	(No symbol) [0x00007FF6897773BF]
	(No symbol) [0x00007FF68979F39C]
	(No symbol) [0x00007FF689777153]
	(No symbol) [0x00007FF689740421]
	(No symbol) [0x00007FF6897411B3]
	GetHandleVerifier [0x00007FF689C2D6FD+3223453]
	GetHandleVerifier [0x00007FF689C27CA2+3200322]
	GetHandleVerifier [0x00007FF689C45AD3+3322739]
	GetHandleVerifier [0x00007FF6899469FA+180890]
	GetHandleVerifier [0x00007FF68994E0FF+211359]
	GetHandleVerifier [0x00007FF689935274+109332]
	GetHandleVerifier [0x00007FF689935422+109762]
	GetHandleVerifier [0x00007FF68991BA39+4825]
	BaseThreadInitThunk [0x00007FFDE0AE7374+20]
	RtlUserThreadStart [0x00007FFDE0E5CC91+33]

2025-06-11 18:39:35,783 - ERROR - Phone: +201143889563 - Message Type: Selenium Send Retry - Reason: Retry send failed, possibly invalid number/no WhatsApp - Details: Message: 
Stacktrace:
	GetHandleVerifier [0x00007FF68992CF25+75717]
	GetHandleVerifier [0x00007FF68992CF80+75808]
	(No symbol) [0x00007FF6896F8F9A]
	(No symbol) [0x00007FF68974F4C6]
	(No symbol) [0x00007FF68974F77C]
	(No symbol) [0x00007FF6897A2577]
	(No symbol) [0x00007FF6897773BF]
	(No symbol) [0x00007FF68979F39C]
	(No symbol) [0x00007FF689777153]
	(No symbol) [0x00007FF689740421]
	(No symbol) [0x00007FF6897411B3]
	GetHandleVerifier [0x00007FF689C2D6FD+3223453]
	GetHandleVerifier [0x00007FF689C27CA2+3200322]
	GetHandleVerifier [0x00007FF689C45AD3+3322739]
	GetHandleVerifier [0x00007FF6899469FA+180890]
	GetHandleVerifier [0x00007FF68994E0FF+211359]
	GetHandleVerifier [0x00007FF689935274+109332]
	GetHandleVerifier [0x00007FF689935422+109762]
	GetHandleVerifier [0x00007FF68991BA39+4825]
	BaseThreadInitThunk [0x00007FFDE0AE7374+20]
	RtlUserThreadStart [0x00007FFDE0E5CC91+33]

2025-06-11 18:39:35,784 - INFO - Student ID: 26 (Name: عمر محمد) - Message Type: Broadcast Message - Reason: 
2025-06-11 18:40:08,401 - WARNING - Phone: +201120050871 - Message Type: Selenium Send - Reason: Initial send failed, possibly invalid number/no WhatsApp - Details: Message: 
Stacktrace:
	GetHandleVerifier [0x00007FF68992CF25+75717]
	GetHandleVerifier [0x00007FF68992CF80+75808]
	(No symbol) [0x00007FF6896F8F9A]
	(No symbol) [0x00007FF68974F4C6]
	(No symbol) [0x00007FF68974F77C]
	(No symbol) [0x00007FF6897A2577]
	(No symbol) [0x00007FF6897773BF]
	(No symbol) [0x00007FF68979F39C]
	(No symbol) [0x00007FF689777153]
	(No symbol) [0x00007FF689740421]
	(No symbol) [0x00007FF6897411B3]
	GetHandleVerifier [0x00007FF689C2D6FD+3223453]
	GetHandleVerifier [0x00007FF689C27CA2+3200322]
	GetHandleVerifier [0x00007FF689C45AD3+3322739]
	GetHandleVerifier [0x00007FF6899469FA+180890]
	GetHandleVerifier [0x00007FF68994E0FF+211359]
	GetHandleVerifier [0x00007FF689935274+109332]
	GetHandleVerifier [0x00007FF689935422+109762]
	GetHandleVerifier [0x00007FF68991BA39+4825]
	BaseThreadInitThunk [0x00007FFDE0AE7374+20]
	RtlUserThreadStart [0x00007FFDE0E5CC91+33]

2025-06-11 18:40:39,932 - ERROR - Phone: +201120050871 - Message Type: Selenium Send Retry - Reason: Retry send failed, possibly invalid number/no WhatsApp - Details: Message: 
Stacktrace:
	GetHandleVerifier [0x00007FF68992CF25+75717]
	GetHandleVerifier [0x00007FF68992CF80+75808]
	(No symbol) [0x00007FF6896F8F9A]
	(No symbol) [0x00007FF68974F4C6]
	(No symbol) [0x00007FF68974F77C]
	(No symbol) [0x00007FF6897A2577]
	(No symbol) [0x00007FF6897773BF]
	(No symbol) [0x00007FF68979F39C]
	(No symbol) [0x00007FF689777153]
	(No symbol) [0x00007FF689740421]
	(No symbol) [0x00007FF6897411B3]
	GetHandleVerifier [0x00007FF689C2D6FD+3223453]
	GetHandleVerifier [0x00007FF689C27CA2+3200322]
	GetHandleVerifier [0x00007FF689C45AD3+3322739]
	GetHandleVerifier [0x00007FF6899469FA+180890]
	GetHandleVerifier [0x00007FF68994E0FF+211359]
	GetHandleVerifier [0x00007FF689935274+109332]
	GetHandleVerifier [0x00007FF689935422+109762]
	GetHandleVerifier [0x00007FF68991BA39+4825]
	BaseThreadInitThunk [0x00007FFDE0AE7374+20]
	RtlUserThreadStart [0x00007FFDE0E5CC91+33]

2025-06-11 18:40:39,932 - INFO - Student ID: 27 (Name: ياسين فارس) - Message Type: Broadcast Message - Reason: 
2025-06-11 18:41:12,383 - WARNING - Phone: +201100768337 - Message Type: Selenium Send - Reason: Initial send failed, possibly invalid number/no WhatsApp - Details: Message: 
Stacktrace:
	GetHandleVerifier [0x00007FF68992CF25+75717]
	GetHandleVerifier [0x00007FF68992CF80+75808]
	(No symbol) [0x00007FF6896F8F9A]
	(No symbol) [0x00007FF68974F4C6]
	(No symbol) [0x00007FF68974F77C]
	(No symbol) [0x00007FF6897A2577]
	(No symbol) [0x00007FF6897773BF]
	(No symbol) [0x00007FF68979F39C]
	(No symbol) [0x00007FF689777153]
	(No symbol) [0x00007FF689740421]
	(No symbol) [0x00007FF6897411B3]
	GetHandleVerifier [0x00007FF689C2D6FD+3223453]
	GetHandleVerifier [0x00007FF689C27CA2+3200322]
	GetHandleVerifier [0x00007FF689C45AD3+3322739]
	GetHandleVerifier [0x00007FF6899469FA+180890]
	GetHandleVerifier [0x00007FF68994E0FF+211359]
	GetHandleVerifier [0x00007FF689935274+109332]
	GetHandleVerifier [0x00007FF689935422+109762]
	GetHandleVerifier [0x00007FF68991BA39+4825]
	BaseThreadInitThunk [0x00007FFDE0AE7374+20]
	RtlUserThreadStart [0x00007FFDE0E5CC91+33]

2025-06-11 18:41:43,639 - ERROR - Phone: +201100768337 - Message Type: Selenium Send Retry - Reason: Retry send failed, possibly invalid number/no WhatsApp - Details: Message: 
Stacktrace:
	GetHandleVerifier [0x00007FF68992CF25+75717]
	GetHandleVerifier [0x00007FF68992CF80+75808]
	(No symbol) [0x00007FF6896F8F9A]
	(No symbol) [0x00007FF68974F4C6]
	(No symbol) [0x00007FF68974F77C]
	(No symbol) [0x00007FF6897A2577]
	(No symbol) [0x00007FF6897773BF]
	(No symbol) [0x00007FF68979F39C]
	(No symbol) [0x00007FF689777153]
	(No symbol) [0x00007FF689740421]
	(No symbol) [0x00007FF6897411B3]
	GetHandleVerifier [0x00007FF689C2D6FD+3223453]
	GetHandleVerifier [0x00007FF689C27CA2+3200322]
	GetHandleVerifier [0x00007FF689C45AD3+3322739]
	GetHandleVerifier [0x00007FF6899469FA+180890]
	GetHandleVerifier [0x00007FF68994E0FF+211359]
	GetHandleVerifier [0x00007FF689935274+109332]
	GetHandleVerifier [0x00007FF689935422+109762]
	GetHandleVerifier [0x00007FF68991BA39+4825]
	BaseThreadInitThunk [0x00007FFDE0AE7374+20]
	RtlUserThreadStart [0x00007FFDE0E5CC91+33]

2025-06-11 18:41:43,640 - INFO - Student ID: 28 (Name: محمد ابراهيم) - Message Type: Broadcast Message - Reason: 
2025-06-11 18:42:16,139 - WARNING - Phone: +201100939246 - Message Type: Selenium Send - Reason: Initial send failed, possibly invalid number/no WhatsApp - Details: Message: 
Stacktrace:
	GetHandleVerifier [0x00007FF68992CF25+75717]
	GetHandleVerifier [0x00007FF68992CF80+75808]
	(No symbol) [0x00007FF6896F8F9A]
	(No symbol) [0x00007FF68974F4C6]
	(No symbol) [0x00007FF68974F77C]
	(No symbol) [0x00007FF6897A2577]
	(No symbol) [0x00007FF6897773BF]
	(No symbol) [0x00007FF68979F39C]
	(No symbol) [0x00007FF689777153]
	(No symbol) [0x00007FF689740421]
	(No symbol) [0x00007FF6897411B3]
	GetHandleVerifier [0x00007FF689C2D6FD+3223453]
	GetHandleVerifier [0x00007FF689C27CA2+3200322]
	GetHandleVerifier [0x00007FF689C45AD3+3322739]
	GetHandleVerifier [0x00007FF6899469FA+180890]
	GetHandleVerifier [0x00007FF68994E0FF+211359]
	GetHandleVerifier [0x00007FF689935274+109332]
	GetHandleVerifier [0x00007FF689935422+109762]
	GetHandleVerifier [0x00007FF68991BA39+4825]
	BaseThreadInitThunk [0x00007FFDE0AE7374+20]
	RtlUserThreadStart [0x00007FFDE0E5CC91+33]

2025-06-11 18:42:47,327 - ERROR - Phone: +201100939246 - Message Type: Selenium Send Retry - Reason: Retry send failed, possibly invalid number/no WhatsApp - Details: Message: 
Stacktrace:
	GetHandleVerifier [0x00007FF68992CF25+75717]
	GetHandleVerifier [0x00007FF68992CF80+75808]
	(No symbol) [0x00007FF6896F8F9A]
	(No symbol) [0x00007FF68974F4C6]
	(No symbol) [0x00007FF68974F77C]
	(No symbol) [0x00007FF6897A2577]
	(No symbol) [0x00007FF6897773BF]
	(No symbol) [0x00007FF68979F39C]
	(No symbol) [0x00007FF689777153]
	(No symbol) [0x00007FF689740421]
	(No symbol) [0x00007FF6897411B3]
	GetHandleVerifier [0x00007FF689C2D6FD+3223453]
	GetHandleVerifier [0x00007FF689C27CA2+3200322]
	GetHandleVerifier [0x00007FF689C45AD3+3322739]
	GetHandleVerifier [0x00007FF6899469FA+180890]
	GetHandleVerifier [0x00007FF68994E0FF+211359]
	GetHandleVerifier [0x00007FF689935274+109332]
	GetHandleVerifier [0x00007FF689935422+109762]
	GetHandleVerifier [0x00007FF68991BA39+4825]
	BaseThreadInitThunk [0x00007FFDE0AE7374+20]
	RtlUserThreadStart [0x00007FFDE0E5CC91+33]

2025-06-11 18:42:47,327 - INFO - Student ID: 29 (Name: سيد بكر) - Message Type: Broadcast Message - Reason: 
2025-06-11 18:43:20,017 - WARNING - Phone: +201026362647 - Message Type: Selenium Send - Reason: Initial send failed, possibly invalid number/no WhatsApp - Details: Message: 
Stacktrace:
	GetHandleVerifier [0x00007FF68992CF25+75717]
	GetHandleVerifier [0x00007FF68992CF80+75808]
	(No symbol) [0x00007FF6896F8F9A]
	(No symbol) [0x00007FF68974F4C6]
	(No symbol) [0x00007FF68974F77C]
	(No symbol) [0x00007FF6897A2577]
	(No symbol) [0x00007FF6897773BF]
	(No symbol) [0x00007FF68979F39C]
	(No symbol) [0x00007FF689777153]
	(No symbol) [0x00007FF689740421]
	(No symbol) [0x00007FF6897411B3]
	GetHandleVerifier [0x00007FF689C2D6FD+3223453]
	GetHandleVerifier [0x00007FF689C27CA2+3200322]
	GetHandleVerifier [0x00007FF689C45AD3+3322739]
	GetHandleVerifier [0x00007FF6899469FA+180890]
	GetHandleVerifier [0x00007FF68994E0FF+211359]
	GetHandleVerifier [0x00007FF689935274+109332]
	GetHandleVerifier [0x00007FF689935422+109762]
	GetHandleVerifier [0x00007FF68991BA39+4825]
	BaseThreadInitThunk [0x00007FFDE0AE7374+20]
	RtlUserThreadStart [0x00007FFDE0E5CC91+33]

2025-06-11 18:43:51,478 - ERROR - Phone: +201026362647 - Message Type: Selenium Send Retry - Reason: Retry send failed, possibly invalid number/no WhatsApp - Details: Message: 
Stacktrace:
	GetHandleVerifier [0x00007FF68992CF25+75717]
	GetHandleVerifier [0x00007FF68992CF80+75808]
	(No symbol) [0x00007FF6896F8F9A]
	(No symbol) [0x00007FF68974F4C6]
	(No symbol) [0x00007FF68974F77C]
	(No symbol) [0x00007FF6897A2577]
	(No symbol) [0x00007FF6897773BF]
	(No symbol) [0x00007FF68979F39C]
	(No symbol) [0x00007FF689777153]
	(No symbol) [0x00007FF689740421]
	(No symbol) [0x00007FF6897411B3]
	GetHandleVerifier [0x00007FF689C2D6FD+3223453]
	GetHandleVerifier [0x00007FF689C27CA2+3200322]
	GetHandleVerifier [0x00007FF689C45AD3+3322739]
	GetHandleVerifier [0x00007FF6899469FA+180890]
	GetHandleVerifier [0x00007FF68994E0FF+211359]
	GetHandleVerifier [0x00007FF689935274+109332]
	GetHandleVerifier [0x00007FF689935422+109762]
	GetHandleVerifier [0x00007FF68991BA39+4825]
	BaseThreadInitThunk [0x00007FFDE0AE7374+20]
	RtlUserThreadStart [0x00007FFDE0E5CC91+33]

2025-06-11 18:43:51,478 - INFO - Student ID: 30 (Name: انس وائل) - Message Type: Broadcast Message - Reason: 
2025-06-11 18:44:24,258 - WARNING - Phone: +201114794206 - Message Type: Selenium Send - Reason: Initial send failed, possibly invalid number/no WhatsApp - Details: Message: 
Stacktrace:
	GetHandleVerifier [0x00007FF68992CF25+75717]
	GetHandleVerifier [0x00007FF68992CF80+75808]
	(No symbol) [0x00007FF6896F8F9A]
	(No symbol) [0x00007FF68974F4C6]
	(No symbol) [0x00007FF68974F77C]
	(No symbol) [0x00007FF6897A2577]
	(No symbol) [0x00007FF6897773BF]
	(No symbol) [0x00007FF68979F39C]
	(No symbol) [0x00007FF689777153]
	(No symbol) [0x00007FF689740421]
	(No symbol) [0x00007FF6897411B3]
	GetHandleVerifier [0x00007FF689C2D6FD+3223453]
	GetHandleVerifier [0x00007FF689C27CA2+3200322]
	GetHandleVerifier [0x00007FF689C45AD3+3322739]
	GetHandleVerifier [0x00007FF6899469FA+180890]
	GetHandleVerifier [0x00007FF68994E0FF+211359]
	GetHandleVerifier [0x00007FF689935274+109332]
	GetHandleVerifier [0x00007FF689935422+109762]
	GetHandleVerifier [0x00007FF68991BA39+4825]
	BaseThreadInitThunk [0x00007FFDE0AE7374+20]
	RtlUserThreadStart [0x00007FFDE0E5CC91+33]

2025-06-11 18:44:56,210 - ERROR - Phone: +201114794206 - Message Type: Selenium Send Retry - Reason: Retry send failed, possibly invalid number/no WhatsApp - Details: Message: 
Stacktrace:
	GetHandleVerifier [0x00007FF68992CF25+75717]
	GetHandleVerifier [0x00007FF68992CF80+75808]
	(No symbol) [0x00007FF6896F8F9A]
	(No symbol) [0x00007FF68974F4C6]
	(No symbol) [0x00007FF68974F77C]
	(No symbol) [0x00007FF6897A2577]
	(No symbol) [0x00007FF6897773BF]
	(No symbol) [0x00007FF68979F39C]
	(No symbol) [0x00007FF689777153]
	(No symbol) [0x00007FF689740421]
	(No symbol) [0x00007FF6897411B3]
	GetHandleVerifier [0x00007FF689C2D6FD+3223453]
	GetHandleVerifier [0x00007FF689C27CA2+3200322]
	GetHandleVerifier [0x00007FF689C45AD3+3322739]
	GetHandleVerifier [0x00007FF6899469FA+180890]
	GetHandleVerifier [0x00007FF68994E0FF+211359]
	GetHandleVerifier [0x00007FF689935274+109332]
	GetHandleVerifier [0x00007FF689935422+109762]
	GetHandleVerifier [0x00007FF68991BA39+4825]
	BaseThreadInitThunk [0x00007FFDE0AE7374+20]
	RtlUserThreadStart [0x00007FFDE0E5CC91+33]

2025-06-11 18:44:56,210 - INFO - Student ID: 31 (Name: محمد ابو النجا) - Message Type: Broadcast Message - Reason: 
2025-06-11 18:45:28,790 - WARNING - Phone: +201142864417 - Message Type: Selenium Send - Reason: Initial send failed, possibly invalid number/no WhatsApp - Details: Message: 
Stacktrace:
	GetHandleVerifier [0x00007FF68992CF25+75717]
	GetHandleVerifier [0x00007FF68992CF80+75808]
	(No symbol) [0x00007FF6896F8F9A]
	(No symbol) [0x00007FF68974F4C6]
	(No symbol) [0x00007FF68974F77C]
	(No symbol) [0x00007FF6897A2577]
	(No symbol) [0x00007FF6897773BF]
	(No symbol) [0x00007FF68979F39C]
	(No symbol) [0x00007FF689777153]
	(No symbol) [0x00007FF689740421]
	(No symbol) [0x00007FF6897411B3]
	GetHandleVerifier [0x00007FF689C2D6FD+3223453]
	GetHandleVerifier [0x00007FF689C27CA2+3200322]
	GetHandleVerifier [0x00007FF689C45AD3+3322739]
	GetHandleVerifier [0x00007FF6899469FA+180890]
	GetHandleVerifier [0x00007FF68994E0FF+211359]
	GetHandleVerifier [0x00007FF689935274+109332]
	GetHandleVerifier [0x00007FF689935422+109762]
	GetHandleVerifier [0x00007FF68991BA39+4825]
	BaseThreadInitThunk [0x00007FFDE0AE7374+20]
	RtlUserThreadStart [0x00007FFDE0E5CC91+33]

2025-06-11 18:46:00,275 - ERROR - Phone: +201142864417 - Message Type: Selenium Send Retry - Reason: Retry send failed, possibly invalid number/no WhatsApp - Details: Message: 
Stacktrace:
	GetHandleVerifier [0x00007FF68992CF25+75717]
	GetHandleVerifier [0x00007FF68992CF80+75808]
	(No symbol) [0x00007FF6896F8F9A]
	(No symbol) [0x00007FF68974F4C6]
	(No symbol) [0x00007FF68974F77C]
	(No symbol) [0x00007FF6897A2577]
	(No symbol) [0x00007FF6897773BF]
	(No symbol) [0x00007FF68979F39C]
	(No symbol) [0x00007FF689777153]
	(No symbol) [0x00007FF689740421]
	(No symbol) [0x00007FF6897411B3]
	GetHandleVerifier [0x00007FF689C2D6FD+3223453]
	GetHandleVerifier [0x00007FF689C27CA2+3200322]
	GetHandleVerifier [0x00007FF689C45AD3+3322739]
	GetHandleVerifier [0x00007FF6899469FA+180890]
	GetHandleVerifier [0x00007FF68994E0FF+211359]
	GetHandleVerifier [0x00007FF689935274+109332]
	GetHandleVerifier [0x00007FF689935422+109762]
	GetHandleVerifier [0x00007FF68991BA39+4825]
	BaseThreadInitThunk [0x00007FFDE0AE7374+20]
	RtlUserThreadStart [0x00007FFDE0E5CC91+33]

2025-06-11 18:46:00,276 - INFO - Student ID: 32 (Name: ريتاج حسني) - Message Type: Broadcast Message - Reason: 
2025-06-11 18:46:32,848 - WARNING - Phone: +201151598837 - Message Type: Selenium Send - Reason: Initial send failed, possibly invalid number/no WhatsApp - Details: Message: 
Stacktrace:
	GetHandleVerifier [0x00007FF68992CF25+75717]
	GetHandleVerifier [0x00007FF68992CF80+75808]
	(No symbol) [0x00007FF6896F8F9A]
	(No symbol) [0x00007FF68974F4C6]
	(No symbol) [0x00007FF68974F77C]
	(No symbol) [0x00007FF6897A2577]
	(No symbol) [0x00007FF6897773BF]
	(No symbol) [0x00007FF68979F39C]
	(No symbol) [0x00007FF689777153]
	(No symbol) [0x00007FF689740421]
	(No symbol) [0x00007FF6897411B3]
	GetHandleVerifier [0x00007FF689C2D6FD+3223453]
	GetHandleVerifier [0x00007FF689C27CA2+3200322]
	GetHandleVerifier [0x00007FF689C45AD3+3322739]
	GetHandleVerifier [0x00007FF6899469FA+180890]
	GetHandleVerifier [0x00007FF68994E0FF+211359]
	GetHandleVerifier [0x00007FF689935274+109332]
	GetHandleVerifier [0x00007FF689935422+109762]
	GetHandleVerifier [0x00007FF68991BA39+4825]
	BaseThreadInitThunk [0x00007FFDE0AE7374+20]
	RtlUserThreadStart [0x00007FFDE0E5CC91+33]

2025-06-11 18:47:04,427 - ERROR - Phone: +201151598837 - Message Type: Selenium Send Retry - Reason: Retry send failed, possibly invalid number/no WhatsApp - Details: Message: 
Stacktrace:
	GetHandleVerifier [0x00007FF68992CF25+75717]
	GetHandleVerifier [0x00007FF68992CF80+75808]
	(No symbol) [0x00007FF6896F8F9A]
	(No symbol) [0x00007FF68974F4C6]
	(No symbol) [0x00007FF68974F77C]
	(No symbol) [0x00007FF6897A2577]
	(No symbol) [0x00007FF6897773BF]
	(No symbol) [0x00007FF68979F39C]
	(No symbol) [0x00007FF689777153]
	(No symbol) [0x00007FF689740421]
	(No symbol) [0x00007FF6897411B3]
	GetHandleVerifier [0x00007FF689C2D6FD+3223453]
	GetHandleVerifier [0x00007FF689C27CA2+3200322]
	GetHandleVerifier [0x00007FF689C45AD3+3322739]
	GetHandleVerifier [0x00007FF6899469FA+180890]
	GetHandleVerifier [0x00007FF68994E0FF+211359]
	GetHandleVerifier [0x00007FF689935274+109332]
	GetHandleVerifier [0x00007FF689935422+109762]
	GetHandleVerifier [0x00007FF68991BA39+4825]
	BaseThreadInitThunk [0x00007FFDE0AE7374+20]
	RtlUserThreadStart [0x00007FFDE0E5CC91+33]

2025-06-11 18:47:04,427 - INFO - Student ID: 33 (Name: رزان علي محمد) - Message Type: Broadcast Message - Reason: 
2025-06-11 18:47:36,707 - WARNING - Phone: +201153303592 - Message Type: Selenium Send - Reason: Initial send failed, possibly invalid number/no WhatsApp - Details: Message: 
Stacktrace:
	GetHandleVerifier [0x00007FF68992CF25+75717]
	GetHandleVerifier [0x00007FF68992CF80+75808]
	(No symbol) [0x00007FF6896F8F9A]
	(No symbol) [0x00007FF68974F4C6]
	(No symbol) [0x00007FF68974F77C]
	(No symbol) [0x00007FF6897A2577]
	(No symbol) [0x00007FF6897773BF]
	(No symbol) [0x00007FF68979F39C]
	(No symbol) [0x00007FF689777153]
	(No symbol) [0x00007FF689740421]
	(No symbol) [0x00007FF6897411B3]
	GetHandleVerifier [0x00007FF689C2D6FD+3223453]
	GetHandleVerifier [0x00007FF689C27CA2+3200322]
	GetHandleVerifier [0x00007FF689C45AD3+3322739]
	GetHandleVerifier [0x00007FF6899469FA+180890]
	GetHandleVerifier [0x00007FF68994E0FF+211359]
	GetHandleVerifier [0x00007FF689935274+109332]
	GetHandleVerifier [0x00007FF689935422+109762]
	GetHandleVerifier [0x00007FF68991BA39+4825]
	BaseThreadInitThunk [0x00007FFDE0AE7374+20]
	RtlUserThreadStart [0x00007FFDE0E5CC91+33]

2025-06-11 18:48:08,229 - ERROR - Phone: +201153303592 - Message Type: Selenium Send Retry - Reason: Retry send failed, possibly invalid number/no WhatsApp - Details: Message: 
Stacktrace:
	GetHandleVerifier [0x00007FF68992CF25+75717]
	GetHandleVerifier [0x00007FF68992CF80+75808]
	(No symbol) [0x00007FF6896F8F9A]
	(No symbol) [0x00007FF68974F4C6]
	(No symbol) [0x00007FF68974F77C]
	(No symbol) [0x00007FF6897A2577]
	(No symbol) [0x00007FF6897773BF]
	(No symbol) [0x00007FF68979F39C]
	(No symbol) [0x00007FF689777153]
	(No symbol) [0x00007FF689740421]
	(No symbol) [0x00007FF6897411B3]
	GetHandleVerifier [0x00007FF689C2D6FD+3223453]
	GetHandleVerifier [0x00007FF689C27CA2+3200322]
	GetHandleVerifier [0x00007FF689C45AD3+3322739]
	GetHandleVerifier [0x00007FF6899469FA+180890]
	GetHandleVerifier [0x00007FF68994E0FF+211359]
	GetHandleVerifier [0x00007FF689935274+109332]
	GetHandleVerifier [0x00007FF689935422+109762]
	GetHandleVerifier [0x00007FF68991BA39+4825]
	BaseThreadInitThunk [0x00007FFDE0AE7374+20]
	RtlUserThreadStart [0x00007FFDE0E5CC91+33]

2025-06-11 18:48:08,230 - INFO - Student ID: 34 (Name: محمد احمد صلاح) - Message Type: Broadcast Message - Reason: 
2025-06-11 18:48:40,530 - WARNING - Phone: +201144285587 - Message Type: Selenium Send - Reason: Initial send failed, possibly invalid number/no WhatsApp - Details: Message: 
Stacktrace:
	GetHandleVerifier [0x00007FF68992CF25+75717]
	GetHandleVerifier [0x00007FF68992CF80+75808]
	(No symbol) [0x00007FF6896F8F9A]
	(No symbol) [0x00007FF68974F4C6]
	(No symbol) [0x00007FF68974F77C]
	(No symbol) [0x00007FF6897A2577]
	(No symbol) [0x00007FF6897773BF]
	(No symbol) [0x00007FF68979F39C]
	(No symbol) [0x00007FF689777153]
	(No symbol) [0x00007FF689740421]
	(No symbol) [0x00007FF6897411B3]
	GetHandleVerifier [0x00007FF689C2D6FD+3223453]
	GetHandleVerifier [0x00007FF689C27CA2+3200322]
	GetHandleVerifier [0x00007FF689C45AD3+3322739]
	GetHandleVerifier [0x00007FF6899469FA+180890]
	GetHandleVerifier [0x00007FF68994E0FF+211359]
	GetHandleVerifier [0x00007FF689935274+109332]
	GetHandleVerifier [0x00007FF689935422+109762]
	GetHandleVerifier [0x00007FF68991BA39+4825]
	BaseThreadInitThunk [0x00007FFDE0AE7374+20]
	RtlUserThreadStart [0x00007FFDE0E5CC91+33]

2025-06-11 18:49:11,965 - ERROR - Phone: +201144285587 - Message Type: Selenium Send Retry - Reason: Retry send failed, possibly invalid number/no WhatsApp - Details: Message: 
Stacktrace:
	GetHandleVerifier [0x00007FF68992CF25+75717]
	GetHandleVerifier [0x00007FF68992CF80+75808]
	(No symbol) [0x00007FF6896F8F9A]
	(No symbol) [0x00007FF68974F4C6]
	(No symbol) [0x00007FF68974F77C]
	(No symbol) [0x00007FF6897A2577]
	(No symbol) [0x00007FF6897773BF]
	(No symbol) [0x00007FF68979F39C]
	(No symbol) [0x00007FF689777153]
	(No symbol) [0x00007FF689740421]
	(No symbol) [0x00007FF6897411B3]
	GetHandleVerifier [0x00007FF689C2D6FD+3223453]
	GetHandleVerifier [0x00007FF689C27CA2+3200322]
	GetHandleVerifier [0x00007FF689C45AD3+3322739]
	GetHandleVerifier [0x00007FF6899469FA+180890]
	GetHandleVerifier [0x00007FF68994E0FF+211359]
	GetHandleVerifier [0x00007FF689935274+109332]
	GetHandleVerifier [0x00007FF689935422+109762]
	GetHandleVerifier [0x00007FF68991BA39+4825]
	BaseThreadInitThunk [0x00007FFDE0AE7374+20]
	RtlUserThreadStart [0x00007FFDE0E5CC91+33]

2025-06-11 18:49:11,965 - INFO - Student ID: 35 (Name: مريم محمد توني) - Message Type: Broadcast Message - Reason: 
2025-06-11 18:49:44,336 - WARNING - Phone: +201125693962 - Message Type: Selenium Send - Reason: Initial send failed, possibly invalid number/no WhatsApp - Details: Message: 
Stacktrace:
	GetHandleVerifier [0x00007FF68992CF25+75717]
	GetHandleVerifier [0x00007FF68992CF80+75808]
	(No symbol) [0x00007FF6896F8F9A]
	(No symbol) [0x00007FF68974F4C6]
	(No symbol) [0x00007FF68974F77C]
	(No symbol) [0x00007FF6897A2577]
	(No symbol) [0x00007FF6897773BF]
	(No symbol) [0x00007FF68979F39C]
	(No symbol) [0x00007FF689777153]
	(No symbol) [0x00007FF689740421]
	(No symbol) [0x00007FF6897411B3]
	GetHandleVerifier [0x00007FF689C2D6FD+3223453]
	GetHandleVerifier [0x00007FF689C27CA2+3200322]
	GetHandleVerifier [0x00007FF689C45AD3+3322739]
	GetHandleVerifier [0x00007FF6899469FA+180890]
	GetHandleVerifier [0x00007FF68994E0FF+211359]
	GetHandleVerifier [0x00007FF689935274+109332]
	GetHandleVerifier [0x00007FF689935422+109762]
	GetHandleVerifier [0x00007FF68991BA39+4825]
	BaseThreadInitThunk [0x00007FFDE0AE7374+20]
	RtlUserThreadStart [0x00007FFDE0E5CC91+33]

2025-06-11 18:50:15,956 - ERROR - Phone: +201125693962 - Message Type: Selenium Send Retry - Reason: Retry send failed, possibly invalid number/no WhatsApp - Details: Message: 
Stacktrace:
	GetHandleVerifier [0x00007FF68992CF25+75717]
	GetHandleVerifier [0x00007FF68992CF80+75808]
	(No symbol) [0x00007FF6896F8F9A]
	(No symbol) [0x00007FF68974F4C6]
	(No symbol) [0x00007FF68974F77C]
	(No symbol) [0x00007FF6897A2577]
	(No symbol) [0x00007FF6897773BF]
	(No symbol) [0x00007FF68979F39C]
	(No symbol) [0x00007FF689777153]
	(No symbol) [0x00007FF689740421]
	(No symbol) [0x00007FF6897411B3]
	GetHandleVerifier [0x00007FF689C2D6FD+3223453]
	GetHandleVerifier [0x00007FF689C27CA2+3200322]
	GetHandleVerifier [0x00007FF689C45AD3+3322739]
	GetHandleVerifier [0x00007FF6899469FA+180890]
	GetHandleVerifier [0x00007FF68994E0FF+211359]
	GetHandleVerifier [0x00007FF689935274+109332]
	GetHandleVerifier [0x00007FF689935422+109762]
	GetHandleVerifier [0x00007FF68991BA39+4825]
	BaseThreadInitThunk [0x00007FFDE0AE7374+20]
	RtlUserThreadStart [0x00007FFDE0E5CC91+33]

2025-06-11 18:50:15,957 - INFO - Student ID: 36 (Name: محمد مصطفى طلعت) - Message Type: Broadcast Message - Reason: 
2025-06-11 18:50:48,766 - WARNING - Phone: +201144285587 - Message Type: Selenium Send - Reason: Initial send failed, possibly invalid number/no WhatsApp - Details: Message: 
Stacktrace:
	GetHandleVerifier [0x00007FF68992CF25+75717]
	GetHandleVerifier [0x00007FF68992CF80+75808]
	(No symbol) [0x00007FF6896F8F9A]
	(No symbol) [0x00007FF68974F4C6]
	(No symbol) [0x00007FF68974F77C]
	(No symbol) [0x00007FF6897A2577]
	(No symbol) [0x00007FF6897773BF]
	(No symbol) [0x00007FF68979F39C]
	(No symbol) [0x00007FF689777153]
	(No symbol) [0x00007FF689740421]
	(No symbol) [0x00007FF6897411B3]
	GetHandleVerifier [0x00007FF689C2D6FD+3223453]
	GetHandleVerifier [0x00007FF689C27CA2+3200322]
	GetHandleVerifier [0x00007FF689C45AD3+3322739]
	GetHandleVerifier [0x00007FF6899469FA+180890]
	GetHandleVerifier [0x00007FF68994E0FF+211359]
	GetHandleVerifier [0x00007FF689935274+109332]
	GetHandleVerifier [0x00007FF689935422+109762]
	GetHandleVerifier [0x00007FF68991BA39+4825]
	BaseThreadInitThunk [0x00007FFDE0AE7374+20]
	RtlUserThreadStart [0x00007FFDE0E5CC91+33]

2025-06-11 18:51:20,387 - ERROR - Phone: +201144285587 - Message Type: Selenium Send Retry - Reason: Retry send failed, possibly invalid number/no WhatsApp - Details: Message: 
Stacktrace:
	GetHandleVerifier [0x00007FF68992CF25+75717]
	GetHandleVerifier [0x00007FF68992CF80+75808]
	(No symbol) [0x00007FF6896F8F9A]
	(No symbol) [0x00007FF68974F4C6]
	(No symbol) [0x00007FF68974F77C]
	(No symbol) [0x00007FF6897A2577]
	(No symbol) [0x00007FF6897773BF]
	(No symbol) [0x00007FF68979F39C]
	(No symbol) [0x00007FF689777153]
	(No symbol) [0x00007FF689740421]
	(No symbol) [0x00007FF6897411B3]
	GetHandleVerifier [0x00007FF689C2D6FD+3223453]
	GetHandleVerifier [0x00007FF689C27CA2+3200322]
	GetHandleVerifier [0x00007FF689C45AD3+3322739]
	GetHandleVerifier [0x00007FF6899469FA+180890]
	GetHandleVerifier [0x00007FF68994E0FF+211359]
	GetHandleVerifier [0x00007FF689935274+109332]
	GetHandleVerifier [0x00007FF689935422+109762]
	GetHandleVerifier [0x00007FF68991BA39+4825]
	BaseThreadInitThunk [0x00007FFDE0AE7374+20]
	RtlUserThreadStart [0x00007FFDE0E5CC91+33]

2025-06-11 18:51:20,388 - INFO - Student ID: 37 (Name: سيف محمد توني) - Message Type: Broadcast Message - Reason: 
2025-06-11 18:51:53,006 - WARNING - Phone: +201113697202 - Message Type: Selenium Send - Reason: Initial send failed, possibly invalid number/no WhatsApp - Details: Message: 
Stacktrace:
	GetHandleVerifier [0x00007FF68992CF25+75717]
	GetHandleVerifier [0x00007FF68992CF80+75808]
	(No symbol) [0x00007FF6896F8F9A]
	(No symbol) [0x00007FF68974F4C6]
	(No symbol) [0x00007FF68974F77C]
	(No symbol) [0x00007FF6897A2577]
	(No symbol) [0x00007FF6897773BF]
	(No symbol) [0x00007FF68979F39C]
	(No symbol) [0x00007FF689777153]
	(No symbol) [0x00007FF689740421]
	(No symbol) [0x00007FF6897411B3]
	GetHandleVerifier [0x00007FF689C2D6FD+3223453]
	GetHandleVerifier [0x00007FF689C27CA2+3200322]
	GetHandleVerifier [0x00007FF689C45AD3+3322739]
	GetHandleVerifier [0x00007FF6899469FA+180890]
	GetHandleVerifier [0x00007FF68994E0FF+211359]
	GetHandleVerifier [0x00007FF689935274+109332]
	GetHandleVerifier [0x00007FF689935422+109762]
	GetHandleVerifier [0x00007FF68991BA39+4825]
	BaseThreadInitThunk [0x00007FFDE0AE7374+20]
	RtlUserThreadStart [0x00007FFDE0E5CC91+33]

2025-06-11 18:52:24,678 - ERROR - Phone: +201113697202 - Message Type: Selenium Send Retry - Reason: Retry send failed, possibly invalid number/no WhatsApp - Details: Message: 
Stacktrace:
	GetHandleVerifier [0x00007FF68992CF25+75717]
	GetHandleVerifier [0x00007FF68992CF80+75808]
	(No symbol) [0x00007FF6896F8F9A]
	(No symbol) [0x00007FF68974F4C6]
	(No symbol) [0x00007FF68974F77C]
	(No symbol) [0x00007FF6897A2577]
	(No symbol) [0x00007FF6897773BF]
	(No symbol) [0x00007FF68979F39C]
	(No symbol) [0x00007FF689777153]
	(No symbol) [0x00007FF689740421]
	(No symbol) [0x00007FF6897411B3]
	GetHandleVerifier [0x00007FF689C2D6FD+3223453]
	GetHandleVerifier [0x00007FF689C27CA2+3200322]
	GetHandleVerifier [0x00007FF689C45AD3+3322739]
	GetHandleVerifier [0x00007FF6899469FA+180890]
	GetHandleVerifier [0x00007FF68994E0FF+211359]
	GetHandleVerifier [0x00007FF689935274+109332]
	GetHandleVerifier [0x00007FF689935422+109762]
	GetHandleVerifier [0x00007FF68991BA39+4825]
	BaseThreadInitThunk [0x00007FFDE0AE7374+20]
	RtlUserThreadStart [0x00007FFDE0E5CC91+33]

2025-06-11 18:52:24,679 - INFO - Student ID: 38 (Name: تمارة احمد ناصر) - Message Type: Broadcast Message - Reason: 
2025-06-11 18:52:56,829 - WARNING - Phone: +201142576858 - Message Type: Selenium Send - Reason: Initial send failed, possibly invalid number/no WhatsApp - Details: Message: 
Stacktrace:
	GetHandleVerifier [0x00007FF68992CF25+75717]
	GetHandleVerifier [0x00007FF68992CF80+75808]
	(No symbol) [0x00007FF6896F8F9A]
	(No symbol) [0x00007FF68974F4C6]
	(No symbol) [0x00007FF68974F77C]
	(No symbol) [0x00007FF6897A2577]
	(No symbol) [0x00007FF6897773BF]
	(No symbol) [0x00007FF68979F39C]
	(No symbol) [0x00007FF689777153]
	(No symbol) [0x00007FF689740421]
	(No symbol) [0x00007FF6897411B3]
	GetHandleVerifier [0x00007FF689C2D6FD+3223453]
	GetHandleVerifier [0x00007FF689C27CA2+3200322]
	GetHandleVerifier [0x00007FF689C45AD3+3322739]
	GetHandleVerifier [0x00007FF6899469FA+180890]
	GetHandleVerifier [0x00007FF68994E0FF+211359]
	GetHandleVerifier [0x00007FF689935274+109332]
	GetHandleVerifier [0x00007FF689935422+109762]
	GetHandleVerifier [0x00007FF68991BA39+4825]
	BaseThreadInitThunk [0x00007FFDE0AE7374+20]
	RtlUserThreadStart [0x00007FFDE0E5CC91+33]

2025-06-11 18:53:28,478 - ERROR - Phone: +201142576858 - Message Type: Selenium Send Retry - Reason: Retry send failed, possibly invalid number/no WhatsApp - Details: Message: 
Stacktrace:
	GetHandleVerifier [0x00007FF68992CF25+75717]
	GetHandleVerifier [0x00007FF68992CF80+75808]
	(No symbol) [0x00007FF6896F8F9A]
	(No symbol) [0x00007FF68974F4C6]
	(No symbol) [0x00007FF68974F77C]
	(No symbol) [0x00007FF6897A2577]
	(No symbol) [0x00007FF6897773BF]
	(No symbol) [0x00007FF68979F39C]
	(No symbol) [0x00007FF689777153]
	(No symbol) [0x00007FF689740421]
	(No symbol) [0x00007FF6897411B3]
	GetHandleVerifier [0x00007FF689C2D6FD+3223453]
	GetHandleVerifier [0x00007FF689C27CA2+3200322]
	GetHandleVerifier [0x00007FF689C45AD3+3322739]
	GetHandleVerifier [0x00007FF6899469FA+180890]
	GetHandleVerifier [0x00007FF68994E0FF+211359]
	GetHandleVerifier [0x00007FF689935274+109332]
	GetHandleVerifier [0x00007FF689935422+109762]
	GetHandleVerifier [0x00007FF68991BA39+4825]
	BaseThreadInitThunk [0x00007FFDE0AE7374+20]
	RtlUserThreadStart [0x00007FFDE0E5CC91+33]

2025-06-11 18:53:28,479 - INFO - Student ID: 39 (Name: شهيناز حسن) - Message Type: Broadcast Message - Reason: 
2025-06-11 18:54:00,965 - WARNING - Phone: +201121830877 - Message Type: Selenium Send - Reason: Initial send failed, possibly invalid number/no WhatsApp - Details: Message: 
Stacktrace:
	GetHandleVerifier [0x00007FF68992CF25+75717]
	GetHandleVerifier [0x00007FF68992CF80+75808]
	(No symbol) [0x00007FF6896F8F9A]
	(No symbol) [0x00007FF68974F4C6]
	(No symbol) [0x00007FF68974F77C]
	(No symbol) [0x00007FF6897A2577]
	(No symbol) [0x00007FF6897773BF]
	(No symbol) [0x00007FF68979F39C]
	(No symbol) [0x00007FF689777153]
	(No symbol) [0x00007FF689740421]
	(No symbol) [0x00007FF6897411B3]
	GetHandleVerifier [0x00007FF689C2D6FD+3223453]
	GetHandleVerifier [0x00007FF689C27CA2+3200322]
	GetHandleVerifier [0x00007FF689C45AD3+3322739]
	GetHandleVerifier [0x00007FF6899469FA+180890]
	GetHandleVerifier [0x00007FF68994E0FF+211359]
	GetHandleVerifier [0x00007FF689935274+109332]
	GetHandleVerifier [0x00007FF689935422+109762]
	GetHandleVerifier [0x00007FF68991BA39+4825]
	BaseThreadInitThunk [0x00007FFDE0AE7374+20]
	RtlUserThreadStart [0x00007FFDE0E5CC91+33]

2025-06-11 18:54:32,255 - ERROR - Phone: +201121830877 - Message Type: Selenium Send Retry - Reason: Retry send failed, possibly invalid number/no WhatsApp - Details: Message: 
Stacktrace:
	GetHandleVerifier [0x00007FF68992CF25+75717]
	GetHandleVerifier [0x00007FF68992CF80+75808]
	(No symbol) [0x00007FF6896F8F9A]
	(No symbol) [0x00007FF68974F4C6]
	(No symbol) [0x00007FF68974F77C]
	(No symbol) [0x00007FF6897A2577]
	(No symbol) [0x00007FF6897773BF]
	(No symbol) [0x00007FF68979F39C]
	(No symbol) [0x00007FF689777153]
	(No symbol) [0x00007FF689740421]
	(No symbol) [0x00007FF6897411B3]
	GetHandleVerifier [0x00007FF689C2D6FD+3223453]
	GetHandleVerifier [0x00007FF689C27CA2+3200322]
	GetHandleVerifier [0x00007FF689C45AD3+3322739]
	GetHandleVerifier [0x00007FF6899469FA+180890]
	GetHandleVerifier [0x00007FF68994E0FF+211359]
	GetHandleVerifier [0x00007FF689935274+109332]
	GetHandleVerifier [0x00007FF689935422+109762]
	GetHandleVerifier [0x00007FF68991BA39+4825]
	BaseThreadInitThunk [0x00007FFDE0AE7374+20]
	RtlUserThreadStart [0x00007FFDE0E5CC91+33]

2025-06-11 18:54:32,256 - INFO - Student ID: 40 (Name: يونس مروان) - Message Type: Broadcast Message - Reason: 
2025-06-11 18:55:05,226 - WARNING - Phone: +201153937858 - Message Type: Selenium Send - Reason: Initial send failed, possibly invalid number/no WhatsApp - Details: Message: 
Stacktrace:
	GetHandleVerifier [0x00007FF68992CF25+75717]
	GetHandleVerifier [0x00007FF68992CF80+75808]
	(No symbol) [0x00007FF6896F8F9A]
	(No symbol) [0x00007FF68974F4C6]
	(No symbol) [0x00007FF68974F77C]
	(No symbol) [0x00007FF6897A2577]
	(No symbol) [0x00007FF6897773BF]
	(No symbol) [0x00007FF68979F39C]
	(No symbol) [0x00007FF689777153]
	(No symbol) [0x00007FF689740421]
	(No symbol) [0x00007FF6897411B3]
	GetHandleVerifier [0x00007FF689C2D6FD+3223453]
	GetHandleVerifier [0x00007FF689C27CA2+3200322]
	GetHandleVerifier [0x00007FF689C45AD3+3322739]
	GetHandleVerifier [0x00007FF6899469FA+180890]
	GetHandleVerifier [0x00007FF68994E0FF+211359]
	GetHandleVerifier [0x00007FF689935274+109332]
	GetHandleVerifier [0x00007FF689935422+109762]
	GetHandleVerifier [0x00007FF68991BA39+4825]
	BaseThreadInitThunk [0x00007FFDE0AE7374+20]
	RtlUserThreadStart [0x00007FFDE0E5CC91+33]

2025-06-11 18:55:58,790 - WARNING - Phone: +201143552445 - Message Type: Selenium Send - Reason: Initial send failed, possibly invalid number/no WhatsApp - Details: Message: 
Stacktrace:
	GetHandleVerifier [0x00007FF68992CF25+75717]
	GetHandleVerifier [0x00007FF68992CF80+75808]
	(No symbol) [0x00007FF6896F8F9A]
	(No symbol) [0x00007FF68974F4C6]
	(No symbol) [0x00007FF68974F77C]
	(No symbol) [0x00007FF6897A2577]
	(No symbol) [0x00007FF6897773BF]
	(No symbol) [0x00007FF68979F39C]
	(No symbol) [0x00007FF689777153]
	(No symbol) [0x00007FF689740421]
	(No symbol) [0x00007FF6897411B3]
	GetHandleVerifier [0x00007FF689C2D6FD+3223453]
	GetHandleVerifier [0x00007FF689C27CA2+3200322]
	GetHandleVerifier [0x00007FF689C45AD3+3322739]
	GetHandleVerifier [0x00007FF6899469FA+180890]
	GetHandleVerifier [0x00007FF68994E0FF+211359]
	GetHandleVerifier [0x00007FF689935274+109332]
	GetHandleVerifier [0x00007FF689935422+109762]
	GetHandleVerifier [0x00007FF68991BA39+4825]
	BaseThreadInitThunk [0x00007FFDE0AE7374+20]
	RtlUserThreadStart [0x00007FFDE0E5CC91+33]

2025-06-11 19:00:09,008 - WARNING - Phone: +201147315833 - Message Type: Selenium Send - Reason: Initial send failed, possibly invalid number/no WhatsApp - Details: Message: 
Stacktrace:
	GetHandleVerifier [0x00007FF68992CF25+75717]
	GetHandleVerifier [0x00007FF68992CF80+75808]
	(No symbol) [0x00007FF6896F8F9A]
	(No symbol) [0x00007FF68974F4C6]
	(No symbol) [0x00007FF68974F77C]
	(No symbol) [0x00007FF6897A2577]
	(No symbol) [0x00007FF6897773BF]
	(No symbol) [0x00007FF68979F39C]
	(No symbol) [0x00007FF689777153]
	(No symbol) [0x00007FF689740421]
	(No symbol) [0x00007FF6897411B3]
	GetHandleVerifier [0x00007FF689C2D6FD+3223453]
	GetHandleVerifier [0x00007FF689C27CA2+3200322]
	GetHandleVerifier [0x00007FF689C45AD3+3322739]
	GetHandleVerifier [0x00007FF6899469FA+180890]
	GetHandleVerifier [0x00007FF68994E0FF+211359]
	GetHandleVerifier [0x00007FF689935274+109332]
	GetHandleVerifier [0x00007FF689935422+109762]
	GetHandleVerifier [0x00007FF68991BA39+4825]
	BaseThreadInitThunk [0x00007FFDE0AE7374+20]
	RtlUserThreadStart [0x00007FFDE0E5CC91+33]

2025-06-11 19:02:28,010 - WARNING - Phone: +201123665267 - Message Type: Selenium Send - Reason: Initial send failed, possibly invalid number/no WhatsApp - Details: Message: 
Stacktrace:
	GetHandleVerifier [0x00007FF68992CF25+75717]
	GetHandleVerifier [0x00007FF68992CF80+75808]
	(No symbol) [0x00007FF6896F8F9A]
	(No symbol) [0x00007FF68974F4C6]
	(No symbol) [0x00007FF68974F77C]
	(No symbol) [0x00007FF6897A2577]
	(No symbol) [0x00007FF6897773BF]
	(No symbol) [0x00007FF68979F39C]
	(No symbol) [0x00007FF689777153]
	(No symbol) [0x00007FF689740421]
	(No symbol) [0x00007FF6897411B3]
	GetHandleVerifier [0x00007FF689C2D6FD+3223453]
	GetHandleVerifier [0x00007FF689C27CA2+3200322]
	GetHandleVerifier [0x00007FF689C45AD3+3322739]
	GetHandleVerifier [0x00007FF6899469FA+180890]
	GetHandleVerifier [0x00007FF68994E0FF+211359]
	GetHandleVerifier [0x00007FF689935274+109332]
	GetHandleVerifier [0x00007FF689935422+109762]
	GetHandleVerifier [0x00007FF68991BA39+4825]
	BaseThreadInitThunk [0x00007FFDE0AE7374+20]
	RtlUserThreadStart [0x00007FFDE0E5CC91+33]

2025-06-11 19:03:33,461 - WARNING - Phone: +201142344941 - Message Type: Selenium Send - Reason: Initial send failed, possibly invalid number/no WhatsApp - Details: Message: 
Stacktrace:
	GetHandleVerifier [0x00007FF68992CF25+75717]
	GetHandleVerifier [0x00007FF68992CF80+75808]
	(No symbol) [0x00007FF6896F8F9A]
	(No symbol) [0x00007FF68974F4C6]
	(No symbol) [0x00007FF68974F77C]
	(No symbol) [0x00007FF6897A2577]
	(No symbol) [0x00007FF6897773BF]
	(No symbol) [0x00007FF68979F39C]
	(No symbol) [0x00007FF689777153]
	(No symbol) [0x00007FF689740421]
	(No symbol) [0x00007FF6897411B3]
	GetHandleVerifier [0x00007FF689C2D6FD+3223453]
	GetHandleVerifier [0x00007FF689C27CA2+3200322]
	GetHandleVerifier [0x00007FF689C45AD3+3322739]
	GetHandleVerifier [0x00007FF6899469FA+180890]
	GetHandleVerifier [0x00007FF68994E0FF+211359]
	GetHandleVerifier [0x00007FF689935274+109332]
	GetHandleVerifier [0x00007FF689935422+109762]
	GetHandleVerifier [0x00007FF68991BA39+4825]
	BaseThreadInitThunk [0x00007FFDE0AE7374+20]
	RtlUserThreadStart [0x00007FFDE0E5CC91+33]

2025-06-11 19:05:55,502 - WARNING - Phone: +201050831891 - Message Type: Selenium Send - Reason: Initial send failed, possibly invalid number/no WhatsApp - Details: Message: 
Stacktrace:
	GetHandleVerifier [0x00007FF68992CF25+75717]
	GetHandleVerifier [0x00007FF68992CF80+75808]
	(No symbol) [0x00007FF6896F8F9A]
	(No symbol) [0x00007FF68974F4C6]
	(No symbol) [0x00007FF68974F77C]
	(No symbol) [0x00007FF6897A2577]
	(No symbol) [0x00007FF6897773BF]
	(No symbol) [0x00007FF68979F39C]
	(No symbol) [0x00007FF689777153]
	(No symbol) [0x00007FF689740421]
	(No symbol) [0x00007FF6897411B3]
	GetHandleVerifier [0x00007FF689C2D6FD+3223453]
	GetHandleVerifier [0x00007FF689C27CA2+3200322]
	GetHandleVerifier [0x00007FF689C45AD3+3322739]
	GetHandleVerifier [0x00007FF6899469FA+180890]
	GetHandleVerifier [0x00007FF68994E0FF+211359]
	GetHandleVerifier [0x00007FF689935274+109332]
	GetHandleVerifier [0x00007FF689935422+109762]
	GetHandleVerifier [0x00007FF68991BA39+4825]
	BaseThreadInitThunk [0x00007FFDE0AE7374+20]
	RtlUserThreadStart [0x00007FFDE0E5CC91+33]

2025-06-11 19:06:27,124 - ERROR - Phone: +201050831891 - Message Type: Selenium Send Retry - Reason: Retry send failed, possibly invalid number/no WhatsApp - Details: Message: 
Stacktrace:
	GetHandleVerifier [0x00007FF68992CF25+75717]
	GetHandleVerifier [0x00007FF68992CF80+75808]
	(No symbol) [0x00007FF6896F8F9A]
	(No symbol) [0x00007FF68974F4C6]
	(No symbol) [0x00007FF68974F77C]
	(No symbol) [0x00007FF6897A2577]
	(No symbol) [0x00007FF6897773BF]
	(No symbol) [0x00007FF68979F39C]
	(No symbol) [0x00007FF689777153]
	(No symbol) [0x00007FF689740421]
	(No symbol) [0x00007FF6897411B3]
	GetHandleVerifier [0x00007FF689C2D6FD+3223453]
	GetHandleVerifier [0x00007FF689C27CA2+3200322]
	GetHandleVerifier [0x00007FF689C45AD3+3322739]
	GetHandleVerifier [0x00007FF6899469FA+180890]
	GetHandleVerifier [0x00007FF68994E0FF+211359]
	GetHandleVerifier [0x00007FF689935274+109332]
	GetHandleVerifier [0x00007FF689935422+109762]
	GetHandleVerifier [0x00007FF68991BA39+4825]
	BaseThreadInitThunk [0x00007FFDE0AE7374+20]
	RtlUserThreadStart [0x00007FFDE0E5CC91+33]

2025-06-11 19:06:27,124 - INFO - Student ID: 79 (Name: عبدالرحمن محمد) - Message Type: Broadcast Message - Reason: 
2025-06-11 19:09:05,694 - INFO - Student ID: 95 (Name: زهوه سعداوي) - Message Type: Broadcast Message - Reason: 
2025-06-11 19:09:06,696 - INFO - Student ID: 96 (Name: ريتال محمد سيد جمال) - Message Type: Broadcast Message - Reason: 
2025-06-11 19:28:57,050 - WARNING - Phone: +201119033630 - Message Type: Selenium Send - Reason: Initial send failed, possibly invalid number/no WhatsApp - Details: Message: 
Stacktrace:
	GetHandleVerifier [0x00007FF68992CF25+75717]
	GetHandleVerifier [0x00007FF68992CF80+75808]
	(No symbol) [0x00007FF6896F8F9A]
	(No symbol) [0x00007FF68974F4C6]
	(No symbol) [0x00007FF68974F77C]
	(No symbol) [0x00007FF6897A2577]
	(No symbol) [0x00007FF6897773BF]
	(No symbol) [0x00007FF68979F39C]
	(No symbol) [0x00007FF689777153]
	(No symbol) [0x00007FF689740421]
	(No symbol) [0x00007FF6897411B3]
	GetHandleVerifier [0x00007FF689C2D6FD+3223453]
	GetHandleVerifier [0x00007FF689C27CA2+3200322]
	GetHandleVerifier [0x00007FF689C45AD3+3322739]
	GetHandleVerifier [0x00007FF6899469FA+180890]
	GetHandleVerifier [0x00007FF68994E0FF+211359]
	GetHandleVerifier [0x00007FF689935274+109332]
	GetHandleVerifier [0x00007FF689935422+109762]
	GetHandleVerifier [0x00007FF68991BA39+4825]
	BaseThreadInitThunk [0x00007FFDE0AE7374+20]
	RtlUserThreadStart [0x00007FFDE0E5CC91+33]

2025-06-11 19:29:28,141 - ERROR - Phone: +201119033630 - Message Type: Selenium Send Retry - Reason: Retry send failed, possibly invalid number/no WhatsApp - Details: Message: 
Stacktrace:
	GetHandleVerifier [0x00007FF68992CF25+75717]
	GetHandleVerifier [0x00007FF68992CF80+75808]
	(No symbol) [0x00007FF6896F8F9A]
	(No symbol) [0x00007FF68974F4C6]
	(No symbol) [0x00007FF68974F77C]
	(No symbol) [0x00007FF6897A2577]
	(No symbol) [0x00007FF6897773BF]
	(No symbol) [0x00007FF68979F39C]
	(No symbol) [0x00007FF689777153]
	(No symbol) [0x00007FF689740421]
	(No symbol) [0x00007FF6897411B3]
	GetHandleVerifier [0x00007FF689C2D6FD+3223453]
	GetHandleVerifier [0x00007FF689C27CA2+3200322]
	GetHandleVerifier [0x00007FF689C45AD3+3322739]
	GetHandleVerifier [0x00007FF6899469FA+180890]
	GetHandleVerifier [0x00007FF68994E0FF+211359]
	GetHandleVerifier [0x00007FF689935274+109332]
	GetHandleVerifier [0x00007FF689935422+109762]
	GetHandleVerifier [0x00007FF68991BA39+4825]
	BaseThreadInitThunk [0x00007FFDE0AE7374+20]
	RtlUserThreadStart [0x00007FFDE0E5CC91+33]

2025-06-11 19:29:28,142 - INFO - Student ID: 14 (Name: محمد حمدي عاشور) - Message Type: Broadcast Message - Reason: 
2025-06-11 19:30:12,343 - WARNING - Phone: +201119033630 - Message Type: Selenium Send - Reason: Initial send failed, possibly invalid number/no WhatsApp - Details: Message: 
Stacktrace:
	GetHandleVerifier [0x00007FF68992CF25+75717]
	GetHandleVerifier [0x00007FF68992CF80+75808]
	(No symbol) [0x00007FF6896F8F9A]
	(No symbol) [0x00007FF68974F4C6]
	(No symbol) [0x00007FF68974F77C]
	(No symbol) [0x00007FF6897A2577]
	(No symbol) [0x00007FF6897773BF]
	(No symbol) [0x00007FF68979F39C]
	(No symbol) [0x00007FF689777153]
	(No symbol) [0x00007FF689740421]
	(No symbol) [0x00007FF6897411B3]
	GetHandleVerifier [0x00007FF689C2D6FD+3223453]
	GetHandleVerifier [0x00007FF689C27CA2+3200322]
	GetHandleVerifier [0x00007FF689C45AD3+3322739]
	GetHandleVerifier [0x00007FF6899469FA+180890]
	GetHandleVerifier [0x00007FF68994E0FF+211359]
	GetHandleVerifier [0x00007FF689935274+109332]
	GetHandleVerifier [0x00007FF689935422+109762]
	GetHandleVerifier [0x00007FF68991BA39+4825]
	BaseThreadInitThunk [0x00007FFDE0AE7374+20]
	RtlUserThreadStart [0x00007FFDE0E5CC91+33]

2025-06-11 19:30:44,157 - ERROR - Phone: +201119033630 - Message Type: Selenium Send Retry - Reason: Retry send failed, possibly invalid number/no WhatsApp - Details: Message: 
Stacktrace:
	GetHandleVerifier [0x00007FF68992CF25+75717]
	GetHandleVerifier [0x00007FF68992CF80+75808]
	(No symbol) [0x00007FF6896F8F9A]
	(No symbol) [0x00007FF68974F4C6]
	(No symbol) [0x00007FF68974F77C]
	(No symbol) [0x00007FF6897A2577]
	(No symbol) [0x00007FF6897773BF]
	(No symbol) [0x00007FF68979F39C]
	(No symbol) [0x00007FF689777153]
	(No symbol) [0x00007FF689740421]
	(No symbol) [0x00007FF6897411B3]
	GetHandleVerifier [0x00007FF689C2D6FD+3223453]
	GetHandleVerifier [0x00007FF689C27CA2+3200322]
	GetHandleVerifier [0x00007FF689C45AD3+3322739]
	GetHandleVerifier [0x00007FF6899469FA+180890]
	GetHandleVerifier [0x00007FF68994E0FF+211359]
	GetHandleVerifier [0x00007FF689935274+109332]
	GetHandleVerifier [0x00007FF689935422+109762]
	GetHandleVerifier [0x00007FF68991BA39+4825]
	BaseThreadInitThunk [0x00007FFDE0AE7374+20]
	RtlUserThreadStart [0x00007FFDE0E5CC91+33]

2025-06-11 19:30:44,157 - INFO - Student ID: 14 (Name: محمد حمدي عاشور) - Message Type: Broadcast Message - Reason: 
2025-06-14 11:13:11,940 - WARNING - Phone: +201125967696 - Message Type: Selenium Send - Reason: Initial send failed, possibly invalid number/no WhatsApp - Details: Message: 
Stacktrace:
	GetHandleVerifier [0x00007FF71E40CF25+75717]
	GetHandleVerifier [0x00007FF71E40CF80+75808]
	(No symbol) [0x00007FF71E1D8F9A]
	(No symbol) [0x00007FF71E22F4C6]
	(No symbol) [0x00007FF71E22F77C]
	(No symbol) [0x00007FF71E282577]
	(No symbol) [0x00007FF71E2573BF]
	(No symbol) [0x00007FF71E27F39C]
	(No symbol) [0x00007FF71E257153]
	(No symbol) [0x00007FF71E220421]
	(No symbol) [0x00007FF71E2211B3]
	GetHandleVerifier [0x00007FF71E70D6FD+3223453]
	GetHandleVerifier [0x00007FF71E707CA2+3200322]
	GetHandleVerifier [0x00007FF71E725AD3+3322739]
	GetHandleVerifier [0x00007FF71E4269FA+180890]
	GetHandleVerifier [0x00007FF71E42E0FF+211359]
	GetHandleVerifier [0x00007FF71E415274+109332]
	GetHandleVerifier [0x00007FF71E415422+109762]
	GetHandleVerifier [0x00007FF71E3FBA39+4825]
	BaseThreadInitThunk [0x00007FFD6CC37374+20]
	RtlUserThreadStart [0x00007FFD6CE9CC91+33]

2025-06-14 11:13:44,024 - ERROR - Phone: +201125967696 - Message Type: Selenium Send Retry - Reason: Retry send failed, possibly invalid number/no WhatsApp - Details: Message: 
Stacktrace:
	GetHandleVerifier [0x00007FF71E40CF25+75717]
	GetHandleVerifier [0x00007FF71E40CF80+75808]
	(No symbol) [0x00007FF71E1D8F9A]
	(No symbol) [0x00007FF71E22F4C6]
	(No symbol) [0x00007FF71E22F77C]
	(No symbol) [0x00007FF71E282577]
	(No symbol) [0x00007FF71E2573BF]
	(No symbol) [0x00007FF71E27F39C]
	(No symbol) [0x00007FF71E257153]
	(No symbol) [0x00007FF71E220421]
	(No symbol) [0x00007FF71E2211B3]
	GetHandleVerifier [0x00007FF71E70D6FD+3223453]
	GetHandleVerifier [0x00007FF71E707CA2+3200322]
	GetHandleVerifier [0x00007FF71E725AD3+3322739]
	GetHandleVerifier [0x00007FF71E4269FA+180890]
	GetHandleVerifier [0x00007FF71E42E0FF+211359]
	GetHandleVerifier [0x00007FF71E415274+109332]
	GetHandleVerifier [0x00007FF71E415422+109762]
	GetHandleVerifier [0x00007FF71E3FBA39+4825]
	BaseThreadInitThunk [0x00007FFD6CC37374+20]
	RtlUserThreadStart [0x00007FFD6CE9CC91+33]

2025-06-14 11:13:44,024 - INFO - Student ID: 96 (Name: ريتال محمد سيد) - Message Type: Lateness Alert - Reason: 
2025-06-14 11:14:16,573 - WARNING - Phone: +201125967696 - Message Type: Selenium Send - Reason: Initial send failed, possibly invalid number/no WhatsApp - Details: Message: 
Stacktrace:
	GetHandleVerifier [0x00007FF71E40CF25+75717]
	GetHandleVerifier [0x00007FF71E40CF80+75808]
	(No symbol) [0x00007FF71E1D8F9A]
	(No symbol) [0x00007FF71E22F4C6]
	(No symbol) [0x00007FF71E22F77C]
	(No symbol) [0x00007FF71E282577]
	(No symbol) [0x00007FF71E2573BF]
	(No symbol) [0x00007FF71E27F39C]
	(No symbol) [0x00007FF71E257153]
	(No symbol) [0x00007FF71E220421]
	(No symbol) [0x00007FF71E2211B3]
	GetHandleVerifier [0x00007FF71E70D6FD+3223453]
	GetHandleVerifier [0x00007FF71E707CA2+3200322]
	GetHandleVerifier [0x00007FF71E725AD3+3322739]
	GetHandleVerifier [0x00007FF71E4269FA+180890]
	GetHandleVerifier [0x00007FF71E42E0FF+211359]
	GetHandleVerifier [0x00007FF71E415274+109332]
	GetHandleVerifier [0x00007FF71E415422+109762]
	GetHandleVerifier [0x00007FF71E3FBA39+4825]
	BaseThreadInitThunk [0x00007FFD6CC37374+20]
	RtlUserThreadStart [0x00007FFD6CE9CC91+33]

2025-06-14 11:14:48,031 - ERROR - Phone: +201125967696 - Message Type: Selenium Send Retry - Reason: Retry send failed, possibly invalid number/no WhatsApp - Details: Message: 
Stacktrace:
	GetHandleVerifier [0x00007FF71E40CF25+75717]
	GetHandleVerifier [0x00007FF71E40CF80+75808]
	(No symbol) [0x00007FF71E1D8F9A]
	(No symbol) [0x00007FF71E22F4C6]
	(No symbol) [0x00007FF71E22F77C]
	(No symbol) [0x00007FF71E282577]
	(No symbol) [0x00007FF71E2573BF]
	(No symbol) [0x00007FF71E27F39C]
	(No symbol) [0x00007FF71E257153]
	(No symbol) [0x00007FF71E220421]
	(No symbol) [0x00007FF71E2211B3]
	GetHandleVerifier [0x00007FF71E70D6FD+3223453]
	GetHandleVerifier [0x00007FF71E707CA2+3200322]
	GetHandleVerifier [0x00007FF71E725AD3+3322739]
	GetHandleVerifier [0x00007FF71E4269FA+180890]
	GetHandleVerifier [0x00007FF71E42E0FF+211359]
	GetHandleVerifier [0x00007FF71E415274+109332]
	GetHandleVerifier [0x00007FF71E415422+109762]
	GetHandleVerifier [0x00007FF71E3FBA39+4825]
	BaseThreadInitThunk [0x00007FFD6CC37374+20]
	RtlUserThreadStart [0x00007FFD6CE9CC91+33]

2025-06-14 11:14:48,031 - INFO - Student ID: 96 (Name: ريتال محمد سيد) - Message Type: Attendance - Reason: 
2025-06-14 20:49:03,622 - WARNING - Phone: +201113793676 - Message Type: Selenium Send - Reason: Initial send failed, possibly invalid number/no WhatsApp - Details: Message: 
Stacktrace:
	GetHandleVerifier [0x00007FF6CF66CF25+75717]
	GetHandleVerifier [0x00007FF6CF66CF80+75808]
	(No symbol) [0x00007FF6CF438F9A]
	(No symbol) [0x00007FF6CF48F4C6]
	(No symbol) [0x00007FF6CF48F77C]
	(No symbol) [0x00007FF6CF4E2577]
	(No symbol) [0x00007FF6CF4B73BF]
	(No symbol) [0x00007FF6CF4DF39C]
	(No symbol) [0x00007FF6CF4B7153]
	(No symbol) [0x00007FF6CF480421]
	(No symbol) [0x00007FF6CF4811B3]
	GetHandleVerifier [0x00007FF6CF96D6FD+3223453]
	GetHandleVerifier [0x00007FF6CF967CA2+3200322]
	GetHandleVerifier [0x00007FF6CF985AD3+3322739]
	GetHandleVerifier [0x00007FF6CF6869FA+180890]
	GetHandleVerifier [0x00007FF6CF68E0FF+211359]
	GetHandleVerifier [0x00007FF6CF675274+109332]
	GetHandleVerifier [0x00007FF6CF675422+109762]
	GetHandleVerifier [0x00007FF6CF65BA39+4825]
	BaseThreadInitThunk [0x00007FFAFF677374+20]
	RtlUserThreadStart [0x00007FFB00BFCC91+33]

2025-06-14 21:10:29,661 - INFO - Student ID: 163 (Name: عبدالرحمن عبدالله) - Message Type: PaymentAttendance - Reason: 
2025-06-14 21:11:59,916 - INFO - Student ID: 163 (Name: عبدالرحمن عبدالله) - Message Type: Lateness Alert - Reason: 
2025-06-14 21:14:07,766 - INFO - Student ID: 67 (Name: تجريب) - Message Type: PaymentAttendance - Reason: 
2025-06-14 21:15:44,183 - INFO - Student ID: 163 (Name: عبدالرحمن عبدالله) - Message Type: Lateness Alert - Reason: 
2025-06-14 21:15:50,551 - INFO - Student ID: 163 (Name: عبدالرحمن عبدالله) - Message Type: PaymentAttendance - Reason: 
2025-06-15 08:06:03,138 - WARNING - Phone: +201112119544 - Message Type: Selenium Send - Reason: Initial send failed, possibly invalid number/no WhatsApp - Details: Message: 
Stacktrace:
	GetHandleVerifier [0x00007FF64159CF25+75717]
	GetHandleVerifier [0x00007FF64159CF80+75808]
	(No symbol) [0x00007FF641368F9A]
	(No symbol) [0x00007FF6413BF4C6]
	(No symbol) [0x00007FF6413BF77C]
	(No symbol) [0x00007FF641412577]
	(No symbol) [0x00007FF6413E73BF]
	(No symbol) [0x00007FF64140F39C]
	(No symbol) [0x00007FF6413E7153]
	(No symbol) [0x00007FF6413B0421]
	(No symbol) [0x00007FF6413B11B3]
	GetHandleVerifier [0x00007FF64189D6FD+3223453]
	GetHandleVerifier [0x00007FF641897CA2+3200322]
	GetHandleVerifier [0x00007FF6418B5AD3+3322739]
	GetHandleVerifier [0x00007FF6415B69FA+180890]
	GetHandleVerifier [0x00007FF6415BE0FF+211359]
	GetHandleVerifier [0x00007FF6415A5274+109332]
	GetHandleVerifier [0x00007FF6415A5422+109762]
	GetHandleVerifier [0x00007FF64158BA39+4825]
	BaseThreadInitThunk [0x00007FF9A0827374+20]
	RtlUserThreadStart [0x00007FF9A1EDCC91+33]

2025-06-15 08:06:34,693 - ERROR - Phone: +201112119544 - Message Type: Selenium Send Retry - Reason: Retry send failed, possibly invalid number/no WhatsApp - Details: Message: 
Stacktrace:
	GetHandleVerifier [0x00007FF64159CF25+75717]
	GetHandleVerifier [0x00007FF64159CF80+75808]
	(No symbol) [0x00007FF641368F9A]
	(No symbol) [0x00007FF6413BF4C6]
	(No symbol) [0x00007FF6413BF77C]
	(No symbol) [0x00007FF641412577]
	(No symbol) [0x00007FF6413E73BF]
	(No symbol) [0x00007FF64140F39C]
	(No symbol) [0x00007FF6413E7153]
	(No symbol) [0x00007FF6413B0421]
	(No symbol) [0x00007FF6413B11B3]
	GetHandleVerifier [0x00007FF64189D6FD+3223453]
	GetHandleVerifier [0x00007FF641897CA2+3200322]
	GetHandleVerifier [0x00007FF6418B5AD3+3322739]
	GetHandleVerifier [0x00007FF6415B69FA+180890]
	GetHandleVerifier [0x00007FF6415BE0FF+211359]
	GetHandleVerifier [0x00007FF6415A5274+109332]
	GetHandleVerifier [0x00007FF6415A5422+109762]
	GetHandleVerifier [0x00007FF64158BA39+4825]
	BaseThreadInitThunk [0x00007FF9A0827374+20]
	RtlUserThreadStart [0x00007FF9A1EDCC91+33]

2025-06-15 08:06:34,694 - INFO - Student ID: 17 (Name: الما طه صالح) - Message Type: FreeTry - Reason: 
2025-06-15 08:07:07,248 - WARNING - Phone: +201152466131 - Message Type: Selenium Send - Reason: Initial send failed, possibly invalid number/no WhatsApp - Details: Message: 
Stacktrace:
	GetHandleVerifier [0x00007FF64159CF25+75717]
	GetHandleVerifier [0x00007FF64159CF80+75808]
	(No symbol) [0x00007FF641368F9A]
	(No symbol) [0x00007FF6413BF4C6]
	(No symbol) [0x00007FF6413BF77C]
	(No symbol) [0x00007FF641412577]
	(No symbol) [0x00007FF6413E73BF]
	(No symbol) [0x00007FF64140F39C]
	(No symbol) [0x00007FF6413E7153]
	(No symbol) [0x00007FF6413B0421]
	(No symbol) [0x00007FF6413B11B3]
	GetHandleVerifier [0x00007FF64189D6FD+3223453]
	GetHandleVerifier [0x00007FF641897CA2+3200322]
	GetHandleVerifier [0x00007FF6418B5AD3+3322739]
	GetHandleVerifier [0x00007FF6415B69FA+180890]
	GetHandleVerifier [0x00007FF6415BE0FF+211359]
	GetHandleVerifier [0x00007FF6415A5274+109332]
	GetHandleVerifier [0x00007FF6415A5422+109762]
	GetHandleVerifier [0x00007FF64158BA39+4825]
	BaseThreadInitThunk [0x00007FF9A0827374+20]
	RtlUserThreadStart [0x00007FF9A1EDCC91+33]

2025-06-15 08:07:38,818 - ERROR - Phone: +201152466131 - Message Type: Selenium Send Retry - Reason: Retry send failed, possibly invalid number/no WhatsApp - Details: Message: 
Stacktrace:
	GetHandleVerifier [0x00007FF64159CF25+75717]
	GetHandleVerifier [0x00007FF64159CF80+75808]
	(No symbol) [0x00007FF641368F9A]
	(No symbol) [0x00007FF6413BF4C6]
	(No symbol) [0x00007FF6413BF77C]
	(No symbol) [0x00007FF641412577]
	(No symbol) [0x00007FF6413E73BF]
	(No symbol) [0x00007FF64140F39C]
	(No symbol) [0x00007FF6413E7153]
	(No symbol) [0x00007FF6413B0421]
	(No symbol) [0x00007FF6413B11B3]
	GetHandleVerifier [0x00007FF64189D6FD+3223453]
	GetHandleVerifier [0x00007FF641897CA2+3200322]
	GetHandleVerifier [0x00007FF6418B5AD3+3322739]
	GetHandleVerifier [0x00007FF6415B69FA+180890]
	GetHandleVerifier [0x00007FF6415BE0FF+211359]
	GetHandleVerifier [0x00007FF6415A5274+109332]
	GetHandleVerifier [0x00007FF6415A5422+109762]
	GetHandleVerifier [0x00007FF64158BA39+4825]
	BaseThreadInitThunk [0x00007FF9A0827374+20]
	RtlUserThreadStart [0x00007FF9A1EDCC91+33]

2025-06-15 08:07:38,818 - INFO - Student ID: 47 (Name: شروق بهاء محمد) - Message Type: FreeTry - Reason: 
2025-06-15 08:11:34,813 - WARNING - Phone: +201157809059 - Message Type: Selenium Send - Reason: Initial send failed, possibly invalid number/no WhatsApp - Details: Message: 
Stacktrace:
	GetHandleVerifier [0x00007FF64159CF25+75717]
	GetHandleVerifier [0x00007FF64159CF80+75808]
	(No symbol) [0x00007FF641368F9A]
	(No symbol) [0x00007FF6413BF4C6]
	(No symbol) [0x00007FF6413BF77C]
	(No symbol) [0x00007FF641412577]
	(No symbol) [0x00007FF6413E73BF]
	(No symbol) [0x00007FF64140F39C]
	(No symbol) [0x00007FF6413E7153]
	(No symbol) [0x00007FF6413B0421]
	(No symbol) [0x00007FF6413B11B3]
	GetHandleVerifier [0x00007FF64189D6FD+3223453]
	GetHandleVerifier [0x00007FF641897CA2+3200322]
	GetHandleVerifier [0x00007FF6418B5AD3+3322739]
	GetHandleVerifier [0x00007FF6415B69FA+180890]
	GetHandleVerifier [0x00007FF6415BE0FF+211359]
	GetHandleVerifier [0x00007FF6415A5274+109332]
	GetHandleVerifier [0x00007FF6415A5422+109762]
	GetHandleVerifier [0x00007FF64158BA39+4825]
	BaseThreadInitThunk [0x00007FF9A0827374+20]
	RtlUserThreadStart [0x00007FF9A1EDCC91+33]

2025-06-15 08:12:06,073 - ERROR - Phone: +201157809059 - Message Type: Selenium Send Retry - Reason: Retry send failed, possibly invalid number/no WhatsApp - Details: Message: 
Stacktrace:
	GetHandleVerifier [0x00007FF64159CF25+75717]
	GetHandleVerifier [0x00007FF64159CF80+75808]
	(No symbol) [0x00007FF641368F9A]
	(No symbol) [0x00007FF6413BF4C6]
	(No symbol) [0x00007FF6413BF77C]
	(No symbol) [0x00007FF641412577]
	(No symbol) [0x00007FF6413E73BF]
	(No symbol) [0x00007FF64140F39C]
	(No symbol) [0x00007FF6413E7153]
	(No symbol) [0x00007FF6413B0421]
	(No symbol) [0x00007FF6413B11B3]
	GetHandleVerifier [0x00007FF64189D6FD+3223453]
	GetHandleVerifier [0x00007FF641897CA2+3200322]
	GetHandleVerifier [0x00007FF6418B5AD3+3322739]
	GetHandleVerifier [0x00007FF6415B69FA+180890]
	GetHandleVerifier [0x00007FF6415BE0FF+211359]
	GetHandleVerifier [0x00007FF6415A5274+109332]
	GetHandleVerifier [0x00007FF6415A5422+109762]
	GetHandleVerifier [0x00007FF64158BA39+4825]
	BaseThreadInitThunk [0x00007FF9A0827374+20]
	RtlUserThreadStart [0x00007FF9A1EDCC91+33]

2025-06-15 08:12:06,073 - INFO - Student ID: 43 (Name: زمزم زياد محمود) - Message Type: FreeTry - Reason: 
2025-06-15 08:12:41,679 - WARNING - Phone: +201145279498 - Message Type: Selenium Send - Reason: Initial send failed, possibly invalid number/no WhatsApp - Details: Message: 
Stacktrace:
	GetHandleVerifier [0x00007FF64159CF25+75717]
	GetHandleVerifier [0x00007FF64159CF80+75808]
	(No symbol) [0x00007FF641368F9A]
	(No symbol) [0x00007FF6413BF4C6]
	(No symbol) [0x00007FF6413BF77C]
	(No symbol) [0x00007FF641412577]
	(No symbol) [0x00007FF6413E73BF]
	(No symbol) [0x00007FF64140F39C]
	(No symbol) [0x00007FF6413E7153]
	(No symbol) [0x00007FF6413B0421]
	(No symbol) [0x00007FF6413B11B3]
	GetHandleVerifier [0x00007FF64189D6FD+3223453]
	GetHandleVerifier [0x00007FF641897CA2+3200322]
	GetHandleVerifier [0x00007FF6418B5AD3+3322739]
	GetHandleVerifier [0x00007FF6415B69FA+180890]
	GetHandleVerifier [0x00007FF6415BE0FF+211359]
	GetHandleVerifier [0x00007FF6415A5274+109332]
	GetHandleVerifier [0x00007FF6415A5422+109762]
	GetHandleVerifier [0x00007FF64158BA39+4825]
	BaseThreadInitThunk [0x00007FF9A0827374+20]
	RtlUserThreadStart [0x00007FF9A1EDCC91+33]

2025-06-15 08:13:12,969 - ERROR - Phone: +201145279498 - Message Type: Selenium Send Retry - Reason: Retry send failed, possibly invalid number/no WhatsApp - Details: Message: 
Stacktrace:
	GetHandleVerifier [0x00007FF64159CF25+75717]
	GetHandleVerifier [0x00007FF64159CF80+75808]
	(No symbol) [0x00007FF641368F9A]
	(No symbol) [0x00007FF6413BF4C6]
	(No symbol) [0x00007FF6413BF77C]
	(No symbol) [0x00007FF641412577]
	(No symbol) [0x00007FF6413E73BF]
	(No symbol) [0x00007FF64140F39C]
	(No symbol) [0x00007FF6413E7153]
	(No symbol) [0x00007FF6413B0421]
	(No symbol) [0x00007FF6413B11B3]
	GetHandleVerifier [0x00007FF64189D6FD+3223453]
	GetHandleVerifier [0x00007FF641897CA2+3200322]
	GetHandleVerifier [0x00007FF6418B5AD3+3322739]
	GetHandleVerifier [0x00007FF6415B69FA+180890]
	GetHandleVerifier [0x00007FF6415BE0FF+211359]
	GetHandleVerifier [0x00007FF6415A5274+109332]
	GetHandleVerifier [0x00007FF6415A5422+109762]
	GetHandleVerifier [0x00007FF64158BA39+4825]
	BaseThreadInitThunk [0x00007FF9A0827374+20]
	RtlUserThreadStart [0x00007FF9A1EDCC91+33]

2025-06-15 08:13:12,969 - INFO - Student ID: 88 (Name: احمد عيون رشوان) - Message Type: FreeTry - Reason: 
2025-06-15 08:21:15,410 - WARNING - Phone: +201146752700 - Message Type: Selenium Send - Reason: Initial send failed, possibly invalid number/no WhatsApp - Details: Message: 
Stacktrace:
	GetHandleVerifier [0x00007FF64159CF25+75717]
	GetHandleVerifier [0x00007FF64159CF80+75808]
	(No symbol) [0x00007FF641368F9A]
	(No symbol) [0x00007FF6413BF4C6]
	(No symbol) [0x00007FF6413BF77C]
	(No symbol) [0x00007FF641412577]
	(No symbol) [0x00007FF6413E73BF]
	(No symbol) [0x00007FF64140F39C]
	(No symbol) [0x00007FF6413E7153]
	(No symbol) [0x00007FF6413B0421]
	(No symbol) [0x00007FF6413B11B3]
	GetHandleVerifier [0x00007FF64189D6FD+3223453]
	GetHandleVerifier [0x00007FF641897CA2+3200322]
	GetHandleVerifier [0x00007FF6418B5AD3+3322739]
	GetHandleVerifier [0x00007FF6415B69FA+180890]
	GetHandleVerifier [0x00007FF6415BE0FF+211359]
	GetHandleVerifier [0x00007FF6415A5274+109332]
	GetHandleVerifier [0x00007FF6415A5422+109762]
	GetHandleVerifier [0x00007FF64158BA39+4825]
	BaseThreadInitThunk [0x00007FF9A0827374+20]
	RtlUserThreadStart [0x00007FF9A1EDCC91+33]

2025-06-15 08:21:47,110 - ERROR - Phone: +201146752700 - Message Type: Selenium Send Retry - Reason: Retry send failed, possibly invalid number/no WhatsApp - Details: Message: 
Stacktrace:
	GetHandleVerifier [0x00007FF64159CF25+75717]
	GetHandleVerifier [0x00007FF64159CF80+75808]
	(No symbol) [0x00007FF641368F9A]
	(No symbol) [0x00007FF6413BF4C6]
	(No symbol) [0x00007FF6413BF77C]
	(No symbol) [0x00007FF641412577]
	(No symbol) [0x00007FF6413E73BF]
	(No symbol) [0x00007FF64140F39C]
	(No symbol) [0x00007FF6413E7153]
	(No symbol) [0x00007FF6413B0421]
	(No symbol) [0x00007FF6413B11B3]
	GetHandleVerifier [0x00007FF64189D6FD+3223453]
	GetHandleVerifier [0x00007FF641897CA2+3200322]
	GetHandleVerifier [0x00007FF6418B5AD3+3322739]
	GetHandleVerifier [0x00007FF6415B69FA+180890]
	GetHandleVerifier [0x00007FF6415BE0FF+211359]
	GetHandleVerifier [0x00007FF6415A5274+109332]
	GetHandleVerifier [0x00007FF6415A5422+109762]
	GetHandleVerifier [0x00007FF64158BA39+4825]
	BaseThreadInitThunk [0x00007FF9A0827374+20]
	RtlUserThreadStart [0x00007FF9A1EDCC91+33]

2025-06-15 08:21:47,111 - INFO - Student ID: 165 (Name: علاء قطب عاشور) - Message Type: PaymentAttendance - Reason: 
2025-06-15 08:22:19,535 - WARNING - Phone: +201142576858 - Message Type: Selenium Send - Reason: Initial send failed, possibly invalid number/no WhatsApp - Details: Message: 
Stacktrace:
	GetHandleVerifier [0x00007FF64159CF25+75717]
	GetHandleVerifier [0x00007FF64159CF80+75808]
	(No symbol) [0x00007FF641368F9A]
	(No symbol) [0x00007FF6413BF4C6]
	(No symbol) [0x00007FF6413BF77C]
	(No symbol) [0x00007FF641412577]
	(No symbol) [0x00007FF6413E73BF]
	(No symbol) [0x00007FF64140F39C]
	(No symbol) [0x00007FF6413E7153]
	(No symbol) [0x00007FF6413B0421]
	(No symbol) [0x00007FF6413B11B3]
	GetHandleVerifier [0x00007FF64189D6FD+3223453]
	GetHandleVerifier [0x00007FF641897CA2+3200322]
	GetHandleVerifier [0x00007FF6418B5AD3+3322739]
	GetHandleVerifier [0x00007FF6415B69FA+180890]
	GetHandleVerifier [0x00007FF6415BE0FF+211359]
	GetHandleVerifier [0x00007FF6415A5274+109332]
	GetHandleVerifier [0x00007FF6415A5422+109762]
	GetHandleVerifier [0x00007FF64158BA39+4825]
	BaseThreadInitThunk [0x00007FF9A0827374+20]
	RtlUserThreadStart [0x00007FF9A1EDCC91+33]

2025-06-15 08:22:50,726 - ERROR - Phone: +201142576858 - Message Type: Selenium Send Retry - Reason: Retry send failed, possibly invalid number/no WhatsApp - Details: Message: 
Stacktrace:
	GetHandleVerifier [0x00007FF64159CF25+75717]
	GetHandleVerifier [0x00007FF64159CF80+75808]
	(No symbol) [0x00007FF641368F9A]
	(No symbol) [0x00007FF6413BF4C6]
	(No symbol) [0x00007FF6413BF77C]
	(No symbol) [0x00007FF641412577]
	(No symbol) [0x00007FF6413E73BF]
	(No symbol) [0x00007FF64140F39C]
	(No symbol) [0x00007FF6413E7153]
	(No symbol) [0x00007FF6413B0421]
	(No symbol) [0x00007FF6413B11B3]
	GetHandleVerifier [0x00007FF64189D6FD+3223453]
	GetHandleVerifier [0x00007FF641897CA2+3200322]
	GetHandleVerifier [0x00007FF6418B5AD3+3322739]
	GetHandleVerifier [0x00007FF6415B69FA+180890]
	GetHandleVerifier [0x00007FF6415BE0FF+211359]
	GetHandleVerifier [0x00007FF6415A5274+109332]
	GetHandleVerifier [0x00007FF6415A5422+109762]
	GetHandleVerifier [0x00007FF64158BA39+4825]
	BaseThreadInitThunk [0x00007FF9A0827374+20]
	RtlUserThreadStart [0x00007FF9A1EDCC91+33]

2025-06-15 08:22:50,726 - INFO - Student ID: 39 (Name: شاهيناز شعبان عبدالعزيز) - Message Type: FreeTry - Reason: 
2025-06-15 08:23:23,724 - WARNING - Phone: +201127506447 - Message Type: Selenium Send - Reason: Initial send failed, possibly invalid number/no WhatsApp - Details: Message: 
Stacktrace:
	GetHandleVerifier [0x00007FF64159CF25+75717]
	GetHandleVerifier [0x00007FF64159CF80+75808]
	(No symbol) [0x00007FF641368F9A]
	(No symbol) [0x00007FF6413BF4C6]
	(No symbol) [0x00007FF6413BF77C]
	(No symbol) [0x00007FF641412577]
	(No symbol) [0x00007FF6413E73BF]
	(No symbol) [0x00007FF64140F39C]
	(No symbol) [0x00007FF6413E7153]
	(No symbol) [0x00007FF6413B0421]
	(No symbol) [0x00007FF6413B11B3]
	GetHandleVerifier [0x00007FF64189D6FD+3223453]
	GetHandleVerifier [0x00007FF641897CA2+3200322]
	GetHandleVerifier [0x00007FF6418B5AD3+3322739]
	GetHandleVerifier [0x00007FF6415B69FA+180890]
	GetHandleVerifier [0x00007FF6415BE0FF+211359]
	GetHandleVerifier [0x00007FF6415A5274+109332]
	GetHandleVerifier [0x00007FF6415A5422+109762]
	GetHandleVerifier [0x00007FF64158BA39+4825]
	BaseThreadInitThunk [0x00007FF9A0827374+20]
	RtlUserThreadStart [0x00007FF9A1EDCC91+33]

2025-06-15 08:23:55,214 - ERROR - Phone: +201127506447 - Message Type: Selenium Send Retry - Reason: Retry send failed, possibly invalid number/no WhatsApp - Details: Message: 
Stacktrace:
	GetHandleVerifier [0x00007FF64159CF25+75717]
	GetHandleVerifier [0x00007FF64159CF80+75808]
	(No symbol) [0x00007FF641368F9A]
	(No symbol) [0x00007FF6413BF4C6]
	(No symbol) [0x00007FF6413BF77C]
	(No symbol) [0x00007FF641412577]
	(No symbol) [0x00007FF6413E73BF]
	(No symbol) [0x00007FF64140F39C]
	(No symbol) [0x00007FF6413E7153]
	(No symbol) [0x00007FF6413B0421]
	(No symbol) [0x00007FF6413B11B3]
	GetHandleVerifier [0x00007FF64189D6FD+3223453]
	GetHandleVerifier [0x00007FF641897CA2+3200322]
	GetHandleVerifier [0x00007FF6418B5AD3+3322739]
	GetHandleVerifier [0x00007FF6415B69FA+180890]
	GetHandleVerifier [0x00007FF6415BE0FF+211359]
	GetHandleVerifier [0x00007FF6415A5274+109332]
	GetHandleVerifier [0x00007FF6415A5422+109762]
	GetHandleVerifier [0x00007FF64158BA39+4825]
	BaseThreadInitThunk [0x00007FF9A0827374+20]
	RtlUserThreadStart [0x00007FF9A1EDCC91+33]

2025-06-15 08:23:55,215 - INFO - Student ID: 45 (Name: ادم اسلام عبدالرحمن) - Message Type: FreeTry - Reason: 
2025-06-15 08:24:27,799 - WARNING - Phone: +201141868918 - Message Type: Selenium Send - Reason: Initial send failed, possibly invalid number/no WhatsApp - Details: Message: 
Stacktrace:
	GetHandleVerifier [0x00007FF64159CF25+75717]
	GetHandleVerifier [0x00007FF64159CF80+75808]
	(No symbol) [0x00007FF641368F9A]
	(No symbol) [0x00007FF6413BF4C6]
	(No symbol) [0x00007FF6413BF77C]
	(No symbol) [0x00007FF641412577]
	(No symbol) [0x00007FF6413E73BF]
	(No symbol) [0x00007FF64140F39C]
	(No symbol) [0x00007FF6413E7153]
	(No symbol) [0x00007FF6413B0421]
	(No symbol) [0x00007FF6413B11B3]
	GetHandleVerifier [0x00007FF64189D6FD+3223453]
	GetHandleVerifier [0x00007FF641897CA2+3200322]
	GetHandleVerifier [0x00007FF6418B5AD3+3322739]
	GetHandleVerifier [0x00007FF6415B69FA+180890]
	GetHandleVerifier [0x00007FF6415BE0FF+211359]
	GetHandleVerifier [0x00007FF6415A5274+109332]
	GetHandleVerifier [0x00007FF6415A5422+109762]
	GetHandleVerifier [0x00007FF64158BA39+4825]
	BaseThreadInitThunk [0x00007FF9A0827374+20]
	RtlUserThreadStart [0x00007FF9A1EDCC91+33]

2025-06-15 08:24:59,217 - ERROR - Phone: +201141868918 - Message Type: Selenium Send Retry - Reason: Retry send failed, possibly invalid number/no WhatsApp - Details: Message: 
Stacktrace:
	GetHandleVerifier [0x00007FF64159CF25+75717]
	GetHandleVerifier [0x00007FF64159CF80+75808]
	(No symbol) [0x00007FF641368F9A]
	(No symbol) [0x00007FF6413BF4C6]
	(No symbol) [0x00007FF6413BF77C]
	(No symbol) [0x00007FF641412577]
	(No symbol) [0x00007FF6413E73BF]
	(No symbol) [0x00007FF64140F39C]
	(No symbol) [0x00007FF6413E7153]
	(No symbol) [0x00007FF6413B0421]
	(No symbol) [0x00007FF6413B11B3]
	GetHandleVerifier [0x00007FF64189D6FD+3223453]
	GetHandleVerifier [0x00007FF641897CA2+3200322]
	GetHandleVerifier [0x00007FF6418B5AD3+3322739]
	GetHandleVerifier [0x00007FF6415B69FA+180890]
	GetHandleVerifier [0x00007FF6415BE0FF+211359]
	GetHandleVerifier [0x00007FF6415A5274+109332]
	GetHandleVerifier [0x00007FF6415A5422+109762]
	GetHandleVerifier [0x00007FF64158BA39+4825]
	BaseThreadInitThunk [0x00007FF9A0827374+20]
	RtlUserThreadStart [0x00007FF9A1EDCC91+33]

2025-06-15 08:24:59,217 - INFO - Student ID: 104 (Name: حور أسامه عبدالرحمن) - Message Type: FreeTry - Reason: 
2025-06-15 08:28:42,168 - WARNING - Phone: +201126189557 - Message Type: Selenium Send - Reason: Initial send failed, possibly invalid number/no WhatsApp - Details: Message: 
Stacktrace:
	GetHandleVerifier [0x00007FF64159CF25+75717]
	GetHandleVerifier [0x00007FF64159CF80+75808]
	(No symbol) [0x00007FF641368F9A]
	(No symbol) [0x00007FF6413BF4C6]
	(No symbol) [0x00007FF6413BF77C]
	(No symbol) [0x00007FF641412577]
	(No symbol) [0x00007FF6413E73BF]
	(No symbol) [0x00007FF64140F39C]
	(No symbol) [0x00007FF6413E7153]
	(No symbol) [0x00007FF6413B0421]
	(No symbol) [0x00007FF6413B11B3]
	GetHandleVerifier [0x00007FF64189D6FD+3223453]
	GetHandleVerifier [0x00007FF641897CA2+3200322]
	GetHandleVerifier [0x00007FF6418B5AD3+3322739]
	GetHandleVerifier [0x00007FF6415B69FA+180890]
	GetHandleVerifier [0x00007FF6415BE0FF+211359]
	GetHandleVerifier [0x00007FF6415A5274+109332]
	GetHandleVerifier [0x00007FF6415A5422+109762]
	GetHandleVerifier [0x00007FF64158BA39+4825]
	BaseThreadInitThunk [0x00007FF9A0827374+20]
	RtlUserThreadStart [0x00007FF9A1EDCC91+33]

2025-06-15 08:29:13,569 - ERROR - Phone: +201126189557 - Message Type: Selenium Send Retry - Reason: Retry send failed, possibly invalid number/no WhatsApp - Details: Message: 
Stacktrace:
	GetHandleVerifier [0x00007FF64159CF25+75717]
	GetHandleVerifier [0x00007FF64159CF80+75808]
	(No symbol) [0x00007FF641368F9A]
	(No symbol) [0x00007FF6413BF4C6]
	(No symbol) [0x00007FF6413BF77C]
	(No symbol) [0x00007FF641412577]
	(No symbol) [0x00007FF6413E73BF]
	(No symbol) [0x00007FF64140F39C]
	(No symbol) [0x00007FF6413E7153]
	(No symbol) [0x00007FF6413B0421]
	(No symbol) [0x00007FF6413B11B3]
	GetHandleVerifier [0x00007FF64189D6FD+3223453]
	GetHandleVerifier [0x00007FF641897CA2+3200322]
	GetHandleVerifier [0x00007FF6418B5AD3+3322739]
	GetHandleVerifier [0x00007FF6415B69FA+180890]
	GetHandleVerifier [0x00007FF6415BE0FF+211359]
	GetHandleVerifier [0x00007FF6415A5274+109332]
	GetHandleVerifier [0x00007FF6415A5422+109762]
	GetHandleVerifier [0x00007FF64158BA39+4825]
	BaseThreadInitThunk [0x00007FF9A0827374+20]
	RtlUserThreadStart [0x00007FF9A1EDCC91+33]

2025-06-15 08:29:13,569 - INFO - Student ID: 97 (Name: عبدالله محمود خمیس) - Message Type: FreeTry - Reason: 
2025-06-15 08:53:10,143 - WARNING - Phone: +201143882457 - Message Type: Selenium Send - Reason: Initial send failed, possibly invalid number/no WhatsApp - Details: Message: unknown error: net::ERR_NAME_NOT_RESOLVED
  (Session info: chrome=137.0.7151.104)
Stacktrace:
	GetHandleVerifier [0x00007FF64159CF25+75717]
	GetHandleVerifier [0x00007FF64159CF80+75808]
	(No symbol) [0x00007FF641368F9A]
	(No symbol) [0x00007FF6413659F4]
	(No symbol) [0x00007FF641356789]
	(No symbol) [0x00007FF6413584F8]
	(No symbol) [0x00007FF641356A96]
	(No symbol) [0x00007FF641356516]
	(No symbol) [0x00007FF6413561DA]
	(No symbol) [0x00007FF641353E8A]
	(No symbol) [0x00007FF64135465C]
	(No symbol) [0x00007FF64136CF3A]
	(No symbol) [0x00007FF64141013E]
	(No symbol) [0x00007FF6413E737A]
	(No symbol) [0x00007FF64140F39C]
	(No symbol) [0x00007FF6413E7153]
	(No symbol) [0x00007FF6413B0421]
	(No symbol) [0x00007FF6413B11B3]
	GetHandleVerifier [0x00007FF64189D6FD+3223453]
	GetHandleVerifier [0x00007FF641897CA2+3200322]
	GetHandleVerifier [0x00007FF6418B5AD3+3322739]
	GetHandleVerifier [0x00007FF6415B69FA+180890]
	GetHandleVerifier [0x00007FF6415BE0FF+211359]
	GetHandleVerifier [0x00007FF6415A5274+109332]
	GetHandleVerifier [0x00007FF6415A5422+109762]
	GetHandleVerifier [0x00007FF64158BA39+4825]
	BaseThreadInitThunk [0x00007FF9A0827374+20]
	RtlUserThreadStart [0x00007FF9A1EDCC91+33]

2025-06-15 08:53:12,218 - ERROR - Phone: +201143882457 - Message Type: Selenium Send Retry - Reason: Retry send failed, possibly invalid number/no WhatsApp - Details: Message: unknown error: net::ERR_INTERNET_DISCONNECTED
  (Session info: chrome=137.0.7151.104)
Stacktrace:
	GetHandleVerifier [0x00007FF64159CF25+75717]
	GetHandleVerifier [0x00007FF64159CF80+75808]
	(No symbol) [0x00007FF641368F9A]
	(No symbol) [0x00007FF6413659F4]
	(No symbol) [0x00007FF641356789]
	(No symbol) [0x00007FF6413584F8]
	(No symbol) [0x00007FF641356A96]
	(No symbol) [0x00007FF641356516]
	(No symbol) [0x00007FF6413561DA]
	(No symbol) [0x00007FF641353E8A]
	(No symbol) [0x00007FF64135465C]
	(No symbol) [0x00007FF64136CF3A]
	(No symbol) [0x00007FF64141013E]
	(No symbol) [0x00007FF6413E737A]
	(No symbol) [0x00007FF64140F39C]
	(No symbol) [0x00007FF6413E7153]
	(No symbol) [0x00007FF6413B0421]
	(No symbol) [0x00007FF6413B11B3]
	GetHandleVerifier [0x00007FF64189D6FD+3223453]
	GetHandleVerifier [0x00007FF641897CA2+3200322]
	GetHandleVerifier [0x00007FF6418B5AD3+3322739]
	GetHandleVerifier [0x00007FF6415B69FA+180890]
	GetHandleVerifier [0x00007FF6415BE0FF+211359]
	GetHandleVerifier [0x00007FF6415A5274+109332]
	GetHandleVerifier [0x00007FF6415A5422+109762]
	GetHandleVerifier [0x00007FF64158BA39+4825]
	BaseThreadInitThunk [0x00007FF9A0827374+20]
	RtlUserThreadStart [0x00007FF9A1EDCC91+33]

2025-06-15 08:53:12,219 - INFO - Student ID: 98 (Name: سیف محمد شبیب) - Message Type: Lateness Alert - Reason: 
2025-06-15 08:53:13,292 - WARNING - Phone: +201143882457 - Message Type: Selenium Send - Reason: Initial send failed, possibly invalid number/no WhatsApp - Details: Message: unknown error: net::ERR_INTERNET_DISCONNECTED
  (Session info: chrome=137.0.7151.104)
Stacktrace:
	GetHandleVerifier [0x00007FF64159CF25+75717]
	GetHandleVerifier [0x00007FF64159CF80+75808]
	(No symbol) [0x00007FF641368F9A]
	(No symbol) [0x00007FF6413659F4]
	(No symbol) [0x00007FF641356789]
	(No symbol) [0x00007FF6413584F8]
	(No symbol) [0x00007FF641356A96]
	(No symbol) [0x00007FF641356516]
	(No symbol) [0x00007FF6413561DA]
	(No symbol) [0x00007FF641353E8A]
	(No symbol) [0x00007FF64135465C]
	(No symbol) [0x00007FF64136CF3A]
	(No symbol) [0x00007FF64141013E]
	(No symbol) [0x00007FF6413E737A]
	(No symbol) [0x00007FF64140F39C]
	(No symbol) [0x00007FF6413E7153]
	(No symbol) [0x00007FF6413B0421]
	(No symbol) [0x00007FF6413B11B3]
	GetHandleVerifier [0x00007FF64189D6FD+3223453]
	GetHandleVerifier [0x00007FF641897CA2+3200322]
	GetHandleVerifier [0x00007FF6418B5AD3+3322739]
	GetHandleVerifier [0x00007FF6415B69FA+180890]
	GetHandleVerifier [0x00007FF6415BE0FF+211359]
	GetHandleVerifier [0x00007FF6415A5274+109332]
	GetHandleVerifier [0x00007FF6415A5422+109762]
	GetHandleVerifier [0x00007FF64158BA39+4825]
	BaseThreadInitThunk [0x00007FF9A0827374+20]
	RtlUserThreadStart [0x00007FF9A1EDCC91+33]

2025-06-15 08:53:13,469 - ERROR - Phone: +201143882457 - Message Type: Selenium Send Retry - Reason: Retry send failed, possibly invalid number/no WhatsApp - Details: Message: unknown error: net::ERR_INTERNET_DISCONNECTED
  (Session info: chrome=137.0.7151.104)
Stacktrace:
	GetHandleVerifier [0x00007FF64159CF25+75717]
	GetHandleVerifier [0x00007FF64159CF80+75808]
	(No symbol) [0x00007FF641368F9A]
	(No symbol) [0x00007FF6413659F4]
	(No symbol) [0x00007FF641356789]
	(No symbol) [0x00007FF6413584F8]
	(No symbol) [0x00007FF641356A96]
	(No symbol) [0x00007FF641356516]
	(No symbol) [0x00007FF6413561DA]
	(No symbol) [0x00007FF641353E8A]
	(No symbol) [0x00007FF64135465C]
	(No symbol) [0x00007FF64136CF3A]
	(No symbol) [0x00007FF64141013E]
	(No symbol) [0x00007FF6413E737A]
	(No symbol) [0x00007FF64140F39C]
	(No symbol) [0x00007FF6413E7153]
	(No symbol) [0x00007FF6413B0421]
	(No symbol) [0x00007FF6413B11B3]
	GetHandleVerifier [0x00007FF64189D6FD+3223453]
	GetHandleVerifier [0x00007FF641897CA2+3200322]
	GetHandleVerifier [0x00007FF6418B5AD3+3322739]
	GetHandleVerifier [0x00007FF6415B69FA+180890]
	GetHandleVerifier [0x00007FF6415BE0FF+211359]
	GetHandleVerifier [0x00007FF6415A5274+109332]
	GetHandleVerifier [0x00007FF6415A5422+109762]
	GetHandleVerifier [0x00007FF64158BA39+4825]
	BaseThreadInitThunk [0x00007FF9A0827374+20]
	RtlUserThreadStart [0x00007FF9A1EDCC91+33]

2025-06-15 08:53:13,470 - INFO - Student ID: 98 (Name: سیف محمد شبیب) - Message Type: FreeTry - Reason: 
2025-06-15 09:01:06,182 - WARNING - Phone: +201116938236 - Message Type: Selenium Send - Reason: Initial send failed, possibly invalid number/no WhatsApp - Details: Message: 
Stacktrace:
	GetHandleVerifier [0x00007FF64159CF25+75717]
	GetHandleVerifier [0x00007FF64159CF80+75808]
	(No symbol) [0x00007FF641368F9A]
	(No symbol) [0x00007FF6413BF4C6]
	(No symbol) [0x00007FF6413BF77C]
	(No symbol) [0x00007FF641412577]
	(No symbol) [0x00007FF6413E73BF]
	(No symbol) [0x00007FF64140F39C]
	(No symbol) [0x00007FF6413E7153]
	(No symbol) [0x00007FF6413B0421]
	(No symbol) [0x00007FF6413B11B3]
	GetHandleVerifier [0x00007FF64189D6FD+3223453]
	GetHandleVerifier [0x00007FF641897CA2+3200322]
	GetHandleVerifier [0x00007FF6418B5AD3+3322739]
	GetHandleVerifier [0x00007FF6415B69FA+180890]
	GetHandleVerifier [0x00007FF6415BE0FF+211359]
	GetHandleVerifier [0x00007FF6415A5274+109332]
	GetHandleVerifier [0x00007FF6415A5422+109762]
	GetHandleVerifier [0x00007FF64158BA39+4825]
	BaseThreadInitThunk [0x00007FF9A0827374+20]
	RtlUserThreadStart [0x00007FF9A1EDCC91+33]

2025-06-15 09:01:37,444 - ERROR - Phone: +201116938236 - Message Type: Selenium Send Retry - Reason: Retry send failed, possibly invalid number/no WhatsApp - Details: Message: 
Stacktrace:
	GetHandleVerifier [0x00007FF64159CF25+75717]
	GetHandleVerifier [0x00007FF64159CF80+75808]
	(No symbol) [0x00007FF641368F9A]
	(No symbol) [0x00007FF6413BF4C6]
	(No symbol) [0x00007FF6413BF77C]
	(No symbol) [0x00007FF641412577]
	(No symbol) [0x00007FF6413E73BF]
	(No symbol) [0x00007FF64140F39C]
	(No symbol) [0x00007FF6413E7153]
	(No symbol) [0x00007FF6413B0421]
	(No symbol) [0x00007FF6413B11B3]
	GetHandleVerifier [0x00007FF64189D6FD+3223453]
	GetHandleVerifier [0x00007FF641897CA2+3200322]
	GetHandleVerifier [0x00007FF6418B5AD3+3322739]
	GetHandleVerifier [0x00007FF6415B69FA+180890]
	GetHandleVerifier [0x00007FF6415BE0FF+211359]
	GetHandleVerifier [0x00007FF6415A5274+109332]
	GetHandleVerifier [0x00007FF6415A5422+109762]
	GetHandleVerifier [0x00007FF64158BA39+4825]
	BaseThreadInitThunk [0x00007FF9A0827374+20]
	RtlUserThreadStart [0x00007FF9A1EDCC91+33]

2025-06-15 09:01:37,444 - INFO - Student ID: 24 (Name: علياء تامر سيد) - Message Type: Lateness Alert - Reason: 
2025-06-15 09:02:09,763 - WARNING - Phone: +201116938236 - Message Type: Selenium Send - Reason: Initial send failed, possibly invalid number/no WhatsApp - Details: Message: 
Stacktrace:
	GetHandleVerifier [0x00007FF64159CF25+75717]
	GetHandleVerifier [0x00007FF64159CF80+75808]
	(No symbol) [0x00007FF641368F9A]
	(No symbol) [0x00007FF6413BF4C6]
	(No symbol) [0x00007FF6413BF77C]
	(No symbol) [0x00007FF641412577]
	(No symbol) [0x00007FF6413E73BF]
	(No symbol) [0x00007FF64140F39C]
	(No symbol) [0x00007FF6413E7153]
	(No symbol) [0x00007FF6413B0421]
	(No symbol) [0x00007FF6413B11B3]
	GetHandleVerifier [0x00007FF64189D6FD+3223453]
	GetHandleVerifier [0x00007FF641897CA2+3200322]
	GetHandleVerifier [0x00007FF6418B5AD3+3322739]
	GetHandleVerifier [0x00007FF6415B69FA+180890]
	GetHandleVerifier [0x00007FF6415BE0FF+211359]
	GetHandleVerifier [0x00007FF6415A5274+109332]
	GetHandleVerifier [0x00007FF6415A5422+109762]
	GetHandleVerifier [0x00007FF64158BA39+4825]
	BaseThreadInitThunk [0x00007FF9A0827374+20]
	RtlUserThreadStart [0x00007FF9A1EDCC91+33]

2025-06-15 09:02:46,055 - ERROR - Phone: +201116938236 - Message Type: Selenium Send Retry - Reason: Retry send failed, possibly invalid number/no WhatsApp - Details: Message: 
Stacktrace:
	GetHandleVerifier [0x00007FF64159CF25+75717]
	GetHandleVerifier [0x00007FF64159CF80+75808]
	(No symbol) [0x00007FF641368F9A]
	(No symbol) [0x00007FF6413BF4C6]
	(No symbol) [0x00007FF6413BF77C]
	(No symbol) [0x00007FF641412577]
	(No symbol) [0x00007FF6413E73BF]
	(No symbol) [0x00007FF64140F39C]
	(No symbol) [0x00007FF6413E7153]
	(No symbol) [0x00007FF6413B0421]
	(No symbol) [0x00007FF6413B11B3]
	GetHandleVerifier [0x00007FF64189D6FD+3223453]
	GetHandleVerifier [0x00007FF641897CA2+3200322]
	GetHandleVerifier [0x00007FF6418B5AD3+3322739]
	GetHandleVerifier [0x00007FF6415B69FA+180890]
	GetHandleVerifier [0x00007FF6415BE0FF+211359]
	GetHandleVerifier [0x00007FF6415A5274+109332]
	GetHandleVerifier [0x00007FF6415A5422+109762]
	GetHandleVerifier [0x00007FF64158BA39+4825]
	BaseThreadInitThunk [0x00007FF9A0827374+20]
	RtlUserThreadStart [0x00007FF9A1EDCC91+33]

2025-06-15 09:02:46,056 - INFO - Student ID: 24 (Name: علياء تامر سيد) - Message Type: FreeTry - Reason: 
2025-06-15 09:05:25,696 - WARNING - Phone: +201151598837 - Message Type: Selenium Send - Reason: Initial send failed, possibly invalid number/no WhatsApp - Details: Message: 
Stacktrace:
	GetHandleVerifier [0x00007FF64159CF25+75717]
	GetHandleVerifier [0x00007FF64159CF80+75808]
	(No symbol) [0x00007FF641368F9A]
	(No symbol) [0x00007FF6413BF4C6]
	(No symbol) [0x00007FF6413BF77C]
	(No symbol) [0x00007FF641412577]
	(No symbol) [0x00007FF6413E73BF]
	(No symbol) [0x00007FF64140F39C]
	(No symbol) [0x00007FF6413E7153]
	(No symbol) [0x00007FF6413B0421]
	(No symbol) [0x00007FF6413B11B3]
	GetHandleVerifier [0x00007FF64189D6FD+3223453]
	GetHandleVerifier [0x00007FF641897CA2+3200322]
	GetHandleVerifier [0x00007FF6418B5AD3+3322739]
	GetHandleVerifier [0x00007FF6415B69FA+180890]
	GetHandleVerifier [0x00007FF6415BE0FF+211359]
	GetHandleVerifier [0x00007FF6415A5274+109332]
	GetHandleVerifier [0x00007FF6415A5422+109762]
	GetHandleVerifier [0x00007FF64158BA39+4825]
	BaseThreadInitThunk [0x00007FF9A0827374+20]
	RtlUserThreadStart [0x00007FF9A1EDCC91+33]

2025-06-15 09:05:56,686 - ERROR - Phone: +201151598837 - Message Type: Selenium Send Retry - Reason: Retry send failed, possibly invalid number/no WhatsApp - Details: Message: 
Stacktrace:
	GetHandleVerifier [0x00007FF64159CF25+75717]
	GetHandleVerifier [0x00007FF64159CF80+75808]
	(No symbol) [0x00007FF641368F9A]
	(No symbol) [0x00007FF6413BF4C6]
	(No symbol) [0x00007FF6413BF77C]
	(No symbol) [0x00007FF641412577]
	(No symbol) [0x00007FF6413E73BF]
	(No symbol) [0x00007FF64140F39C]
	(No symbol) [0x00007FF6413E7153]
	(No symbol) [0x00007FF6413B0421]
	(No symbol) [0x00007FF6413B11B3]
	GetHandleVerifier [0x00007FF64189D6FD+3223453]
	GetHandleVerifier [0x00007FF641897CA2+3200322]
	GetHandleVerifier [0x00007FF6418B5AD3+3322739]
	GetHandleVerifier [0x00007FF6415B69FA+180890]
	GetHandleVerifier [0x00007FF6415BE0FF+211359]
	GetHandleVerifier [0x00007FF6415A5274+109332]
	GetHandleVerifier [0x00007FF6415A5422+109762]
	GetHandleVerifier [0x00007FF64158BA39+4825]
	BaseThreadInitThunk [0x00007FF9A0827374+20]
	RtlUserThreadStart [0x00007FF9A1EDCC91+33]

2025-06-15 09:05:56,687 - INFO - Student ID: 33 (Name: رزان علي محمود) - Message Type: Lateness Alert - Reason: 
2025-06-15 09:06:28,858 - WARNING - Phone: +201151598837 - Message Type: Selenium Send - Reason: Initial send failed, possibly invalid number/no WhatsApp - Details: Message: 
Stacktrace:
	GetHandleVerifier [0x00007FF64159CF25+75717]
	GetHandleVerifier [0x00007FF64159CF80+75808]
	(No symbol) [0x00007FF641368F9A]
	(No symbol) [0x00007FF6413BF4C6]
	(No symbol) [0x00007FF6413BF77C]
	(No symbol) [0x00007FF641412577]
	(No symbol) [0x00007FF6413E73BF]
	(No symbol) [0x00007FF64140F39C]
	(No symbol) [0x00007FF6413E7153]
	(No symbol) [0x00007FF6413B0421]
	(No symbol) [0x00007FF6413B11B3]
	GetHandleVerifier [0x00007FF64189D6FD+3223453]
	GetHandleVerifier [0x00007FF641897CA2+3200322]
	GetHandleVerifier [0x00007FF6418B5AD3+3322739]
	GetHandleVerifier [0x00007FF6415B69FA+180890]
	GetHandleVerifier [0x00007FF6415BE0FF+211359]
	GetHandleVerifier [0x00007FF6415A5274+109332]
	GetHandleVerifier [0x00007FF6415A5422+109762]
	GetHandleVerifier [0x00007FF64158BA39+4825]
	BaseThreadInitThunk [0x00007FF9A0827374+20]
	RtlUserThreadStart [0x00007FF9A1EDCC91+33]

2025-06-15 09:07:00,210 - ERROR - Phone: +201151598837 - Message Type: Selenium Send Retry - Reason: Retry send failed, possibly invalid number/no WhatsApp - Details: Message: 
Stacktrace:
	GetHandleVerifier [0x00007FF64159CF25+75717]
	GetHandleVerifier [0x00007FF64159CF80+75808]
	(No symbol) [0x00007FF641368F9A]
	(No symbol) [0x00007FF6413BF4C6]
	(No symbol) [0x00007FF6413BF77C]
	(No symbol) [0x00007FF641412577]
	(No symbol) [0x00007FF6413E73BF]
	(No symbol) [0x00007FF64140F39C]
	(No symbol) [0x00007FF6413E7153]
	(No symbol) [0x00007FF6413B0421]
	(No symbol) [0x00007FF6413B11B3]
	GetHandleVerifier [0x00007FF64189D6FD+3223453]
	GetHandleVerifier [0x00007FF641897CA2+3200322]
	GetHandleVerifier [0x00007FF6418B5AD3+3322739]
	GetHandleVerifier [0x00007FF6415B69FA+180890]
	GetHandleVerifier [0x00007FF6415BE0FF+211359]
	GetHandleVerifier [0x00007FF6415A5274+109332]
	GetHandleVerifier [0x00007FF6415A5422+109762]
	GetHandleVerifier [0x00007FF64158BA39+4825]
	BaseThreadInitThunk [0x00007FF9A0827374+20]
	RtlUserThreadStart [0x00007FF9A1EDCC91+33]

2025-06-15 09:07:00,210 - INFO - Student ID: 33 (Name: رزان علي محمود) - Message Type: FreeTry - Reason: 
2025-06-15 09:07:32,196 - WARNING - Phone: +201113697202 - Message Type: Selenium Send - Reason: Initial send failed, possibly invalid number/no WhatsApp - Details: Message: 
Stacktrace:
	GetHandleVerifier [0x00007FF64159CF25+75717]
	GetHandleVerifier [0x00007FF64159CF80+75808]
	(No symbol) [0x00007FF641368F9A]
	(No symbol) [0x00007FF6413BF4C6]
	(No symbol) [0x00007FF6413BF77C]
	(No symbol) [0x00007FF641412577]
	(No symbol) [0x00007FF6413E73BF]
	(No symbol) [0x00007FF64140F39C]
	(No symbol) [0x00007FF6413E7153]
	(No symbol) [0x00007FF6413B0421]
	(No symbol) [0x00007FF6413B11B3]
	GetHandleVerifier [0x00007FF64189D6FD+3223453]
	GetHandleVerifier [0x00007FF641897CA2+3200322]
	GetHandleVerifier [0x00007FF6418B5AD3+3322739]
	GetHandleVerifier [0x00007FF6415B69FA+180890]
	GetHandleVerifier [0x00007FF6415BE0FF+211359]
	GetHandleVerifier [0x00007FF6415A5274+109332]
	GetHandleVerifier [0x00007FF6415A5422+109762]
	GetHandleVerifier [0x00007FF64158BA39+4825]
	BaseThreadInitThunk [0x00007FF9A0827374+20]
	RtlUserThreadStart [0x00007FF9A1EDCC91+33]

2025-06-15 09:08:03,415 - ERROR - Phone: +201113697202 - Message Type: Selenium Send Retry - Reason: Retry send failed, possibly invalid number/no WhatsApp - Details: Message: 
Stacktrace:
	GetHandleVerifier [0x00007FF64159CF25+75717]
	GetHandleVerifier [0x00007FF64159CF80+75808]
	(No symbol) [0x00007FF641368F9A]
	(No symbol) [0x00007FF6413BF4C6]
	(No symbol) [0x00007FF6413BF77C]
	(No symbol) [0x00007FF641412577]
	(No symbol) [0x00007FF6413E73BF]
	(No symbol) [0x00007FF64140F39C]
	(No symbol) [0x00007FF6413E7153]
	(No symbol) [0x00007FF6413B0421]
	(No symbol) [0x00007FF6413B11B3]
	GetHandleVerifier [0x00007FF64189D6FD+3223453]
	GetHandleVerifier [0x00007FF641897CA2+3200322]
	GetHandleVerifier [0x00007FF6418B5AD3+3322739]
	GetHandleVerifier [0x00007FF6415B69FA+180890]
	GetHandleVerifier [0x00007FF6415BE0FF+211359]
	GetHandleVerifier [0x00007FF6415A5274+109332]
	GetHandleVerifier [0x00007FF6415A5422+109762]
	GetHandleVerifier [0x00007FF64158BA39+4825]
	BaseThreadInitThunk [0x00007FF9A0827374+20]
	RtlUserThreadStart [0x00007FF9A1EDCC91+33]

2025-06-15 09:08:03,416 - INFO - Student ID: 38 (Name: تمارا احمد ناصر) - Message Type: Lateness Alert - Reason: 
2025-06-15 09:12:25,305 - WARNING - Phone: +20112883052 - Message Type: Selenium Send - Reason: Initial send failed, possibly invalid number/no WhatsApp - Details: Message: 
Stacktrace:
	GetHandleVerifier [0x00007FF64159CF25+75717]
	GetHandleVerifier [0x00007FF64159CF80+75808]
	(No symbol) [0x00007FF641368F9A]
	(No symbol) [0x00007FF6413BF4C6]
	(No symbol) [0x00007FF6413BF77C]
	(No symbol) [0x00007FF641412577]
	(No symbol) [0x00007FF6413E73BF]
	(No symbol) [0x00007FF64140F39C]
	(No symbol) [0x00007FF6413E7153]
	(No symbol) [0x00007FF6413B0421]
	(No symbol) [0x00007FF6413B11B3]
	GetHandleVerifier [0x00007FF64189D6FD+3223453]
	GetHandleVerifier [0x00007FF641897CA2+3200322]
	GetHandleVerifier [0x00007FF6418B5AD3+3322739]
	GetHandleVerifier [0x00007FF6415B69FA+180890]
	GetHandleVerifier [0x00007FF6415BE0FF+211359]
	GetHandleVerifier [0x00007FF6415A5274+109332]
	GetHandleVerifier [0x00007FF6415A5422+109762]
	GetHandleVerifier [0x00007FF64158BA39+4825]
	BaseThreadInitThunk [0x00007FF9A0827374+20]
	RtlUserThreadStart [0x00007FF9A1EDCC91+33]

2025-06-15 09:12:56,579 - ERROR - Phone: +20112883052 - Message Type: Selenium Send Retry - Reason: Retry send failed, possibly invalid number/no WhatsApp - Details: Message: 
Stacktrace:
	GetHandleVerifier [0x00007FF64159CF25+75717]
	GetHandleVerifier [0x00007FF64159CF80+75808]
	(No symbol) [0x00007FF641368F9A]
	(No symbol) [0x00007FF6413BF4C6]
	(No symbol) [0x00007FF6413BF77C]
	(No symbol) [0x00007FF641412577]
	(No symbol) [0x00007FF6413E73BF]
	(No symbol) [0x00007FF64140F39C]
	(No symbol) [0x00007FF6413E7153]
	(No symbol) [0x00007FF6413B0421]
	(No symbol) [0x00007FF6413B11B3]
	GetHandleVerifier [0x00007FF64189D6FD+3223453]
	GetHandleVerifier [0x00007FF641897CA2+3200322]
	GetHandleVerifier [0x00007FF6418B5AD3+3322739]
	GetHandleVerifier [0x00007FF6415B69FA+180890]
	GetHandleVerifier [0x00007FF6415BE0FF+211359]
	GetHandleVerifier [0x00007FF6415A5274+109332]
	GetHandleVerifier [0x00007FF6415A5422+109762]
	GetHandleVerifier [0x00007FF64158BA39+4825]
	BaseThreadInitThunk [0x00007FF9A0827374+20]
	RtlUserThreadStart [0x00007FF9A1EDCC91+33]

2025-06-15 09:12:56,579 - INFO - Student ID: 16 (Name: احمد علي ادرييس) - Message Type: Lateness Alert - Reason: 
2025-06-15 09:13:32,697 - WARNING - Phone: +20112883052 - Message Type: Selenium Send - Reason: Initial send failed, possibly invalid number/no WhatsApp - Details: Message: 
Stacktrace:
	GetHandleVerifier [0x00007FF64159CF25+75717]
	GetHandleVerifier [0x00007FF64159CF80+75808]
	(No symbol) [0x00007FF641368F9A]
	(No symbol) [0x00007FF6413BF4C6]
	(No symbol) [0x00007FF6413BF77C]
	(No symbol) [0x00007FF641412577]
	(No symbol) [0x00007FF6413E73BF]
	(No symbol) [0x00007FF64140F39C]
	(No symbol) [0x00007FF6413E7153]
	(No symbol) [0x00007FF6413B0421]
	(No symbol) [0x00007FF6413B11B3]
	GetHandleVerifier [0x00007FF64189D6FD+3223453]
	GetHandleVerifier [0x00007FF641897CA2+3200322]
	GetHandleVerifier [0x00007FF6418B5AD3+3322739]
	GetHandleVerifier [0x00007FF6415B69FA+180890]
	GetHandleVerifier [0x00007FF6415BE0FF+211359]
	GetHandleVerifier [0x00007FF6415A5274+109332]
	GetHandleVerifier [0x00007FF6415A5422+109762]
	GetHandleVerifier [0x00007FF64158BA39+4825]
	BaseThreadInitThunk [0x00007FF9A0827374+20]
	RtlUserThreadStart [0x00007FF9A1EDCC91+33]

2025-06-15 09:14:04,019 - ERROR - Phone: +20112883052 - Message Type: Selenium Send Retry - Reason: Retry send failed, possibly invalid number/no WhatsApp - Details: Message: 
Stacktrace:
	GetHandleVerifier [0x00007FF64159CF25+75717]
	GetHandleVerifier [0x00007FF64159CF80+75808]
	(No symbol) [0x00007FF641368F9A]
	(No symbol) [0x00007FF6413BF4C6]
	(No symbol) [0x00007FF6413BF77C]
	(No symbol) [0x00007FF641412577]
	(No symbol) [0x00007FF6413E73BF]
	(No symbol) [0x00007FF64140F39C]
	(No symbol) [0x00007FF6413E7153]
	(No symbol) [0x00007FF6413B0421]
	(No symbol) [0x00007FF6413B11B3]
	GetHandleVerifier [0x00007FF64189D6FD+3223453]
	GetHandleVerifier [0x00007FF641897CA2+3200322]
	GetHandleVerifier [0x00007FF6418B5AD3+3322739]
	GetHandleVerifier [0x00007FF6415B69FA+180890]
	GetHandleVerifier [0x00007FF6415BE0FF+211359]
	GetHandleVerifier [0x00007FF6415A5274+109332]
	GetHandleVerifier [0x00007FF6415A5422+109762]
	GetHandleVerifier [0x00007FF64158BA39+4825]
	BaseThreadInitThunk [0x00007FF9A0827374+20]
	RtlUserThreadStart [0x00007FF9A1EDCC91+33]

2025-06-15 09:14:04,019 - INFO - Student ID: 16 (Name: احمد علي ادرييس) - Message Type: FreeTry - Reason: 
2025-06-15 16:22:06,895 - INFO - Student ID: 163 (Name: عبدالرحمن عبدالله) - Message Type: Lateness Alert - Reason: 
2025-06-15 16:22:10,911 - INFO - Student ID: 163 (Name: عبدالرحمن عبدالله) - Message Type: Attendance - Reason: 
2025-06-15 16:31:42,089 - INFO - Student ID: 163 (Name: عبدالرحمن عبدالله) - Message Type: Attendance - Reason: 
