2025-05-15 17:13:46,915 INFO C:\Users\Abdo\Desktop\students-manager\student_manager\students\views.py changed, reloading.
2025-05-15 17:14:18,641 INFO C:\Users\Abdo\Desktop\students-manager\student_manager\students\views.py changed, reloading.
2025-05-15 17:14:30,868 INFO C:\Users\Abdo\Desktop\students-manager\student_manager\students\views.py changed, reloading.
2025-05-15 17:15:37,013 INFO ====== WebDriver manager ======
2025-05-15 17:15:38,862 INFO Get LATEST chromedriver version for google-chrome
2025-05-15 17:15:40,025 INFO Get LATEST chromedriver version for google-chrome
2025-05-15 17:15:40,779 INFO Driver [C:\Users\Abdo\.wdm\drivers\chromedriver\win64\136.0.7103.94\chromedriver-win32/chromedriver.exe] found in cache
2025-05-15 17:15:46,577 INFO \u231b \u0627\u0646\u062a\u0638\u0631 \u0645\u0633\u062d QR \u0641\u064a WhatsApp Web …
2025-05-15 17:15:55,629 INFO \u2705 \u062c\u0627\u0647\u0632 \u0644\u0625\u0631\u0633\u0627\u0644 \u0627\u0644\u0631\u0633\u0627\u0626\u0644.
2025-05-15 17:16:30,349 WARNING \u26a0\ufe0f \u062a\u0639\u0637\u0644 \u0627\u0644\u0625\u0631\u0633\u0627\u0644 \u0625\u0644\u0649 +201142344943: Message: 
Stacktrace:
	GetHandleVerifier [0x0063FC83+61635]
	GetHandleVerifier [0x0063FCC4+61700]
	(No symbol) [0x004605D3]
	(No symbol) [0x004A899E]
	(No symbol) [0x004A8D3B]
	(No symbol) [0x004F0E12]
	(No symbol) [0x004CD2E4]
	(No symbol) [0x004EE61B]
	(No symbol) [0x004CD096]
	(No symbol) [0x0049C840]
	(No symbol) [0x0049D6A4]
	GetHandleVerifier [0x008C45A3+2701795]
	GetHandleVerifier [0x008BFD26+2683238]
	GetHandleVerifier [0x008DAA6E+2793134]
	GetHandleVerifier [0x00656945+155013]
	GetHandleVerifier [0x0065D02D+181357]
	GetHandleVerifier [0x006474D8+92440]
	GetHandleVerifier [0x00647680+92864]
	GetHandleVerifier [0x00632070+5296]
	BaseThreadInitThunk [0x751AFCC9+25]
	RtlGetAppContainerNamedObjectPath [0x773982AE+286]
	RtlGetAppContainerNamedObjectPath [0x7739827E+238]
 — \u0627\u0644\u0645\u062d\u0627\u0648\u0644\u0629 \u0628\u0625\u0639\u0627\u062f\u0629 \u062a\u0634\u063a\u064a\u0644 \u0627\u0644\u062c\u0644\u0633\u0629
2025-05-15 17:17:04,885 ERROR \u274c \u0625\u0639\u0627\u062f\u0629 \u0627\u0644\u0625\u0631\u0633\u0627\u0644 \u0641\u0634\u0644\u062a \u0625\u0644\u0649 +201142344943: Message: 
Stacktrace:
	GetHandleVerifier [0x0063FC83+61635]
	GetHandleVerifier [0x0063FCC4+61700]
	(No symbol) [0x004605D3]
	(No symbol) [0x004A899E]
	(No symbol) [0x004A8D3B]
	(No symbol) [0x004F0E12]
	(No symbol) [0x004CD2E4]
	(No symbol) [0x004EE61B]
	(No symbol) [0x004CD096]
	(No symbol) [0x0049C840]
	(No symbol) [0x0049D6A4]
	GetHandleVerifier [0x008C45A3+2701795]
	GetHandleVerifier [0x008BFD26+2683238]
	GetHandleVerifier [0x008DAA6E+2793134]
	GetHandleVerifier [0x00656945+155013]
	GetHandleVerifier [0x0065D02D+181357]
	GetHandleVerifier [0x006474D8+92440]
	GetHandleVerifier [0x00647680+92864]
	GetHandleVerifier [0x00632070+5296]
	BaseThreadInitThunk [0x751AFCC9+25]
	RtlGetAppContainerNamedObjectPath [0x773982AE+286]
	RtlGetAppContainerNamedObjectPath [0x7739827E+238]

2025-05-15 17:17:37,407 WARNING \u26a0\ufe0f \u062a\u0639\u0637\u0644 \u0627\u0644\u0625\u0631\u0633\u0627\u0644 \u0625\u0644\u0649 +201142344943: Message: 
Stacktrace:
	GetHandleVerifier [0x0063FC83+61635]
	GetHandleVerifier [0x0063FCC4+61700]
	(No symbol) [0x004605D3]
	(No symbol) [0x004A899E]
	(No symbol) [0x004A8D3B]
	(No symbol) [0x004F0E12]
	(No symbol) [0x004CD2E4]
	(No symbol) [0x004EE61B]
	(No symbol) [0x004CD096]
	(No symbol) [0x0049C840]
	(No symbol) [0x0049D6A4]
	GetHandleVerifier [0x008C45A3+2701795]
	GetHandleVerifier [0x008BFD26+2683238]
	GetHandleVerifier [0x008DAA6E+2793134]
	GetHandleVerifier [0x00656945+155013]
	GetHandleVerifier [0x0065D02D+181357]
	GetHandleVerifier [0x006474D8+92440]
	GetHandleVerifier [0x00647680+92864]
	GetHandleVerifier [0x00632070+5296]
	BaseThreadInitThunk [0x751AFCC9+25]
	RtlGetAppContainerNamedObjectPath [0x773982AE+286]
	RtlGetAppContainerNamedObjectPath [0x7739827E+238]
 — \u0627\u0644\u0645\u062d\u0627\u0648\u0644\u0629 \u0628\u0625\u0639\u0627\u062f\u0629 \u062a\u0634\u063a\u064a\u0644 \u0627\u0644\u062c\u0644\u0633\u0629
2025-05-15 17:18:08,840 ERROR \u274c \u0625\u0639\u0627\u062f\u0629 \u0627\u0644\u0625\u0631\u0633\u0627\u0644 \u0641\u0634\u0644\u062a \u0625\u0644\u0649 +201142344943: Message: 
Stacktrace:
	GetHandleVerifier [0x0063FC83+61635]
	GetHandleVerifier [0x0063FCC4+61700]
	(No symbol) [0x004605D3]
	(No symbol) [0x004A899E]
	(No symbol) [0x004A8D3B]
	(No symbol) [0x004F0E12]
	(No symbol) [0x004CD2E4]
	(No symbol) [0x004EE61B]
	(No symbol) [0x004CD096]
	(No symbol) [0x0049C840]
	(No symbol) [0x0049D6A4]
	GetHandleVerifier [0x008C45A3+2701795]
	GetHandleVerifier [0x008BFD26+2683238]
	GetHandleVerifier [0x008DAA6E+2793134]
	GetHandleVerifier [0x00656945+155013]
	GetHandleVerifier [0x0065D02D+181357]
	GetHandleVerifier [0x006474D8+92440]
	GetHandleVerifier [0x00647680+92864]
	GetHandleVerifier [0x00632070+5296]
	BaseThreadInitThunk [0x751AFCC9+25]
	RtlGetAppContainerNamedObjectPath [0x773982AE+286]
	RtlGetAppContainerNamedObjectPath [0x7739827E+238]

2025-05-15 17:18:12,712 INFO C:\Users\Abdo\Desktop\students-manager\student_manager\students\utils\whatsapp_Sel.py changed, reloading.
2025-05-15 17:19:11,639 INFO C:\Users\Abdo\Desktop\students-manager\student_manager\students\utils\whatsapp_Sel.py changed, reloading.
2025-05-15 17:19:35,279 INFO C:\Users\Abdo\Desktop\students-manager\student_manager\students\utils\whatsapp_Sel.py changed, reloading.
2025-05-15 17:19:41,568 INFO C:\Users\Abdo\Desktop\students-manager\student_manager\students\utils\whatsapp_Sel.py changed, reloading.
2025-05-15 17:20:25,924 INFO C:\Users\Abdo\Desktop\students-manager\student_manager\students\utils\whatsapp_Sel.py changed, reloading.
2025-05-15 17:20:48,308 INFO ====== WebDriver manager ======
2025-05-15 17:20:50,259 INFO Get LATEST chromedriver version for google-chrome
2025-05-15 17:20:50,627 INFO Get LATEST chromedriver version for google-chrome
2025-05-15 17:20:50,947 INFO Driver [C:\Users\Abdo\.wdm\drivers\chromedriver\win64\136.0.7103.94\chromedriver-win32/chromedriver.exe] found in cache
2025-05-15 17:20:53,867 ERROR \u0641\u0634\u0644 \u0625\u0646\u0634\u0627\u0621 \u062c\u0644\u0633\u0629 WhatsApp Web: Message: session not created: Chrome failed to start: crashed.
  (session not created: DevToolsActivePort file doesn't exist)
  (The process started from chrome location C:\Program Files\Google\Chrome\Application\chrome.exe is no longer running, so ChromeDriver is assuming that Chrome has crashed.)
Stacktrace:
	GetHandleVerifier [0x0063FC83+61635]
	GetHandleVerifier [0x0063FCC4+61700]
	(No symbol) [0x004605D3]
	(No symbol) [0x00495659]
	(No symbol) [0x0048F6C9]
	(No symbol) [0x004D8DF3]
	(No symbol) [0x004D880A]
	(No symbol) [0x004CD096]
	(No symbol) [0x0049C840]
	(No symbol) [0x0049D6A4]
	GetHandleVerifier [0x008C45A3+2701795]
	GetHandleVerifier [0x008BFD26+2683238]
	GetHandleVerifier [0x008DAA6E+2793134]
	GetHandleVerifier [0x00656945+155013]
	GetHandleVerifier [0x0065D02D+181357]
	GetHandleVerifier [0x006474D8+92440]
	GetHandleVerifier [0x00647680+92864]
	GetHandleVerifier [0x00632070+5296]
	BaseThreadInitThunk [0x751AFCC9+25]
	RtlGetAppContainerNamedObjectPath [0x773982AE+286]
	RtlGetAppContainerNamedObjectPath [0x7739827E+238]

2025-05-15 17:20:53,867 ERROR \U0001f6a8 \u0644\u0627 \u062a\u0648\u062c\u062f \u062c\u0644\u0633\u0629 \u062c\u0627\u0647\u0632\u0629 \u0644\u0644\u0631\u0633\u0627\u0626\u0644.
2025-05-15 17:21:17,321 INFO ====== WebDriver manager ======
2025-05-15 17:21:19,528 INFO Get LATEST chromedriver version for google-chrome
2025-05-15 17:21:20,212 INFO Get LATEST chromedriver version for google-chrome
2025-05-15 17:21:20,767 INFO Driver [C:\Users\Abdo\.wdm\drivers\chromedriver\win64\136.0.7103.94\chromedriver-win32/chromedriver.exe] found in cache
2025-05-15 17:21:28,901 INFO \u231b \u0627\u0646\u062a\u0638\u0631 \u0645\u0633\u062d QR \u0641\u064a WhatsApp Web …
2025-05-15 17:21:33,634 INFO \u2705 \u062c\u0627\u0647\u0632 \u0644\u0625\u0631\u0633\u0627\u0644 \u0627\u0644\u0631\u0633\u0627\u0626\u0644.
2025-05-15 17:21:44,080 INFO \U0001f4e9 \u0623\u0631\u0633\u0644\u0646\u0627 \u0631\u0633\u0627\u0644\u0629 \u0625\u0644\u0649 +201142344943 \u0641\u064a 17:21:44
2025-05-15 17:22:01,997 INFO \U0001f4e9 \u0623\u0631\u0633\u0644\u0646\u0627 \u0631\u0633\u0627\u0644\u0629 \u0625\u0644\u0649 +201113793676 \u0641\u064a 17:22:01
2025-05-15 17:22:13,900 INFO \U0001f4e9 \u0623\u0631\u0633\u0644\u0646\u0627 \u0631\u0633\u0627\u0644\u0629 \u0625\u0644\u0649 +201113793676 \u0641\u064a 17:22:13
2025-05-15 17:22:25,448 INFO \U0001f4e9 \u0623\u0631\u0633\u0644\u0646\u0627 \u0631\u0633\u0627\u0644\u0629 \u0625\u0644\u0649 +201142344943 \u0641\u064a 17:22:25
2025-05-15 17:28:54,871 INFO C:\Users\Abdo\Desktop\students-manager\student_manager\students\utils\whatsapp_Sel.py changed, reloading.
2025-05-15 17:29:13,777 INFO C:\Users\Abdo\Desktop\students-manager\student_manager\students\utils\whatsapp_Sel.py changed, reloading.
2025-05-15 17:36:11,150 INFO C:\Users\Abdo\Desktop\students-manager\student_manager\students\utils\whatsapp_Sel.py changed, reloading.
2025-05-15 17:36:30,445 INFO C:\Users\Abdo\Desktop\students-manager\student_manager\students\utils\whatsapp_Sel.py changed, reloading.
2025-05-15 17:37:16,176 INFO ====== WebDriver manager ======
2025-05-15 17:37:17,916 INFO Get LATEST chromedriver version for google-chrome
2025-05-15 17:37:18,246 INFO Get LATEST chromedriver version for google-chrome
2025-05-15 17:37:18,622 INFO Driver [C:\Users\Abdo\.wdm\drivers\chromedriver\win64\136.0.7103.94\chromedriver-win32/chromedriver.exe] found in cache
2025-05-15 17:37:23,102 INFO \u231b \u0627\u0646\u062a\u0638\u0631 \u0645\u0633\u062d QR \u0641\u064a WhatsApp Web …
2025-05-15 17:37:28,484 INFO \u2705 \u062c\u0627\u0647\u0632 \u0644\u0625\u0631\u0633\u0627\u0644 \u0627\u0644\u0631\u0633\u0627\u0626\u0644.
2025-05-15 17:37:36,358 INFO \U0001f4e9 \u0623\u0631\u0633\u0644\u0646\u0627 \u0631\u0633\u0627\u0644\u0629 \u0625\u0644\u0649 +201142344943 \u0641\u064a 17:37:36
2025-05-15 17:38:07,680 INFO \U0001f4e9 \u0623\u0631\u0633\u0644\u0646\u0627 \u0631\u0633\u0627\u0644\u0629 \u0625\u0644\u0649 +201142344943 \u0641\u064a 17:38:07
2025-05-15 17:38:35,176 INFO \U0001f4e9 \u0623\u0631\u0633\u0644\u0646\u0627 \u0631\u0633\u0627\u0644\u0629 \u0625\u0644\u0649 +201142344943 \u0641\u064a 17:38:35
2025-05-15 17:40:56,013 INFO \U0001f4e9 \u0623\u0631\u0633\u0644\u0646\u0627 \u0631\u0633\u0627\u0644\u0629 \u0625\u0644\u0649 +201113793676 \u0641\u064a 17:40:56
2025-05-15 17:41:06,524 INFO \U0001f4e9 \u0623\u0631\u0633\u0644\u0646\u0627 \u0631\u0633\u0627\u0644\u0629 \u0625\u0644\u0649 +201113793676 \u0641\u064a 17:41:06
2025-05-15 17:41:16,996 INFO \U0001f4e9 \u0623\u0631\u0633\u0644\u0646\u0627 \u0631\u0633\u0627\u0644\u0629 \u0625\u0644\u0649 +201142344943 \u0641\u064a 17:41:16
2025-05-15 17:41:27,529 INFO \U0001f4e9 \u0623\u0631\u0633\u0644\u0646\u0627 \u0631\u0633\u0627\u0644\u0629 \u0625\u0644\u0649 +201142344943 \u0641\u064a 17:41:27
2025-05-16 10:30:16,337 WARNING Not Found: /favicon.ico
2025-05-16 10:30:18,535 INFO ====== WebDriver manager ======
2025-05-16 10:30:20,307 INFO Get LATEST chromedriver version for google-chrome
2025-05-16 10:30:20,812 INFO Get LATEST chromedriver version for google-chrome
2025-05-16 10:30:21,213 INFO Get LATEST chromedriver version for google-chrome
2025-05-16 10:30:22,154 INFO WebDriver version 136.0.7103.94 selected
2025-05-16 10:30:22,159 INFO Modern chrome version https://storage.googleapis.com/chrome-for-testing-public/136.0.7103.94/win32/chromedriver-win32.zip
2025-05-16 10:30:22,159 INFO About to download new driver from https://storage.googleapis.com/chrome-for-testing-public/136.0.7103.94/win32/chromedriver-win32.zip
2025-05-16 10:30:22,715 INFO Driver downloading response is 200
2025-05-16 10:31:02,205 INFO Get LATEST chromedriver version for google-chrome
2025-05-16 10:31:04,553 INFO Driver has been saved in cache [C:\Users\Abdo\.wdm\drivers\chromedriver\win64\136.0.7103.94]
2025-05-16 10:31:21,806 INFO \u231b \u0627\u0646\u062a\u0638\u0631 \u0645\u0633\u062d QR \u0641\u064a WhatsApp Web …
2025-05-16 10:31:37,873 INFO \u2705 \u062c\u0627\u0647\u0632 \u0644\u0625\u0631\u0633\u0627\u0644 \u0627\u0644\u0631\u0633\u0627\u0626\u0644.
2025-05-16 10:32:10,593 WARNING \u26a0\ufe0f \u062a\u0639\u0637\u0644 \u0627\u0644\u0625\u0631\u0633\u0627\u0644 \u0625\u0644\u0649 +201142344943: Message: 
Stacktrace:
	GetHandleVerifier [0x005FFC83+61635]
	GetHandleVerifier [0x005FFCC4+61700]
	(No symbol) [0x004205D3]
	(No symbol) [0x0046899E]
	(No symbol) [0x00468D3B]
	(No symbol) [0x004B0E12]
	(No symbol) [0x0048D2E4]
	(No symbol) [0x004AE61B]
	(No symbol) [0x0048D096]
	(No symbol) [0x0045C840]
	(No symbol) [0x0045D6A4]
	GetHandleVerifier [0x008845A3+2701795]
	GetHandleVerifier [0x0087FD26+2683238]
	GetHandleVerifier [0x0089AA6E+2793134]
	GetHandleVerifier [0x00616945+155013]
	GetHandleVerifier [0x0061D02D+181357]
	GetHandleVerifier [0x006074D8+92440]
	GetHandleVerifier [0x00607680+92864]
	GetHandleVerifier [0x005F2070+5296]
	BaseThreadInitThunk [0x7759FCC9+25]
	RtlGetAppContainerNamedObjectPath [0x776E82AE+286]
	RtlGetAppContainerNamedObjectPath [0x776E827E+238]
 — \u0627\u0644\u0645\u062d\u0627\u0648\u0644\u0629 \u0628\u0625\u0639\u0627\u062f\u0629 \u062a\u0634\u063a\u064a\u0644 \u0627\u0644\u062c\u0644\u0633\u0629
2025-05-16 10:32:41,059 ERROR \u274c \u0625\u0639\u0627\u062f\u0629 \u0627\u0644\u0625\u0631\u0633\u0627\u0644 \u0641\u0634\u0644\u062a \u0625\u0644\u0649 +201142344943: Message: invalid session id: session deleted as the browser has closed the connection
from disconnected: not connected to DevTools
  (Session info: chrome=136.0.7103.114)
Stacktrace:
	GetHandleVerifier [0x005FFC83+61635]
	GetHandleVerifier [0x005FFCC4+61700]
	(No symbol) [0x004205D3]
	(No symbol) [0x0040FE20]
	(No symbol) [0x0042DD1F]
	(No symbol) [0x00493E8C]
	(No symbol) [0x004ADF19]
	(No symbol) [0x0048D096]
	(No symbol) [0x0045C840]
	(No symbol) [0x0045D6A4]
	GetHandleVerifier [0x008845A3+2701795]
	GetHandleVerifier [0x0087FD26+2683238]
	GetHandleVerifier [0x0089AA6E+2793134]
	GetHandleVerifier [0x00616945+155013]
	GetHandleVerifier [0x0061D02D+181357]
	GetHandleVerifier [0x006074D8+92440]
	GetHandleVerifier [0x00607680+92864]
	GetHandleVerifier [0x005F2070+5296]
	BaseThreadInitThunk [0x7759FCC9+25]
	RtlGetAppContainerNamedObjectPath [0x776E82AE+286]
	RtlGetAppContainerNamedObjectPath [0x776E827E+238]

2025-05-16 10:32:55,972 INFO ====== WebDriver manager ======
2025-05-16 10:32:57,739 INFO Get LATEST chromedriver version for google-chrome
2025-05-16 10:32:58,120 INFO Get LATEST chromedriver version for google-chrome
2025-05-16 10:32:58,553 INFO Driver [C:\Users\Abdo\.wdm\drivers\chromedriver\win64\136.0.7103.94\chromedriver-win32/chromedriver.exe] found in cache
2025-05-16 10:33:02,749 INFO \u231b \u0627\u0646\u062a\u0638\u0631 \u0645\u0633\u062d QR \u0641\u064a WhatsApp Web …
2025-05-16 10:33:09,903 INFO \u2705 \u062c\u0627\u0647\u0632 \u0644\u0625\u0631\u0633\u0627\u0644 \u0627\u0644\u0631\u0633\u0627\u0626\u0644.
2025-05-16 10:33:41,257 WARNING \u26a0\ufe0f \u062a\u0639\u0637\u0644 \u0627\u0644\u0625\u0631\u0633\u0627\u0644 \u0625\u0644\u0649 +201142344943: Message: 
Stacktrace:
	GetHandleVerifier [0x005FFC83+61635]
	GetHandleVerifier [0x005FFCC4+61700]
	(No symbol) [0x004205D3]
	(No symbol) [0x0046899E]
	(No symbol) [0x00468D3B]
	(No symbol) [0x004B0E12]
	(No symbol) [0x0048D2E4]
	(No symbol) [0x004AE61B]
	(No symbol) [0x0048D096]
	(No symbol) [0x0045C840]
	(No symbol) [0x0045D6A4]
	GetHandleVerifier [0x008845A3+2701795]
	GetHandleVerifier [0x0087FD26+2683238]
	GetHandleVerifier [0x0089AA6E+2793134]
	GetHandleVerifier [0x00616945+155013]
	GetHandleVerifier [0x0061D02D+181357]
	GetHandleVerifier [0x006074D8+92440]
	GetHandleVerifier [0x00607680+92864]
	GetHandleVerifier [0x005F2070+5296]
	BaseThreadInitThunk [0x7759FCC9+25]
	RtlGetAppContainerNamedObjectPath [0x776E82AE+286]
	RtlGetAppContainerNamedObjectPath [0x776E827E+238]
 — \u0627\u0644\u0645\u062d\u0627\u0648\u0644\u0629 \u0628\u0625\u0639\u0627\u062f\u0629 \u062a\u0634\u063a\u064a\u0644 \u0627\u0644\u062c\u0644\u0633\u0629
2025-05-16 10:34:12,505 ERROR \u274c \u0625\u0639\u0627\u062f\u0629 \u0627\u0644\u0625\u0631\u0633\u0627\u0644 \u0641\u0634\u0644\u062a \u0625\u0644\u0649 +201142344943: Message: 
Stacktrace:
	GetHandleVerifier [0x005FFC83+61635]
	GetHandleVerifier [0x005FFCC4+61700]
	(No symbol) [0x004205D3]
	(No symbol) [0x0046899E]
	(No symbol) [0x00468D3B]
	(No symbol) [0x004B0E12]
	(No symbol) [0x0048D2E4]
	(No symbol) [0x004AE61B]
	(No symbol) [0x0048D096]
	(No symbol) [0x0045C840]
	(No symbol) [0x0045D6A4]
	GetHandleVerifier [0x008845A3+2701795]
	GetHandleVerifier [0x0087FD26+2683238]
	GetHandleVerifier [0x0089AA6E+2793134]
	GetHandleVerifier [0x00616945+155013]
	GetHandleVerifier [0x0061D02D+181357]
	GetHandleVerifier [0x006074D8+92440]
	GetHandleVerifier [0x00607680+92864]
	GetHandleVerifier [0x005F2070+5296]
	BaseThreadInitThunk [0x7759FCC9+25]
	RtlGetAppContainerNamedObjectPath [0x776E82AE+286]
	RtlGetAppContainerNamedObjectPath [0x776E827E+238]

2025-05-16 10:34:59,351 INFO C:\Users\Abdo\Desktop\students-manager\student_manager\students\utils\whatsapp_Sel.py changed, reloading.
2025-05-16 10:35:27,365 INFO ====== WebDriver manager ======
2025-05-16 10:35:30,072 INFO Get LATEST chromedriver version for google-chrome
2025-05-16 10:35:30,478 INFO Get LATEST chromedriver version for google-chrome
2025-05-16 10:35:30,834 INFO Driver [C:\Users\Abdo\.wdm\drivers\chromedriver\win64\136.0.7103.94\chromedriver-win32/chromedriver.exe] found in cache
2025-05-16 10:35:34,537 INFO \u231b \u0627\u0646\u062a\u0638\u0631 \u0645\u0633\u062d QR \u0641\u064a WhatsApp Web …
2025-05-16 10:35:41,798 INFO \u2705 \u062c\u0627\u0647\u0632 \u0644\u0625\u0631\u0633\u0627\u0644 \u0627\u0644\u0631\u0633\u0627\u0626\u0644.
2025-05-16 10:36:13,131 WARNING \u26a0\ufe0f \u062a\u0639\u0637\u0644 \u0627\u0644\u0625\u0631\u0633\u0627\u0644 \u0625\u0644\u0649 +201142344943: Message: 
Stacktrace:
	GetHandleVerifier [0x005FFC83+61635]
	GetHandleVerifier [0x005FFCC4+61700]
	(No symbol) [0x004205D3]
	(No symbol) [0x0046899E]
	(No symbol) [0x00468D3B]
	(No symbol) [0x004B0E12]
	(No symbol) [0x0048D2E4]
	(No symbol) [0x004AE61B]
	(No symbol) [0x0048D096]
	(No symbol) [0x0045C840]
	(No symbol) [0x0045D6A4]
	GetHandleVerifier [0x008845A3+2701795]
	GetHandleVerifier [0x0087FD26+2683238]
	GetHandleVerifier [0x0089AA6E+2793134]
	GetHandleVerifier [0x00616945+155013]
	GetHandleVerifier [0x0061D02D+181357]
	GetHandleVerifier [0x006074D8+92440]
	GetHandleVerifier [0x00607680+92864]
	GetHandleVerifier [0x005F2070+5296]
	BaseThreadInitThunk [0x7759FCC9+25]
	RtlGetAppContainerNamedObjectPath [0x776E82AE+286]
	RtlGetAppContainerNamedObjectPath [0x776E827E+238]
 — \u0627\u0644\u0645\u062d\u0627\u0648\u0644\u0629 \u0628\u0625\u0639\u0627\u062f\u0629 \u062a\u0634\u063a\u064a\u0644 \u0627\u0644\u062c\u0644\u0633\u0629
2025-05-16 10:36:44,215 ERROR \u274c \u0625\u0639\u0627\u062f\u0629 \u0627\u0644\u0625\u0631\u0633\u0627\u0644 \u0641\u0634\u0644\u062a \u0625\u0644\u0649 +201142344943: Message: 
Stacktrace:
	GetHandleVerifier [0x005FFC83+61635]
	GetHandleVerifier [0x005FFCC4+61700]
	(No symbol) [0x004205D3]
	(No symbol) [0x0046899E]
	(No symbol) [0x00468D3B]
	(No symbol) [0x004B0E12]
	(No symbol) [0x0048D2E4]
	(No symbol) [0x004AE61B]
	(No symbol) [0x0048D096]
	(No symbol) [0x0045C840]
	(No symbol) [0x0045D6A4]
	GetHandleVerifier [0x008845A3+2701795]
	GetHandleVerifier [0x0087FD26+2683238]
	GetHandleVerifier [0x0089AA6E+2793134]
	GetHandleVerifier [0x00616945+155013]
	GetHandleVerifier [0x0061D02D+181357]
	GetHandleVerifier [0x006074D8+92440]
	GetHandleVerifier [0x00607680+92864]
	GetHandleVerifier [0x005F2070+5296]
	BaseThreadInitThunk [0x7759FCC9+25]
	RtlGetAppContainerNamedObjectPath [0x776E82AE+286]
	RtlGetAppContainerNamedObjectPath [0x776E827E+238]

2025-05-16 10:41:40,285 WARNING \u26a0\ufe0f \u062a\u0639\u0637\u0644 \u0627\u0644\u0625\u0631\u0633\u0627\u0644 \u0625\u0644\u0649 +201142344943: Message: invalid session id: session deleted as the browser has closed the connection
from disconnected: not connected to DevTools
  (Session info: chrome=136.0.7103.114)
Stacktrace:
	GetHandleVerifier [0x005FFC83+61635]
	GetHandleVerifier [0x005FFCC4+61700]
	(No symbol) [0x004205D3]
	(No symbol) [0x0040FE20]
	(No symbol) [0x0042DD1F]
	(No symbol) [0x00493E8C]
	(No symbol) [0x004ADF19]
	(No symbol) [0x0048D096]
	(No symbol) [0x0045C840]
	(No symbol) [0x0045D6A4]
	GetHandleVerifier [0x008845A3+2701795]
	GetHandleVerifier [0x0087FD26+2683238]
	GetHandleVerifier [0x0089AA6E+2793134]
	GetHandleVerifier [0x00616945+155013]
	GetHandleVerifier [0x0061D02D+181357]
	GetHandleVerifier [0x006074D8+92440]
	GetHandleVerifier [0x00607680+92864]
	GetHandleVerifier [0x005F2070+5296]
	BaseThreadInitThunk [0x7759FCC9+25]
	RtlGetAppContainerNamedObjectPath [0x776E82AE+286]
	RtlGetAppContainerNamedObjectPath [0x776E827E+238]
 — \u0627\u0644\u0645\u062d\u0627\u0648\u0644\u0629 \u0628\u0625\u0639\u0627\u062f\u0629 \u062a\u0634\u063a\u064a\u0644 \u0627\u0644\u062c\u0644\u0633\u0629
2025-05-16 10:41:40,288 ERROR \u274c \u0625\u0639\u0627\u062f\u0629 \u0627\u0644\u0625\u0631\u0633\u0627\u0644 \u0641\u0634\u0644\u062a \u0625\u0644\u0649 +201142344943: Message: invalid session id
Stacktrace:
	GetHandleVerifier [0x005FFC83+61635]
	GetHandleVerifier [0x005FFCC4+61700]
	(No symbol) [0x0042044E]
	(No symbol) [0x0045BB08]
	(No symbol) [0x0048D156]
	(No symbol) [0x00488C22]
	(No symbol) [0x004881B6]
	(No symbol) [0x003F36C5]
	(No symbol) [0x003F3C1E]
	(No symbol) [0x003F40AD]
	GetHandleVerifier [0x008845A3+2701795]
	GetHandleVerifier [0x0087FD26+2683238]
	GetHandleVerifier [0x0089AA6E+2793134]
	GetHandleVerifier [0x00616945+155013]
	GetHandleVerifier [0x0061D02D+181357]
	(No symbol) [0x003F3390]
	(No symbol) [0x003F2B9D]
	GetHandleVerifier [0x009787FC+3701820]
	BaseThreadInitThunk [0x7759FCC9+25]
	RtlGetAppContainerNamedObjectPath [0x776E82AE+286]
	RtlGetAppContainerNamedObjectPath [0x776E827E+238]

2025-05-16 10:43:00,767 WARNING \u26a0\ufe0f \u062a\u0639\u0637\u0644 \u0627\u0644\u0625\u0631\u0633\u0627\u0644 \u0625\u0644\u0649 +201142344943: Message: invalid session id
Stacktrace:
	GetHandleVerifier [0x005FFC83+61635]
	GetHandleVerifier [0x005FFCC4+61700]
	(No symbol) [0x0042044E]
	(No symbol) [0x0045BB08]
	(No symbol) [0x0048D156]
	(No symbol) [0x00488C22]
	(No symbol) [0x004881B6]
	(No symbol) [0x003F36C5]
	(No symbol) [0x003F3C1E]
	(No symbol) [0x003F40AD]
	GetHandleVerifier [0x008845A3+2701795]
	GetHandleVerifier [0x0087FD26+2683238]
	GetHandleVerifier [0x0089AA6E+2793134]
	GetHandleVerifier [0x00616945+155013]
	GetHandleVerifier [0x0061D02D+181357]
	(No symbol) [0x003F3390]
	(No symbol) [0x003F2B9D]
	GetHandleVerifier [0x009787FC+3701820]
	BaseThreadInitThunk [0x7759FCC9+25]
	RtlGetAppContainerNamedObjectPath [0x776E82AE+286]
	RtlGetAppContainerNamedObjectPath [0x776E827E+238]
 — \u0627\u0644\u0645\u062d\u0627\u0648\u0644\u0629 \u0628\u0625\u0639\u0627\u062f\u0629 \u062a\u0634\u063a\u064a\u0644 \u0627\u0644\u062c\u0644\u0633\u0629
2025-05-16 10:43:00,770 ERROR \u274c \u0625\u0639\u0627\u062f\u0629 \u0627\u0644\u0625\u0631\u0633\u0627\u0644 \u0641\u0634\u0644\u062a \u0625\u0644\u0649 +201142344943: Message: invalid session id
Stacktrace:
	GetHandleVerifier [0x005FFC83+61635]
	GetHandleVerifier [0x005FFCC4+61700]
	(No symbol) [0x0042044E]
	(No symbol) [0x0045BB08]
	(No symbol) [0x0048D156]
	(No symbol) [0x00488C22]
	(No symbol) [0x004881B6]
	(No symbol) [0x003F36C5]
	(No symbol) [0x003F3C1E]
	(No symbol) [0x003F40AD]
	GetHandleVerifier [0x008845A3+2701795]
	GetHandleVerifier [0x0087FD26+2683238]
	GetHandleVerifier [0x0089AA6E+2793134]
	GetHandleVerifier [0x00616945+155013]
	GetHandleVerifier [0x0061D02D+181357]
	(No symbol) [0x003F3390]
	(No symbol) [0x003F2B9D]
	GetHandleVerifier [0x009787FC+3701820]
	BaseThreadInitThunk [0x7759FCC9+25]
	RtlGetAppContainerNamedObjectPath [0x776E82AE+286]
	RtlGetAppContainerNamedObjectPath [0x776E827E+238]

2025-05-16 10:43:49,510 INFO C:\Users\Abdo\Desktop\students-manager\student_manager\students\utils\whatsapp_Sel.py changed, reloading.
2025-05-16 10:43:55,676 INFO C:\Users\Abdo\Desktop\students-manager\student_manager\students\utils\whatsapp_Sel.py changed, reloading.
2025-05-16 10:44:03,826 WARNING Not Found: /favicon.ico
2025-05-16 10:44:33,052 INFO ====== WebDriver manager ======
2025-05-16 10:44:34,742 INFO Get LATEST chromedriver version for google-chrome
2025-05-16 10:44:35,078 INFO Get LATEST chromedriver version for google-chrome
2025-05-16 10:44:35,338 INFO Driver [C:\Users\Abdo\.wdm\drivers\chromedriver\win64\136.0.7103.94\chromedriver-win32/chromedriver.exe] found in cache
2025-05-16 10:44:40,768 INFO \u231b \u0627\u0646\u062a\u0638\u0631 \u0645\u0633\u062d QR \u0641\u064a WhatsApp Web …
2025-05-16 10:44:47,477 INFO \u2705 \u062c\u0627\u0647\u0632 \u0644\u0625\u0631\u0633\u0627\u0644 \u0627\u0644\u0631\u0633\u0627\u0626\u0644.
2025-05-16 10:44:55,611 INFO \U0001f4e9 \u0623\u0631\u0633\u0644\u0646\u0627 \u0631\u0633\u0627\u0644\u0629 \u0625\u0644\u0649 +201142344943 \u0641\u064a 10:44:55
2025-05-16 10:48:24,479 INFO C:\Users\Abdo\Desktop\students-manager\student_manager\students\utils\whatsapp_Sel.py changed, reloading.
2025-05-16 10:49:16,374 INFO ====== WebDriver manager ======
2025-05-16 10:49:17,984 INFO Get LATEST chromedriver version for google-chrome
2025-05-16 10:49:18,753 INFO Get LATEST chromedriver version for google-chrome
2025-05-16 10:49:19,582 INFO Driver [C:\Users\Abdo\.wdm\drivers\chromedriver\win64\136.0.7103.94\chromedriver-win32/chromedriver.exe] found in cache
2025-05-16 10:49:22,393 ERROR \u0641\u0634\u0644 \u0625\u0646\u0634\u0627\u0621 \u062c\u0644\u0633\u0629 WhatsApp Web: Message: session not created: Chrome failed to start: crashed.
  (session not created: DevToolsActivePort file doesn't exist)
  (The process started from chrome location C:\Program Files\Google\Chrome\Application\chrome.exe is no longer running, so ChromeDriver is assuming that Chrome has crashed.)
Stacktrace:
	GetHandleVerifier [0x005FFC83+61635]
	GetHandleVerifier [0x005FFCC4+61700]
	(No symbol) [0x004205D3]
	(No symbol) [0x00455659]
	(No symbol) [0x0044F6C9]
	(No symbol) [0x00498DF3]
	(No symbol) [0x0049880A]
	(No symbol) [0x0048D096]
	(No symbol) [0x0045C840]
	(No symbol) [0x0045D6A4]
	GetHandleVerifier [0x008845A3+2701795]
	GetHandleVerifier [0x0087FD26+2683238]
	GetHandleVerifier [0x0089AA6E+2793134]
	GetHandleVerifier [0x00616945+155013]
	GetHandleVerifier [0x0061D02D+181357]
	GetHandleVerifier [0x006074D8+92440]
	GetHandleVerifier [0x00607680+92864]
	GetHandleVerifier [0x005F2070+5296]
	BaseThreadInitThunk [0x7759FCC9+25]
	RtlGetAppContainerNamedObjectPath [0x776E82AE+286]
	RtlGetAppContainerNamedObjectPath [0x776E827E+238]

2025-05-16 10:49:22,393 ERROR \U0001f6a8 \u0644\u0627 \u062a\u0648\u062c\u062f \u062c\u0644\u0633\u0629 \u062c\u0627\u0647\u0632\u0629 \u0644\u0644\u0631\u0633\u0627\u0626\u0644.
2025-05-16 10:50:45,134 INFO ====== WebDriver manager ======
2025-05-16 10:50:46,933 INFO Get LATEST chromedriver version for google-chrome
2025-05-16 10:50:47,392 INFO Get LATEST chromedriver version for google-chrome
2025-05-16 10:50:47,732 INFO Driver [C:\Users\Abdo\.wdm\drivers\chromedriver\win64\136.0.7103.94\chromedriver-win32/chromedriver.exe] found in cache
2025-05-16 10:50:51,405 INFO \u231b \u0627\u0646\u062a\u0638\u0631 \u0645\u0633\u062d QR \u0641\u064a WhatsApp Web …
2025-05-16 10:50:57,576 INFO \u2705 \u062c\u0627\u0647\u0632 \u0644\u0625\u0631\u0633\u0627\u0644 \u0627\u0644\u0631\u0633\u0627\u0626\u0644.
2025-05-16 10:51:05,057 INFO \U0001f4e9 \u0623\u0631\u0633\u0644\u0646\u0627 \u0631\u0633\u0627\u0644\u0629 \u0625\u0644\u0649 +201142344943 \u0641\u064a 10:51:05
2025-05-16 10:54:14,175 INFO ====== WebDriver manager ======
2025-05-16 10:54:15,802 INFO Get LATEST chromedriver version for google-chrome
2025-05-16 10:54:16,061 INFO Get LATEST chromedriver version for google-chrome
2025-05-16 10:54:16,439 INFO Driver [C:\Users\Abdo\.wdm\drivers\chromedriver\win64\136.0.7103.94\chromedriver-win32/chromedriver.exe] found in cache
2025-05-16 10:54:20,145 INFO \u231b \u0627\u0646\u062a\u0638\u0631 \u0645\u0633\u062d QR \u0641\u064a WhatsApp Web …
2025-05-16 10:54:27,361 INFO \u2705 \u062c\u0627\u0647\u0632 \u0644\u0625\u0631\u0633\u0627\u0644 \u0627\u0644\u0631\u0633\u0627\u0626\u0644.
2025-05-16 10:54:34,481 INFO \U0001f4e9 \u0623\u0631\u0633\u0644\u0646\u0627 \u0631\u0633\u0627\u0644\u0629 \u0625\u0644\u0649 +201142344943 \u0641\u064a 10:54:34
2025-05-16 11:05:49,276 INFO C:\Users\Abdo\Desktop\students-manager\student_manager\students\views.py changed, reloading.
2025-05-16 12:16:15,349 WARNING Not Found: /favicon.ico
2025-05-16 12:16:19,042 ERROR Internal Server Error: /card/7/
Traceback (most recent call last):
  File "C:\Users\Abdo\Desktop\students-manager\Lib\site-packages\django\core\handlers\exception.py", line 55, in inner
    response = get_response(request)
  File "C:\Users\Abdo\Desktop\students-manager\Lib\site-packages\django\core\handlers\base.py", line 197, in _get_response
    response = wrapped_callback(request, *callback_args, **callback_kwargs)
  File "C:\Users\Abdo\Desktop\students-manager\student_manager\students\views.py", line 29, in print_student_card
    img_io = generate_student_card(student)
  File "C:\Users\Abdo\Desktop\students-manager\student_manager\students\pdf\student_card.py", line 33, in generate_student_card
    font_name = ImageFont.truetype(FONT_PATH, 32)
  File "C:\Users\Abdo\Desktop\students-manager\Lib\site-packages\PIL\ImageFont.py", line 880, in truetype
    return freetype(font)
  File "C:\Users\Abdo\Desktop\students-manager\Lib\site-packages\PIL\ImageFont.py", line 877, in freetype
    return FreeTypeFont(font, size, index, encoding, layout_engine)
  File "C:\Users\Abdo\Desktop\students-manager\Lib\site-packages\PIL\ImageFont.py", line 285, in __init__
    self.font = core.getfont(
                ~~~~~~~~~~~~^
        font, size, index, encoding, layout_engine=layout_engine
        ^^^^^^^^^^^^^^^^^^^^^^^^^^^^^^^^^^^^^^^^^^^^^^^^^^^^^^^^
    )
    ^
OSError: cannot open resource
2025-05-16 12:19:13,145 INFO C:\Users\Abdo\Desktop\students-manager\student_manager\students\pdf\student_card.py changed, reloading.
2025-05-16 12:19:20,928 INFO C:\Users\Abdo\Desktop\students-manager\student_manager\students\pdf\student_card.py changed, reloading.
2025-05-16 12:19:24,785 INFO C:\Users\Abdo\Desktop\students-manager\student_manager\students\pdf\student_card.py changed, reloading.
2025-05-16 12:19:31,462 INFO C:\Users\Abdo\Desktop\students-manager\student_manager\students\pdf\student_card.py changed, reloading.
2025-05-16 12:19:37,795 INFO C:\Users\Abdo\Desktop\students-manager\student_manager\students\pdf\student_card.py changed, reloading.
2025-05-16 15:48:59,276 INFO C:\Users\Abdo\Desktop\students-manager\student_manager\students\pdf\student_card.py changed, reloading.
2025-05-16 15:49:30,452 ERROR Internal Server Error: /card/7/
Traceback (most recent call last):
  File "C:\Users\Abdo\Desktop\students-manager\Lib\site-packages\django\core\handlers\exception.py", line 55, in inner
    response = get_response(request)
  File "C:\Users\Abdo\Desktop\students-manager\Lib\site-packages\django\core\handlers\base.py", line 197, in _get_response
    response = wrapped_callback(request, *callback_args, **callback_kwargs)
  File "C:\Users\Abdo\Desktop\students-manager\student_manager\students\views.py", line 29, in print_student_card
    img_io = generate_student_card(student)
  File "C:\Users\Abdo\Desktop\students-manager\student_manager\students\pdf\student_card.py", line 34, in generate_student_card
    font_name = ImageFont.truetype(FONT_PATH, 32)
  File "C:\Users\Abdo\Desktop\students-manager\Lib\site-packages\PIL\ImageFont.py", line 880, in truetype
    return freetype(font)
  File "C:\Users\Abdo\Desktop\students-manager\Lib\site-packages\PIL\ImageFont.py", line 877, in freetype
    return FreeTypeFont(font, size, index, encoding, layout_engine)
  File "C:\Users\Abdo\Desktop\students-manager\Lib\site-packages\PIL\ImageFont.py", line 285, in __init__
    self.font = core.getfont(
                ~~~~~~~~~~~~^
        font, size, index, encoding, layout_engine=layout_engine
        ^^^^^^^^^^^^^^^^^^^^^^^^^^^^^^^^^^^^^^^^^^^^^^^^^^^^^^^^
    )
    ^
OSError: cannot open resource
2025-05-16 15:49:30,751 WARNING Not Found: /favicon.ico
2025-05-16 15:49:31,414 ERROR Internal Server Error: /card/7/
Traceback (most recent call last):
  File "C:\Users\Abdo\Desktop\students-manager\Lib\site-packages\django\core\handlers\exception.py", line 55, in inner
    response = get_response(request)
  File "C:\Users\Abdo\Desktop\students-manager\Lib\site-packages\django\core\handlers\base.py", line 197, in _get_response
    response = wrapped_callback(request, *callback_args, **callback_kwargs)
  File "C:\Users\Abdo\Desktop\students-manager\student_manager\students\views.py", line 29, in print_student_card
    img_io = generate_student_card(student)
  File "C:\Users\Abdo\Desktop\students-manager\student_manager\students\pdf\student_card.py", line 34, in generate_student_card
    font_name = ImageFont.truetype(FONT_PATH, 32)
  File "C:\Users\Abdo\Desktop\students-manager\Lib\site-packages\PIL\ImageFont.py", line 880, in truetype
    return freetype(font)
  File "C:\Users\Abdo\Desktop\students-manager\Lib\site-packages\PIL\ImageFont.py", line 877, in freetype
    return FreeTypeFont(font, size, index, encoding, layout_engine)
  File "C:\Users\Abdo\Desktop\students-manager\Lib\site-packages\PIL\ImageFont.py", line 285, in __init__
    self.font = core.getfont(
                ~~~~~~~~~~~~^
        font, size, index, encoding, layout_engine=layout_engine
        ^^^^^^^^^^^^^^^^^^^^^^^^^^^^^^^^^^^^^^^^^^^^^^^^^^^^^^^^
    )
    ^
OSError: cannot open resource
2025-05-16 15:49:32,270 ERROR Internal Server Error: /card/7/
Traceback (most recent call last):
  File "C:\Users\Abdo\Desktop\students-manager\Lib\site-packages\django\core\handlers\exception.py", line 55, in inner
    response = get_response(request)
  File "C:\Users\Abdo\Desktop\students-manager\Lib\site-packages\django\core\handlers\base.py", line 197, in _get_response
    response = wrapped_callback(request, *callback_args, **callback_kwargs)
  File "C:\Users\Abdo\Desktop\students-manager\student_manager\students\views.py", line 29, in print_student_card
    img_io = generate_student_card(student)
  File "C:\Users\Abdo\Desktop\students-manager\student_manager\students\pdf\student_card.py", line 34, in generate_student_card
    font_name = ImageFont.truetype(FONT_PATH, 32)
  File "C:\Users\Abdo\Desktop\students-manager\Lib\site-packages\PIL\ImageFont.py", line 880, in truetype
    return freetype(font)
  File "C:\Users\Abdo\Desktop\students-manager\Lib\site-packages\PIL\ImageFont.py", line 877, in freetype
    return FreeTypeFont(font, size, index, encoding, layout_engine)
  File "C:\Users\Abdo\Desktop\students-manager\Lib\site-packages\PIL\ImageFont.py", line 285, in __init__
    self.font = core.getfont(
                ~~~~~~~~~~~~^
        font, size, index, encoding, layout_engine=layout_engine
        ^^^^^^^^^^^^^^^^^^^^^^^^^^^^^^^^^^^^^^^^^^^^^^^^^^^^^^^^
    )
    ^
OSError: cannot open resource
2025-05-16 15:50:33,811 ERROR Internal Server Error: /card/7/
Traceback (most recent call last):
  File "C:\Users\Abdo\Desktop\students-manager\Lib\site-packages\django\core\handlers\exception.py", line 55, in inner
    response = get_response(request)
  File "C:\Users\Abdo\Desktop\students-manager\Lib\site-packages\django\core\handlers\base.py", line 197, in _get_response
    response = wrapped_callback(request, *callback_args, **callback_kwargs)
  File "C:\Users\Abdo\Desktop\students-manager\student_manager\students\views.py", line 29, in print_student_card
    img_io = generate_student_card(student)
  File "C:\Users\Abdo\Desktop\students-manager\student_manager\students\pdf\student_card.py", line 34, in generate_student_card
    font_name = ImageFont.truetype(FONT_PATH, 32)
  File "C:\Users\Abdo\Desktop\students-manager\Lib\site-packages\PIL\ImageFont.py", line 880, in truetype
    return freetype(font)
  File "C:\Users\Abdo\Desktop\students-manager\Lib\site-packages\PIL\ImageFont.py", line 877, in freetype
    return FreeTypeFont(font, size, index, encoding, layout_engine)
  File "C:\Users\Abdo\Desktop\students-manager\Lib\site-packages\PIL\ImageFont.py", line 285, in __init__
    self.font = core.getfont(
                ~~~~~~~~~~~~^
        font, size, index, encoding, layout_engine=layout_engine
        ^^^^^^^^^^^^^^^^^^^^^^^^^^^^^^^^^^^^^^^^^^^^^^^^^^^^^^^^
    )
    ^
OSError: cannot open resource
2025-05-16 15:51:53,364 INFO C:\Users\Abdo\Desktop\students-manager\student_manager\students\pdf\student_card.py changed, reloading.
2025-05-16 15:52:01,877 INFO C:\Users\Abdo\Desktop\students-manager\student_manager\students\pdf\student_card.py changed, reloading.
2025-05-16 15:52:06,706 INFO C:\Users\Abdo\Desktop\students-manager\student_manager\students\pdf\student_card.py changed, reloading.
2025-05-16 15:52:50,497 ERROR Internal Server Error: /card/7/
Traceback (most recent call last):
  File "C:\Users\Abdo\Desktop\students-manager\Lib\site-packages\django\core\handlers\exception.py", line 55, in inner
    response = get_response(request)
  File "C:\Users\Abdo\Desktop\students-manager\Lib\site-packages\django\core\handlers\base.py", line 197, in _get_response
    response = wrapped_callback(request, *callback_args, **callback_kwargs)
  File "C:\Users\Abdo\Desktop\students-manager\student_manager\students\views.py", line 29, in print_student_card
    img_io = generate_student_card(student)
  File "C:\Users\Abdo\Desktop\students-manager\student_manager\students\pdf\student_card.py", line 34, in generate_student_card
    font_name = ImageFont.truetype(FONT_PATH, 32)
  File "C:\Users\Abdo\Desktop\students-manager\Lib\site-packages\PIL\ImageFont.py", line 880, in truetype
    return freetype(font)
  File "C:\Users\Abdo\Desktop\students-manager\Lib\site-packages\PIL\ImageFont.py", line 877, in freetype
    return FreeTypeFont(font, size, index, encoding, layout_engine)
  File "C:\Users\Abdo\Desktop\students-manager\Lib\site-packages\PIL\ImageFont.py", line 285, in __init__
    self.font = core.getfont(
                ~~~~~~~~~~~~^
        font, size, index, encoding, layout_engine=layout_engine
        ^^^^^^^^^^^^^^^^^^^^^^^^^^^^^^^^^^^^^^^^^^^^^^^^^^^^^^^^
    )
    ^
OSError: cannot open resource
2025-05-16 15:53:05,604 INFO C:\Users\Abdo\Desktop\students-manager\student_manager\students\pdf\student_card.py changed, reloading.
2025-05-16 15:53:10,044 ERROR Internal Server Error: /card/7/
Traceback (most recent call last):
  File "C:\Users\Abdo\Desktop\students-manager\Lib\site-packages\django\core\handlers\exception.py", line 55, in inner
    response = get_response(request)
  File "C:\Users\Abdo\Desktop\students-manager\Lib\site-packages\django\core\handlers\base.py", line 197, in _get_response
    response = wrapped_callback(request, *callback_args, **callback_kwargs)
  File "C:\Users\Abdo\Desktop\students-manager\student_manager\students\views.py", line 29, in print_student_card
    img_io = generate_student_card(student)
  File "C:\Users\Abdo\Desktop\students-manager\student_manager\students\pdf\student_card.py", line 56, in generate_student_card
    font_org = ImageFont.truetype(FONT_PATH, 20)
  File "C:\Users\Abdo\Desktop\students-manager\Lib\site-packages\PIL\ImageFont.py", line 880, in truetype
    return freetype(font)
  File "C:\Users\Abdo\Desktop\students-manager\Lib\site-packages\PIL\ImageFont.py", line 877, in freetype
    return FreeTypeFont(font, size, index, encoding, layout_engine)
  File "C:\Users\Abdo\Desktop\students-manager\Lib\site-packages\PIL\ImageFont.py", line 285, in __init__
    self.font = core.getfont(
                ~~~~~~~~~~~~^
        font, size, index, encoding, layout_engine=layout_engine
        ^^^^^^^^^^^^^^^^^^^^^^^^^^^^^^^^^^^^^^^^^^^^^^^^^^^^^^^^
    )
    ^
OSError: cannot open resource
2025-05-16 15:54:41,988 INFO C:\Users\Abdo\Desktop\students-manager\student_manager\students\pdf\student_card.py changed, reloading.
2025-05-16 15:54:47,142 ERROR Internal Server Error: /card/7/
Traceback (most recent call last):
  File "C:\Users\Abdo\Desktop\students-manager\Lib\site-packages\django\core\handlers\exception.py", line 55, in inner
    response = get_response(request)
  File "C:\Users\Abdo\Desktop\students-manager\Lib\site-packages\django\core\handlers\base.py", line 197, in _get_response
    response = wrapped_callback(request, *callback_args, **callback_kwargs)
  File "C:\Users\Abdo\Desktop\students-manager\student_manager\students\views.py", line 29, in print_student_card
    img_io = generate_student_card(student)
  File "C:\Users\Abdo\Desktop\students-manager\student_manager\students\pdf\student_card.py", line 61, in generate_student_card
    w_org, _ = draw.textsize(org_name, font=font_org)
               ^^^^^^^^^^^^^
AttributeError: 'ImageDraw' object has no attribute 'textsize'
2025-05-16 15:54:48,113 ERROR Internal Server Error: /card/7/
Traceback (most recent call last):
  File "C:\Users\Abdo\Desktop\students-manager\Lib\site-packages\django\core\handlers\exception.py", line 55, in inner
    response = get_response(request)
  File "C:\Users\Abdo\Desktop\students-manager\Lib\site-packages\django\core\handlers\base.py", line 197, in _get_response
    response = wrapped_callback(request, *callback_args, **callback_kwargs)
  File "C:\Users\Abdo\Desktop\students-manager\student_manager\students\views.py", line 29, in print_student_card
    img_io = generate_student_card(student)
  File "C:\Users\Abdo\Desktop\students-manager\student_manager\students\pdf\student_card.py", line 61, in generate_student_card
    w_org, _ = draw.textsize(org_name, font=font_org)
               ^^^^^^^^^^^^^
AttributeError: 'ImageDraw' object has no attribute 'textsize'
2025-05-16 15:54:48,884 ERROR Internal Server Error: /card/7/
Traceback (most recent call last):
  File "C:\Users\Abdo\Desktop\students-manager\Lib\site-packages\django\core\handlers\exception.py", line 55, in inner
    response = get_response(request)
  File "C:\Users\Abdo\Desktop\students-manager\Lib\site-packages\django\core\handlers\base.py", line 197, in _get_response
    response = wrapped_callback(request, *callback_args, **callback_kwargs)
  File "C:\Users\Abdo\Desktop\students-manager\student_manager\students\views.py", line 29, in print_student_card
    img_io = generate_student_card(student)
  File "C:\Users\Abdo\Desktop\students-manager\student_manager\students\pdf\student_card.py", line 61, in generate_student_card
    w_org, _ = draw.textsize(org_name, font=font_org)
               ^^^^^^^^^^^^^
AttributeError: 'ImageDraw' object has no attribute 'textsize'
2025-05-16 15:54:49,698 ERROR Internal Server Error: /card/7/
Traceback (most recent call last):
  File "C:\Users\Abdo\Desktop\students-manager\Lib\site-packages\django\core\handlers\exception.py", line 55, in inner
    response = get_response(request)
  File "C:\Users\Abdo\Desktop\students-manager\Lib\site-packages\django\core\handlers\base.py", line 197, in _get_response
    response = wrapped_callback(request, *callback_args, **callback_kwargs)
  File "C:\Users\Abdo\Desktop\students-manager\student_manager\students\views.py", line 29, in print_student_card
    img_io = generate_student_card(student)
  File "C:\Users\Abdo\Desktop\students-manager\student_manager\students\pdf\student_card.py", line 61, in generate_student_card
    w_org, _ = draw.textsize(org_name, font=font_org)
               ^^^^^^^^^^^^^
AttributeError: 'ImageDraw' object has no attribute 'textsize'
2025-05-16 15:54:58,179 ERROR Internal Server Error: /card/7/
Traceback (most recent call last):
  File "C:\Users\Abdo\Desktop\students-manager\Lib\site-packages\django\core\handlers\exception.py", line 55, in inner
    response = get_response(request)
  File "C:\Users\Abdo\Desktop\students-manager\Lib\site-packages\django\core\handlers\base.py", line 197, in _get_response
    response = wrapped_callback(request, *callback_args, **callback_kwargs)
  File "C:\Users\Abdo\Desktop\students-manager\student_manager\students\views.py", line 29, in print_student_card
    img_io = generate_student_card(student)
  File "C:\Users\Abdo\Desktop\students-manager\student_manager\students\pdf\student_card.py", line 61, in generate_student_card
    w_org, _ = draw.textsize(org_name, font=font_org)
               ^^^^^^^^^^^^^
AttributeError: 'ImageDraw' object has no attribute 'textsize'
2025-05-16 15:55:19,951 INFO C:\Users\Abdo\Desktop\students-manager\student_manager\students\pdf\student_card.py changed, reloading.
2025-05-16 15:55:26,007 ERROR Internal Server Error: /card/7/
Traceback (most recent call last):
  File "C:\Users\Abdo\Desktop\students-manager\Lib\site-packages\django\core\handlers\exception.py", line 55, in inner
    response = get_response(request)
  File "C:\Users\Abdo\Desktop\students-manager\Lib\site-packages\django\core\handlers\base.py", line 197, in _get_response
    response = wrapped_callback(request, *callback_args, **callback_kwargs)
  File "C:\Users\Abdo\Desktop\students-manager\student_manager\students\views.py", line 29, in print_student_card
    img_io = generate_student_card(student)
  File "C:\Users\Abdo\Desktop\students-manager\student_manager\students\pdf\student_card.py", line 61, in generate_student_card
    w_org, _ = font_org.getsize(org_name)
               ^^^^^^^^^^^^^^^^
AttributeError: 'FreeTypeFont' object has no attribute 'getsize'
2025-05-16 15:55:27,316 ERROR Internal Server Error: /card/7/
Traceback (most recent call last):
  File "C:\Users\Abdo\Desktop\students-manager\Lib\site-packages\django\core\handlers\exception.py", line 55, in inner
    response = get_response(request)
  File "C:\Users\Abdo\Desktop\students-manager\Lib\site-packages\django\core\handlers\base.py", line 197, in _get_response
    response = wrapped_callback(request, *callback_args, **callback_kwargs)
  File "C:\Users\Abdo\Desktop\students-manager\student_manager\students\views.py", line 29, in print_student_card
    img_io = generate_student_card(student)
  File "C:\Users\Abdo\Desktop\students-manager\student_manager\students\pdf\student_card.py", line 61, in generate_student_card
    w_org, _ = font_org.getsize(org_name)
               ^^^^^^^^^^^^^^^^
AttributeError: 'FreeTypeFont' object has no attribute 'getsize'
2025-05-16 15:55:28,274 ERROR Internal Server Error: /card/7/
Traceback (most recent call last):
  File "C:\Users\Abdo\Desktop\students-manager\Lib\site-packages\django\core\handlers\exception.py", line 55, in inner
    response = get_response(request)
  File "C:\Users\Abdo\Desktop\students-manager\Lib\site-packages\django\core\handlers\base.py", line 197, in _get_response
    response = wrapped_callback(request, *callback_args, **callback_kwargs)
  File "C:\Users\Abdo\Desktop\students-manager\student_manager\students\views.py", line 29, in print_student_card
    img_io = generate_student_card(student)
  File "C:\Users\Abdo\Desktop\students-manager\student_manager\students\pdf\student_card.py", line 61, in generate_student_card
    w_org, _ = font_org.getsize(org_name)
               ^^^^^^^^^^^^^^^^
AttributeError: 'FreeTypeFont' object has no attribute 'getsize'
2025-05-16 15:56:23,265 INFO C:\Users\Abdo\Desktop\students-manager\student_manager\students\pdf\student_card.py changed, reloading.
2025-05-16 15:56:50,523 INFO C:\Users\Abdo\Desktop\students-manager\student_manager\students\pdf\student_card.py changed, reloading.
2025-05-16 17:46:57,906 INFO C:\Users\Abdo\Desktop\students-manager\student_manager\students\pdf\student_card.py changed, reloading.
2025-05-16 17:47:09,697 INFO C:\Users\Abdo\Desktop\students-manager\student_manager\students\pdf\student_card.py changed, reloading.
2025-05-16 17:47:14,115 WARNING Not Found: /favicon.ico
2025-05-16 17:47:16,000 ERROR Internal Server Error: /card/7/
Traceback (most recent call last):
  File "C:\Users\Abdo\Desktop\students-manager\Lib\site-packages\django\core\handlers\exception.py", line 55, in inner
    response = get_response(request)
  File "C:\Users\Abdo\Desktop\students-manager\Lib\site-packages\django\core\handlers\base.py", line 197, in _get_response
    response = wrapped_callback(request, *callback_args, **callback_kwargs)
  File "C:\Users\Abdo\Desktop\students-manager\student_manager\students\views.py", line 29, in print_student_card
    img_io = generate_student_card(student)
  File "C:\Users\Abdo\Desktop\students-manager\student_manager\students\pdf\student_card.py", line 57, in generate_student_card
    org_w, org_h = draw.textsize(org_name, font=font_org)
                   ^^^^^^^^^^^^^
AttributeError: 'ImageDraw' object has no attribute 'textsize'
2025-05-16 17:47:17,933 ERROR Internal Server Error: /card/7/
Traceback (most recent call last):
  File "C:\Users\Abdo\Desktop\students-manager\Lib\site-packages\django\core\handlers\exception.py", line 55, in inner
    response = get_response(request)
  File "C:\Users\Abdo\Desktop\students-manager\Lib\site-packages\django\core\handlers\base.py", line 197, in _get_response
    response = wrapped_callback(request, *callback_args, **callback_kwargs)
  File "C:\Users\Abdo\Desktop\students-manager\student_manager\students\views.py", line 29, in print_student_card
    img_io = generate_student_card(student)
  File "C:\Users\Abdo\Desktop\students-manager\student_manager\students\pdf\student_card.py", line 57, in generate_student_card
    org_w, org_h = draw.textsize(org_name, font=font_org)
                   ^^^^^^^^^^^^^
AttributeError: 'ImageDraw' object has no attribute 'textsize'
2025-05-16 17:47:19,051 ERROR Internal Server Error: /card/7/
Traceback (most recent call last):
  File "C:\Users\Abdo\Desktop\students-manager\Lib\site-packages\django\core\handlers\exception.py", line 55, in inner
    response = get_response(request)
  File "C:\Users\Abdo\Desktop\students-manager\Lib\site-packages\django\core\handlers\base.py", line 197, in _get_response
    response = wrapped_callback(request, *callback_args, **callback_kwargs)
  File "C:\Users\Abdo\Desktop\students-manager\student_manager\students\views.py", line 29, in print_student_card
    img_io = generate_student_card(student)
  File "C:\Users\Abdo\Desktop\students-manager\student_manager\students\pdf\student_card.py", line 57, in generate_student_card
    org_w, org_h = draw.textsize(org_name, font=font_org)
                   ^^^^^^^^^^^^^
AttributeError: 'ImageDraw' object has no attribute 'textsize'
2025-05-16 17:47:19,902 ERROR Internal Server Error: /card/7/
Traceback (most recent call last):
  File "C:\Users\Abdo\Desktop\students-manager\Lib\site-packages\django\core\handlers\exception.py", line 55, in inner
    response = get_response(request)
  File "C:\Users\Abdo\Desktop\students-manager\Lib\site-packages\django\core\handlers\base.py", line 197, in _get_response
    response = wrapped_callback(request, *callback_args, **callback_kwargs)
  File "C:\Users\Abdo\Desktop\students-manager\student_manager\students\views.py", line 29, in print_student_card
    img_io = generate_student_card(student)
  File "C:\Users\Abdo\Desktop\students-manager\student_manager\students\pdf\student_card.py", line 57, in generate_student_card
    org_w, org_h = draw.textsize(org_name, font=font_org)
                   ^^^^^^^^^^^^^
AttributeError: 'ImageDraw' object has no attribute 'textsize'
2025-05-16 17:49:27,460 INFO C:\Users\Abdo\Desktop\students-manager\student_manager\students\pdf\student_card.py changed, reloading.
2025-05-16 17:49:33,873 INFO C:\Users\Abdo\Desktop\students-manager\student_manager\students\pdf\student_card.py changed, reloading.
2025-05-16 17:49:42,276 ERROR Internal Server Error: /card/7/
Traceback (most recent call last):
  File "C:\Users\Abdo\Desktop\students-manager\Lib\site-packages\django\core\handlers\exception.py", line 55, in inner
    response = get_response(request)
  File "C:\Users\Abdo\Desktop\students-manager\Lib\site-packages\django\core\handlers\base.py", line 197, in _get_response
    response = wrapped_callback(request, *callback_args, **callback_kwargs)
  File "C:\Users\Abdo\Desktop\students-manager\student_manager\students\views.py", line 29, in print_student_card
    img_io = generate_student_card(student)
  File "C:\Users\Abdo\Desktop\students-manager\student_manager\students\pdf\student_card.py", line 57, in generate_student_card
    org_w, org_h = font_org.getsize(org_name)
                   ^^^^^^^^^^^^^^^^
AttributeError: 'FreeTypeFont' object has no attribute 'getsize'
2025-05-16 17:49:43,226 ERROR Internal Server Error: /card/7/
Traceback (most recent call last):
  File "C:\Users\Abdo\Desktop\students-manager\Lib\site-packages\django\core\handlers\exception.py", line 55, in inner
    response = get_response(request)
  File "C:\Users\Abdo\Desktop\students-manager\Lib\site-packages\django\core\handlers\base.py", line 197, in _get_response
    response = wrapped_callback(request, *callback_args, **callback_kwargs)
  File "C:\Users\Abdo\Desktop\students-manager\student_manager\students\views.py", line 29, in print_student_card
    img_io = generate_student_card(student)
  File "C:\Users\Abdo\Desktop\students-manager\student_manager\students\pdf\student_card.py", line 57, in generate_student_card
    org_w, org_h = font_org.getsize(org_name)
                   ^^^^^^^^^^^^^^^^
AttributeError: 'FreeTypeFont' object has no attribute 'getsize'
2025-05-16 17:54:28,544 INFO C:\Users\Abdo\Desktop\students-manager\student_manager\students\pdf\student_card.py changed, reloading.
2025-05-16 17:54:33,469 INFO C:\Users\Abdo\Desktop\students-manager\student_manager\students\pdf\student_card.py changed, reloading.
2025-05-16 17:54:38,812 INFO C:\Users\Abdo\Desktop\students-manager\student_manager\students\pdf\student_card.py changed, reloading.
2025-05-16 17:55:04,506 INFO C:\Users\Abdo\Desktop\students-manager\student_manager\students\views.py changed, reloading.
2025-05-16 18:01:05,512 INFO C:\Users\Abdo\Desktop\students-manager\student_manager\students\pdf\card_pdf.py changed, reloading.
2025-05-16 18:07:23,496 INFO C:\Users\Abdo\Desktop\students-manager\student_manager\students\pdf\card_pdf.py changed, reloading.
2025-05-16 18:11:04,326 INFO C:\Users\Abdo\Desktop\students-manager\student_manager\students\pdf\card_pdf.py changed, reloading.
2025-05-16 18:11:21,905 INFO C:\Users\Abdo\Desktop\students-manager\student_manager\students\views.py changed, reloading.
2025-05-16 18:13:46,679 INFO C:\Users\Abdo\Desktop\students-manager\student_manager\students\pdf\card_pdf.py changed, reloading.
2025-05-16 18:14:08,090 INFO C:\Users\Abdo\Desktop\students-manager\student_manager\students\views.py changed, reloading.
2025-05-16 18:19:10,381 INFO C:\Users\Abdo\Desktop\students-manager\student_manager\students\pdf\card_pdf.py changed, reloading.
2025-05-16 18:19:32,867 ERROR Internal Server Error: /card/7/
2025-05-16 18:19:46,530 INFO C:\Users\Abdo\Desktop\students-manager\student_manager\students\pdf\card_pdf.py changed, reloading.
2025-05-16 21:50:53,262 INFO C:\Users\Abdo\Desktop\students-manager\student_manager\students\views.py changed, reloading.
2025-05-16 21:50:58,749 INFO C:\Users\Abdo\Desktop\students-manager\student_manager\students\views.py changed, reloading.
2025-05-16 21:51:05,288 WARNING Not Found: /favicon.ico
2025-05-16 21:51:20,812 ERROR Internal Server Error: /card/7/
2025-05-16 21:51:40,822 ERROR Internal Server Error: /card/7/
2025-05-16 21:55:55,541 INFO ====== WebDriver manager ======
2025-05-16 21:55:57,195 INFO Get LATEST chromedriver version for google-chrome
2025-05-16 21:55:59,783 INFO Get LATEST chromedriver version for google-chrome
2025-05-16 21:56:00,195 INFO Driver [C:\Users\Abdo\.wdm\drivers\chromedriver\win64\136.0.7103.94\chromedriver-win32/chromedriver.exe] found in cache
2025-05-16 21:56:34,145 INFO \u231b \u0627\u0646\u062a\u0638\u0631 \u0645\u0633\u062d QR \u0641\u064a WhatsApp Web …
2025-05-16 21:57:11,634 INFO \u2705 \u062c\u0627\u0647\u0632 \u0644\u0625\u0631\u0633\u0627\u0644 \u0627\u0644\u0631\u0633\u0627\u0626\u0644.
2025-05-16 21:57:21,720 INFO \U0001f4e9 \u0623\u0631\u0633\u0644\u0646\u0627 \u0631\u0633\u0627\u0644\u0629 \u0625\u0644\u0649 +201142344943 \u0641\u064a 21:57:21
2025-05-17 12:37:33,740 INFO C:\Users\Abdo\Desktop\students-manager\student_manager\students\admin.py changed, reloading.
2025-05-17 12:37:38,599 INFO C:\Users\Abdo\Desktop\students-manager\student_manager\students\admin.py changed, reloading.
2025-05-17 12:37:44,254 INFO C:\Users\Abdo\Desktop\students-manager\student_manager\students\admin.py changed, reloading.
2025-05-17 12:37:51,355 INFO C:\Users\Abdo\Desktop\students-manager\student_manager\students\admin.py changed, reloading.
2025-05-17 12:38:07,645 INFO C:\Users\Abdo\Desktop\students-manager\student_manager\students\admin.py changed, reloading.
2025-05-17 12:38:14,057 INFO C:\Users\Abdo\Desktop\students-manager\student_manager\students\admin.py changed, reloading.
2025-05-17 12:38:48,190 INFO C:\Users\Abdo\Desktop\students-manager\student_manager\students\admin.py changed, reloading.
2025-05-17 12:38:52,336 WARNING Not Found: /favicon.ico
2025-05-17 12:45:44,640 INFO C:\Users\Abdo\Desktop\students-manager\student_manager\students\pdf\card_pdf.py changed, reloading.
2025-05-17 12:45:53,573 ERROR Internal Server Error: /card/9/
Traceback (most recent call last):
  File "C:\Users\Abdo\Desktop\students-manager\Lib\site-packages\django\core\handlers\exception.py", line 55, in inner
    response = get_response(request)
  File "C:\Users\Abdo\Desktop\students-manager\Lib\site-packages\django\core\handlers\base.py", line 197, in _get_response
    response = wrapped_callback(request, *callback_args, **callback_kwargs)
  File "C:\Users\Abdo\Desktop\students-manager\student_manager\students\views.py", line 21, in print_student_card
    pdf_io = generate_student_card_pdf(student)
  File "C:\Users\Abdo\Desktop\students-manager\student_manager\students\pdf\card_pdf.py", line 48, in generate_student_card_pdf
    logo.thumbnail((60, 60), Image.ANTIALIAS)
                             ^^^^^^^^^^^^^^^
AttributeError: module 'PIL.Image' has no attribute 'ANTIALIAS'
2025-05-17 12:45:55,544 ERROR Internal Server Error: /card/9/
Traceback (most recent call last):
  File "C:\Users\Abdo\Desktop\students-manager\Lib\site-packages\django\core\handlers\exception.py", line 55, in inner
    response = get_response(request)
  File "C:\Users\Abdo\Desktop\students-manager\Lib\site-packages\django\core\handlers\base.py", line 197, in _get_response
    response = wrapped_callback(request, *callback_args, **callback_kwargs)
  File "C:\Users\Abdo\Desktop\students-manager\student_manager\students\views.py", line 21, in print_student_card
    pdf_io = generate_student_card_pdf(student)
  File "C:\Users\Abdo\Desktop\students-manager\student_manager\students\pdf\card_pdf.py", line 48, in generate_student_card_pdf
    logo.thumbnail((60, 60), Image.ANTIALIAS)
                             ^^^^^^^^^^^^^^^
AttributeError: module 'PIL.Image' has no attribute 'ANTIALIAS'
2025-05-17 12:45:57,247 ERROR Internal Server Error: /card/9/
Traceback (most recent call last):
  File "C:\Users\Abdo\Desktop\students-manager\Lib\site-packages\django\core\handlers\exception.py", line 55, in inner
    response = get_response(request)
  File "C:\Users\Abdo\Desktop\students-manager\Lib\site-packages\django\core\handlers\base.py", line 197, in _get_response
    response = wrapped_callback(request, *callback_args, **callback_kwargs)
  File "C:\Users\Abdo\Desktop\students-manager\student_manager\students\views.py", line 21, in print_student_card
    pdf_io = generate_student_card_pdf(student)
  File "C:\Users\Abdo\Desktop\students-manager\student_manager\students\pdf\card_pdf.py", line 48, in generate_student_card_pdf
    logo.thumbnail((60, 60), Image.ANTIALIAS)
                             ^^^^^^^^^^^^^^^
AttributeError: module 'PIL.Image' has no attribute 'ANTIALIAS'
2025-05-17 12:45:58,296 ERROR Internal Server Error: /card/9/
Traceback (most recent call last):
  File "C:\Users\Abdo\Desktop\students-manager\Lib\site-packages\django\core\handlers\exception.py", line 55, in inner
    response = get_response(request)
  File "C:\Users\Abdo\Desktop\students-manager\Lib\site-packages\django\core\handlers\base.py", line 197, in _get_response
    response = wrapped_callback(request, *callback_args, **callback_kwargs)
  File "C:\Users\Abdo\Desktop\students-manager\student_manager\students\views.py", line 21, in print_student_card
    pdf_io = generate_student_card_pdf(student)
  File "C:\Users\Abdo\Desktop\students-manager\student_manager\students\pdf\card_pdf.py", line 48, in generate_student_card_pdf
    logo.thumbnail((60, 60), Image.ANTIALIAS)
                             ^^^^^^^^^^^^^^^
AttributeError: module 'PIL.Image' has no attribute 'ANTIALIAS'
2025-05-17 12:46:46,446 INFO C:\Users\Abdo\Desktop\students-manager\student_manager\students\pdf\card_pdf.py changed, reloading.
2025-05-17 12:47:12,209 INFO C:\Users\Abdo\Desktop\students-manager\student_manager\students\pdf\card_pdf.py changed, reloading.
2025-05-17 12:47:47,773 INFO C:\Users\Abdo\Desktop\students-manager\student_manager\students\pdf\card_pdf.py changed, reloading.
2025-05-17 12:47:52,503 INFO C:\Users\Abdo\Desktop\students-manager\student_manager\students\pdf\card_pdf.py changed, reloading.
2025-05-17 12:47:58,658 INFO C:\Users\Abdo\Desktop\students-manager\student_manager\students\pdf\card_pdf.py changed, reloading.
2025-05-17 12:48:03,321 INFO C:\Users\Abdo\Desktop\students-manager\student_manager\students\pdf\card_pdf.py changed, reloading.
2025-05-17 12:48:17,469 INFO C:\Users\Abdo\Desktop\students-manager\student_manager\students\pdf\card_pdf.py changed, reloading.
2025-05-17 12:48:36,654 INFO C:\Users\Abdo\Desktop\students-manager\student_manager\students\pdf\card_pdf.py changed, reloading.
2025-05-17 12:49:20,019 INFO C:\Users\Abdo\Desktop\students-manager\student_manager\students\pdf\card_pdf.py changed, reloading.
2025-05-17 12:49:26,358 INFO C:\Users\Abdo\Desktop\students-manager\student_manager\students\pdf\card_pdf.py changed, reloading.
2025-05-17 12:52:26,279 INFO C:\Users\Abdo\Desktop\students-manager\student_manager\students\pdf\card_pdf.py changed, reloading.
2025-05-17 12:56:37,911 INFO C:\Users\Abdo\Desktop\students-manager\student_manager\students\pdf\card_pdf.py changed, reloading.
2025-05-17 12:57:35,010 ERROR Internal Server Error: /card/9/
Traceback (most recent call last):
  File "C:\Users\Abdo\Desktop\students-manager\Lib\site-packages\django\core\handlers\exception.py", line 55, in inner
    response = get_response(request)
  File "C:\Users\Abdo\Desktop\students-manager\Lib\site-packages\django\core\handlers\base.py", line 197, in _get_response
    response = wrapped_callback(request, *callback_args, **callback_kwargs)
  File "C:\Users\Abdo\Desktop\students-manager\student_manager\students\views.py", line 21, in print_student_card
    pdf_io = generate_student_card_pdf(student)
  File "C:\Users\Abdo\Desktop\students-manager\student_manager\students\pdf\card_pdf.py", line 108, in generate_student_card_pdf
    doc.build(story)
    ~~~~~~~~~^^^^^^^
  File "C:\Users\Abdo\Desktop\students-manager\Lib\site-packages\reportlab\platypus\doctemplate.py", line 1322, in build
    BaseDocTemplate.build(self,flowables, canvasmaker=canvasmaker)
    ~~~~~~~~~~~~~~~~~~~~~^^^^^^^^^^^^^^^^^^^^^^^^^^^^^^^^^^^^^^^^^
  File "C:\Users\Abdo\Desktop\students-manager\Lib\site-packages\reportlab\platypus\doctemplate.py", line 1083, in build
    self.handle_flowable(flowables)
    ~~~~~~~~~~~~~~~~~~~~^^^^^^^^^^^
  File "C:\Users\Abdo\Desktop\students-manager\Lib\site-packages\reportlab\platypus\doctemplate.py", line 962, in handle_flowable
    raise LayoutError(ident)
reportlab.platypus.doctemplate.LayoutError: Flowable <Background at 0x22c8c131400 frame=normal>...(297.6377952755906 x 419.52755905511816) too large on page 2 in frame 'normal'(285.6377952755906 x 407.52755905511816*) of template 'Later'
2025-05-17 12:57:36,591 ERROR Internal Server Error: /card/9/
Traceback (most recent call last):
  File "C:\Users\Abdo\Desktop\students-manager\Lib\site-packages\django\core\handlers\exception.py", line 55, in inner
    response = get_response(request)
  File "C:\Users\Abdo\Desktop\students-manager\Lib\site-packages\django\core\handlers\base.py", line 197, in _get_response
    response = wrapped_callback(request, *callback_args, **callback_kwargs)
  File "C:\Users\Abdo\Desktop\students-manager\student_manager\students\views.py", line 21, in print_student_card
    pdf_io = generate_student_card_pdf(student)
  File "C:\Users\Abdo\Desktop\students-manager\student_manager\students\pdf\card_pdf.py", line 108, in generate_student_card_pdf
    doc.build(story)
    ~~~~~~~~~^^^^^^^
  File "C:\Users\Abdo\Desktop\students-manager\Lib\site-packages\reportlab\platypus\doctemplate.py", line 1322, in build
    BaseDocTemplate.build(self,flowables, canvasmaker=canvasmaker)
    ~~~~~~~~~~~~~~~~~~~~~^^^^^^^^^^^^^^^^^^^^^^^^^^^^^^^^^^^^^^^^^
  File "C:\Users\Abdo\Desktop\students-manager\Lib\site-packages\reportlab\platypus\doctemplate.py", line 1083, in build
    self.handle_flowable(flowables)
    ~~~~~~~~~~~~~~~~~~~~^^^^^^^^^^^
  File "C:\Users\Abdo\Desktop\students-manager\Lib\site-packages\reportlab\platypus\doctemplate.py", line 962, in handle_flowable
    raise LayoutError(ident)
reportlab.platypus.doctemplate.LayoutError: Flowable <Background at 0x22c8c418550 frame=normal>...(297.6377952755906 x 419.52755905511816) too large on page 2 in frame 'normal'(285.6377952755906 x 407.52755905511816*) of template 'Later'
2025-05-17 12:57:38,135 ERROR Internal Server Error: /card/9/
Traceback (most recent call last):
  File "C:\Users\Abdo\Desktop\students-manager\Lib\site-packages\django\core\handlers\exception.py", line 55, in inner
    response = get_response(request)
  File "C:\Users\Abdo\Desktop\students-manager\Lib\site-packages\django\core\handlers\base.py", line 197, in _get_response
    response = wrapped_callback(request, *callback_args, **callback_kwargs)
  File "C:\Users\Abdo\Desktop\students-manager\student_manager\students\views.py", line 21, in print_student_card
    pdf_io = generate_student_card_pdf(student)
  File "C:\Users\Abdo\Desktop\students-manager\student_manager\students\pdf\card_pdf.py", line 108, in generate_student_card_pdf
    doc.build(story)
    ~~~~~~~~~^^^^^^^
  File "C:\Users\Abdo\Desktop\students-manager\Lib\site-packages\reportlab\platypus\doctemplate.py", line 1322, in build
    BaseDocTemplate.build(self,flowables, canvasmaker=canvasmaker)
    ~~~~~~~~~~~~~~~~~~~~~^^^^^^^^^^^^^^^^^^^^^^^^^^^^^^^^^^^^^^^^^
  File "C:\Users\Abdo\Desktop\students-manager\Lib\site-packages\reportlab\platypus\doctemplate.py", line 1083, in build
    self.handle_flowable(flowables)
    ~~~~~~~~~~~~~~~~~~~~^^^^^^^^^^^
  File "C:\Users\Abdo\Desktop\students-manager\Lib\site-packages\reportlab\platypus\doctemplate.py", line 962, in handle_flowable
    raise LayoutError(ident)
reportlab.platypus.doctemplate.LayoutError: Flowable <Background at 0x22c8c418550 frame=normal>...(297.6377952755906 x 419.52755905511816) too large on page 2 in frame 'normal'(285.6377952755906 x 407.52755905511816*) of template 'Later'
2025-05-17 13:00:36,104 INFO C:\Users\Abdo\Desktop\students-manager\student_manager\students\pdf\card_pdf.py changed, reloading.
2025-05-17 13:00:54,966 INFO C:\Users\Abdo\Desktop\students-manager\student_manager\students\pdf\card_pdf.py changed, reloading.
2025-05-17 13:00:59,964 ERROR Internal Server Error: /card/9/
Traceback (most recent call last):
  File "C:\Users\Abdo\Desktop\students-manager\Lib\site-packages\django\core\handlers\exception.py", line 55, in inner
    response = get_response(request)
  File "C:\Users\Abdo\Desktop\students-manager\Lib\site-packages\django\core\handlers\base.py", line 197, in _get_response
    response = wrapped_callback(request, *callback_args, **callback_kwargs)
  File "C:\Users\Abdo\Desktop\students-manager\student_manager\students\views.py", line 21, in print_student_card
    pdf_io = generate_student_card_pdf(student)
  File "C:\Users\Abdo\Desktop\students-manager\student_manager\students\pdf\card_pdf.py", line 52, in generate_student_card_pdf
    ImageReader(tmp),
    ^^^^^^^^^^^
NameError: name 'ImageReader' is not defined. Did you mean: 'ImageWriter'?
2025-05-17 13:01:01,816 ERROR Internal Server Error: /card/9/
Traceback (most recent call last):
  File "C:\Users\Abdo\Desktop\students-manager\Lib\site-packages\django\core\handlers\exception.py", line 55, in inner
    response = get_response(request)
  File "C:\Users\Abdo\Desktop\students-manager\Lib\site-packages\django\core\handlers\base.py", line 197, in _get_response
    response = wrapped_callback(request, *callback_args, **callback_kwargs)
  File "C:\Users\Abdo\Desktop\students-manager\student_manager\students\views.py", line 21, in print_student_card
    pdf_io = generate_student_card_pdf(student)
  File "C:\Users\Abdo\Desktop\students-manager\student_manager\students\pdf\card_pdf.py", line 52, in generate_student_card_pdf
    ImageReader(tmp),
    ^^^^^^^^^^^
NameError: name 'ImageReader' is not defined. Did you mean: 'ImageWriter'?
2025-05-17 13:02:04,433 INFO C:\Users\Abdo\Desktop\students-manager\student_manager\students\pdf\card_pdf.py changed, reloading.
2025-05-17 13:03:43,884 INFO C:\Users\Abdo\Desktop\students-manager\student_manager\students\pdf\card_pdf.py changed, reloading.
2025-05-17 13:06:05,554 INFO C:\Users\Abdo\Desktop\students-manager\student_manager\students\pdf\card_pdf.py changed, reloading.
2025-05-17 13:06:35,328 INFO C:\Users\Abdo\Desktop\students-manager\student_manager\students\pdf\card_pdf.py changed, reloading.
2025-05-17 15:37:08,323 WARNING Not Found: /favicon.ico
2025-05-17 15:38:21,715 INFO C:\Users\Abdo\Desktop\students-manager\student_manager\student_manager\settings.py changed, reloading.
2025-05-17 15:55:55,258 WARNING Not Found: /favicon.ico
2025-05-17 15:55:55,278 WARNING Not Found: /favicon.ico
2025-05-17 15:55:55,283 WARNING Not Found: /favicon.ico
2025-05-17 15:55:55,288 WARNING Not Found: /favicon.ico
2025-05-17 15:55:55,294 WARNING Not Found: /favicon.ico
2025-05-17 15:55:55,538 WARNING Not Found: /favicon.ico
2025-05-17 15:57:24,650 INFO ====== WebDriver manager ======
2025-05-17 15:57:26,332 INFO Get LATEST chromedriver version for google-chrome
2025-05-17 15:57:28,147 INFO Get LATEST chromedriver version for google-chrome
2025-05-17 15:57:28,838 INFO Get LATEST chromedriver version for google-chrome
2025-05-17 15:57:30,567 INFO WebDriver version 136.0.7103.94 selected
2025-05-17 15:57:30,571 INFO Modern chrome version https://storage.googleapis.com/chrome-for-testing-public/136.0.7103.94/win32/chromedriver-win32.zip
2025-05-17 15:57:30,571 INFO About to download new driver from https://storage.googleapis.com/chrome-for-testing-public/136.0.7103.94/win32/chromedriver-win32.zip
2025-05-17 15:57:31,752 INFO Driver downloading response is 200
2025-05-17 15:59:12,236 INFO Get LATEST chromedriver version for google-chrome
2025-05-17 15:59:13,869 INFO Driver has been saved in cache [C:\Users\Abdo\.wdm\drivers\chromedriver\win64\136.0.7103.94]
2025-05-17 15:59:45,251 INFO \u231b \u0627\u0646\u062a\u0638\u0631 \u0645\u0633\u062d QR \u0641\u064a WhatsApp Web …
2025-05-17 15:59:48,975 INFO \u2705 \u062c\u0627\u0647\u0632 \u0644\u0625\u0631\u0633\u0627\u0644 \u0627\u0644\u0631\u0633\u0627\u0626\u0644.
2025-05-17 16:00:20,260 WARNING \u26a0\ufe0f \u062a\u0639\u0637\u0644 \u0627\u0644\u0625\u0631\u0633\u0627\u0644 \u0625\u0644\u0649 +201142344943: Message: 
Stacktrace:
	GetHandleVerifier [0x00F0FC83+61635]
	GetHandleVerifier [0x00F0FCC4+61700]
	(No symbol) [0x00D305D3]
	(No symbol) [0x00D7899E]
	(No symbol) [0x00D78D3B]
	(No symbol) [0x00DC0E12]
	(No symbol) [0x00D9D2E4]
	(No symbol) [0x00DBE61B]
	(No symbol) [0x00D9D096]
	(No symbol) [0x00D6C840]
	(No symbol) [0x00D6D6A4]
	GetHandleVerifier [0x011945A3+2701795]
	GetHandleVerifier [0x0118FD26+2683238]
	GetHandleVerifier [0x011AAA6E+2793134]
	GetHandleVerifier [0x00F26945+155013]
	GetHandleVerifier [0x00F2D02D+181357]
	GetHandleVerifier [0x00F174D8+92440]
	GetHandleVerifier [0x00F17680+92864]
	GetHandleVerifier [0x00F02070+5296]
	BaseThreadInitThunk [0x7773FCC9+25]
	RtlGetAppContainerNamedObjectPath [0x779782AE+286]
	RtlGetAppContainerNamedObjectPath [0x7797827E+238]
 — \u0627\u0644\u0645\u062d\u0627\u0648\u0644\u0629 \u0628\u0625\u0639\u0627\u062f\u0629 \u062a\u0634\u063a\u064a\u0644 \u0627\u0644\u062c\u0644\u0633\u0629
2025-05-17 16:00:51,578 ERROR \u274c \u0625\u0639\u0627\u062f\u0629 \u0627\u0644\u0625\u0631\u0633\u0627\u0644 \u0641\u0634\u0644\u062a \u0625\u0644\u0649 +201142344943: Message: 
Stacktrace:
	GetHandleVerifier [0x00F0FC83+61635]
	GetHandleVerifier [0x00F0FCC4+61700]
	(No symbol) [0x00D305D3]
	(No symbol) [0x00D7899E]
	(No symbol) [0x00D78D3B]
	(No symbol) [0x00DC0E12]
	(No symbol) [0x00D9D2E4]
	(No symbol) [0x00DBE61B]
	(No symbol) [0x00D9D096]
	(No symbol) [0x00D6C840]
	(No symbol) [0x00D6D6A4]
	GetHandleVerifier [0x011945A3+2701795]
	GetHandleVerifier [0x0118FD26+2683238]
	GetHandleVerifier [0x011AAA6E+2793134]
	GetHandleVerifier [0x00F26945+155013]
	GetHandleVerifier [0x00F2D02D+181357]
	GetHandleVerifier [0x00F174D8+92440]
	GetHandleVerifier [0x00F17680+92864]
	GetHandleVerifier [0x00F02070+5296]
	BaseThreadInitThunk [0x7773FCC9+25]
	RtlGetAppContainerNamedObjectPath [0x779782AE+286]
	RtlGetAppContainerNamedObjectPath [0x7797827E+238]

2025-05-17 16:01:18,177 INFO \U0001f4e9 \u0623\u0631\u0633\u0644\u0646\u0627 \u0631\u0633\u0627\u0644\u0629 \u0625\u0644\u0649 +201113793676 \u0641\u064a 16:01:18
2025-05-17 16:01:30,498 INFO \U0001f4e9 \u0623\u0631\u0633\u0644\u0646\u0627 \u0631\u0633\u0627\u0644\u0629 \u0625\u0644\u0649 +201113793676 \u0641\u064a 16:01:30
2025-05-17 16:01:43,057 INFO \U0001f4e9 \u0623\u0631\u0633\u0644\u0646\u0627 \u0631\u0633\u0627\u0644\u0629 \u0625\u0644\u0649 +201142344943 \u0641\u064a 16:01:43
2025-05-17 16:01:54,221 INFO \U0001f4e9 \u0623\u0631\u0633\u0644\u0646\u0627 \u0631\u0633\u0627\u0644\u0629 \u0625\u0644\u0649 +201142344943 \u0641\u064a 16:01:54
2025-05-17 16:02:05,749 INFO \U0001f4e9 \u0623\u0631\u0633\u0644\u0646\u0627 \u0631\u0633\u0627\u0644\u0629 \u0625\u0644\u0649 +201142344943 \u0641\u064a 16:02:05
2025-05-17 16:02:17,430 INFO \U0001f4e9 \u0623\u0631\u0633\u0644\u0646\u0627 \u0631\u0633\u0627\u0644\u0629 \u0625\u0644\u0649 +201142344943 \u0641\u064a 16:02:17
2025-05-17 16:02:28,673 INFO \U0001f4e9 \u0623\u0631\u0633\u0644\u0646\u0627 \u0631\u0633\u0627\u0644\u0629 \u0625\u0644\u0649 +201142344943 \u0641\u064a 16:02:28
2025-05-17 16:02:39,923 INFO \U0001f4e9 \u0623\u0631\u0633\u0644\u0646\u0627 \u0631\u0633\u0627\u0644\u0629 \u0625\u0644\u0649 +201142344943 \u0641\u064a 16:02:39
2025-05-17 16:02:50,873 INFO \U0001f4e9 \u0623\u0631\u0633\u0644\u0646\u0627 \u0631\u0633\u0627\u0644\u0629 \u0625\u0644\u0649 +201142344943 \u0641\u064a 16:02:50
2025-05-17 16:05:58,698 INFO \U0001f4e9 \u0623\u0631\u0633\u0644\u0646\u0627 \u0631\u0633\u0627\u0644\u0629 \u0625\u0644\u0649 +201142344943 \u0641\u064a 16:05:58
2025-05-17 16:40:10,530 WARNING Not Found: /favicon.ico
2025-05-17 16:56:23,736 INFO C:\Users\Abdo\Desktop\students-manager\student_manager\students\admin.py changed, reloading.
2025-05-17 17:36:19,706 WARNING Not Found: /
2025-05-20 17:17:49,448 WARNING Not Found: /favicon.ico
2025-05-20 18:07:08,048 WARNING Not Found: /favicon.ico
2025-05-20 18:15:21,353 WARNING Not Found: /favicon.ico
2025-05-20 18:15:54,739 INFO ====== WebDriver manager ======
2025-05-20 18:15:57,967 INFO Get LATEST chromedriver version for google-chrome
2025-05-20 18:15:58,395 INFO Get LATEST chromedriver version for google-chrome
2025-05-20 18:15:58,777 INFO Get LATEST chromedriver version for google-chrome
2025-05-20 18:15:59,679 INFO WebDriver version 136.0.7103.94 selected
2025-05-20 18:15:59,686 INFO Modern chrome version https://storage.googleapis.com/chrome-for-testing-public/136.0.7103.94/win32/chromedriver-win32.zip
2025-05-20 18:15:59,687 INFO About to download new driver from https://storage.googleapis.com/chrome-for-testing-public/136.0.7103.94/win32/chromedriver-win32.zip
2025-05-20 18:16:00,139 INFO Driver downloading response is 200
2025-05-20 18:16:06,431 INFO C:\Users\Abdo\Desktop\students-manager\student_manager\students\models.py changed, reloading.
2025-05-20 18:16:15,180 INFO C:\Users\Abdo\Desktop\students-manager\student_manager\students\models.py changed, reloading.
2025-05-20 18:16:55,165 INFO C:\Users\Abdo\Desktop\students-manager\student_manager\students\models.py changed, reloading.
2025-05-20 18:17:00,296 INFO C:\Users\Abdo\Desktop\students-manager\student_manager\students\models.py changed, reloading.
2025-05-20 18:17:04,679 INFO C:\Users\Abdo\Desktop\students-manager\student_manager\students\models.py changed, reloading.
2025-05-20 18:17:11,429 INFO C:\Users\Abdo\Desktop\students-manager\student_manager\students\models.py changed, reloading.
2025-05-20 18:17:28,059 INFO C:\Users\Abdo\Desktop\students-manager\student_manager\students\models.py changed, reloading.
2025-05-20 18:17:38,318 INFO C:\Users\Abdo\Desktop\students-manager\student_manager\students\models.py changed, reloading.
2025-05-20 18:28:44,766 INFO C:\Users\Abdo\Desktop\students-manager\student_manager\students\models.py changed, reloading.
2025-05-20 18:28:51,827 INFO C:\Users\Abdo\Desktop\students-manager\student_manager\students\models.py changed, reloading.
2025-05-20 18:28:56,963 INFO C:\Users\Abdo\Desktop\students-manager\student_manager\students\models.py changed, reloading.
2025-05-20 18:29:38,408 INFO C:\Users\Abdo\Desktop\students-manager\student_manager\students\models.py changed, reloading.
2025-05-20 18:29:51,399 INFO C:\Users\Abdo\Desktop\students-manager\student_manager\students\models.py changed, reloading.
2025-05-20 18:29:57,208 INFO C:\Users\Abdo\Desktop\students-manager\student_manager\students\models.py changed, reloading.
2025-05-20 18:30:07,499 INFO C:\Users\Abdo\Desktop\students-manager\student_manager\students\models.py changed, reloading.
2025-05-20 18:30:15,567 INFO C:\Users\Abdo\Desktop\students-manager\student_manager\students\models.py changed, reloading.
2025-05-20 19:21:27,300 INFO ====== WebDriver manager ======
2025-05-20 19:21:28,899 INFO Get LATEST chromedriver version for google-chrome
2025-05-20 19:24:30,565 ERROR \u0641\u0634\u0644 \u0625\u0646\u0634\u0627\u0621 \u062c\u0644\u0633\u0629 WhatsApp Web: HTTPSConnectionPool(host='googlechromelabs.github.io', port=443): Read timed out. (read timeout=None)
2025-05-20 19:24:30,565 ERROR \U0001f6a8 \u0644\u0627 \u062a\u0648\u062c\u062f \u062c\u0644\u0633\u0629 \u062c\u0627\u0647\u0632\u0629 \u0644\u0644\u0631\u0633\u0627\u0626\u0644.
2025-05-20 19:24:31,566 INFO ====== WebDriver manager ======
2025-05-20 19:24:32,761 INFO Get LATEST chromedriver version for google-chrome
2025-05-20 19:24:33,329 INFO Get LATEST chromedriver version for google-chrome
2025-05-20 19:24:34,709 INFO Get LATEST chromedriver version for google-chrome
2025-05-20 19:24:35,772 INFO WebDriver version 136.0.7103.94 selected
2025-05-20 19:24:35,777 INFO Modern chrome version https://storage.googleapis.com/chrome-for-testing-public/136.0.7103.94/win32/chromedriver-win32.zip
2025-05-20 19:24:35,777 INFO About to download new driver from https://storage.googleapis.com/chrome-for-testing-public/136.0.7103.94/win32/chromedriver-win32.zip
2025-05-20 19:29:47,790 INFO C:\Users\Abdo\Desktop\students-manager\student_manager\students\utils\whatsapp_Sel.py changed, reloading.
2025-05-20 19:29:53,551 INFO C:\Users\Abdo\Desktop\students-manager\student_manager\students\utils\whatsapp_Sel.py changed, reloading.
2025-05-20 19:30:00,849 INFO C:\Users\Abdo\Desktop\students-manager\student_manager\students\utils\whatsapp_Sel.py changed, reloading.
2025-05-20 19:30:33,820 INFO C:\Users\Abdo\Desktop\students-manager\student_manager\students\utils\whatsapp_Sel.py changed, reloading.
2025-05-20 19:30:39,361 INFO C:\Users\Abdo\Desktop\students-manager\student_manager\students\utils\whatsapp_Sel.py changed, reloading.
2025-05-20 19:30:48,765 INFO C:\Users\Abdo\Desktop\students-manager\student_manager\students\utils\whatsapp_Sel.py changed, reloading.
2025-05-20 19:31:18,522 INFO ====== WebDriver manager ======
2025-05-20 19:31:20,716 INFO Get LATEST chromedriver version for google-chrome
2025-05-20 19:31:21,221 INFO Get LATEST chromedriver version for google-chrome
2025-05-20 19:31:55,594 ERROR \u0641\u0634\u0644 \u0625\u0646\u0634\u0627\u0621 \u062c\u0644\u0633\u0629 WhatsApp Web: HTTPSConnectionPool(host='googlechromelabs.github.io', port=443): Read timed out. (read timeout=None)
2025-05-20 19:31:55,595 ERROR \U0001f6a8 \u0644\u0627 \u062a\u0648\u062c\u062f \u062c\u0644\u0633\u0629 \u062c\u0627\u0647\u0632\u0629 \u0644\u0644\u0631\u0633\u0627\u0626\u0644.
2025-05-20 19:39:40,649 INFO ====== WebDriver manager ======
2025-05-20 19:39:42,178 INFO Get LATEST chromedriver version for google-chrome
2025-05-20 19:40:44,554 ERROR \u0641\u0634\u0644 \u0625\u0646\u0634\u0627\u0621 \u062c\u0644\u0633\u0629 WhatsApp Web: Could not reach host. Are you offline?
2025-05-20 19:40:44,555 ERROR \U0001f6a8 \u0644\u0627 \u062a\u0648\u062c\u062f \u062c\u0644\u0633\u0629 \u062c\u0627\u0647\u0632\u0629 \u0644\u0644\u0631\u0633\u0627\u0626\u0644.
2025-05-20 20:20:10,371 WARNING Not Found: /favicon.ico
2025-05-20 20:20:24,365 INFO ====== WebDriver manager ======
2025-05-20 20:20:25,866 INFO Get LATEST chromedriver version for google-chrome
2025-05-20 20:20:26,222 INFO Get LATEST chromedriver version for google-chrome
2025-05-20 20:21:32,677 ERROR \u0641\u0634\u0644 \u0625\u0646\u0634\u0627\u0621 \u062c\u0644\u0633\u0629 WhatsApp Web: Could not reach host. Are you offline?
2025-05-20 20:21:32,678 ERROR \U0001f6a8 \u0644\u0627 \u062a\u0648\u062c\u062f \u062c\u0644\u0633\u0629 \u062c\u0627\u0647\u0632\u0629 \u0644\u0644\u0631\u0633\u0627\u0626\u0644.
2025-05-20 20:21:44,037 INFO C:\Users\Abdo\Desktop\students-manager\student_manager\students\utils\whatsapp_Sel.py changed, reloading.
2025-05-20 20:22:26,772 INFO C:\Users\Abdo\Desktop\students-manager\student_manager\students\utils\whatsapp_Sel.py changed, reloading.
2025-05-20 20:22:54,479 ERROR \u0641\u0634\u0644 \u0625\u0646\u0634\u0627\u0621 \u062c\u0644\u0633\u0629 WhatsApp Web: Unable to detect Chrome version. Please ensure Chrome is installed and accessible.
2025-05-20 20:22:54,480 ERROR \U0001f6a8 \u0644\u0627 \u062a\u0648\u062c\u062f \u062c\u0644\u0633\u0629 \u062c\u0627\u0647\u0632\u0629 \u0644\u0644\u0631\u0633\u0627\u0626\u0644.
2025-05-20 20:23:27,803 INFO C:\Users\Abdo\Desktop\students-manager\student_manager\students\utils\whatsapp_Sel.py changed, reloading.
2025-05-20 20:24:40,369 INFO C:\Users\Abdo\Desktop\students-manager\student_manager\students\utils\whatsapp_Sel.py changed, reloading.
2025-05-20 20:43:18,838 INFO \u231b \u0627\u0646\u062a\u0638\u0631 \u0645\u0633\u062d QR \u0641\u064a WhatsApp Web …
2025-05-20 20:43:23,502 ERROR \u0641\u0634\u0644 \u0625\u0646\u0634\u0627\u0621 \u062c\u0644\u0633\u0629 WhatsApp Web: Message: no such window: target window already closed
from unknown error: web view not found
  (Session info: chrome=136.0.7103.114)
Stacktrace:
	GetHandleVerifier [0x00007FF7A509CF25+75717]
	GetHandleVerifier [0x00007FF7A509CF80+75808]
	(No symbol) [0x00007FF7A4E68F9A]
	(No symbol) [0x00007FF7A4E41B41]
	(No symbol) [0x00007FF7A4EEEC2E]
	(No symbol) [0x00007FF7A4F0ECC2]
	(No symbol) [0x00007FF7A4EE7153]
	(No symbol) [0x00007FF7A4EB0421]
	(No symbol) [0x00007FF7A4EB11B3]
	GetHandleVerifier [0x00007FF7A539D6FD+3223453]
	GetHandleVerifier [0x00007FF7A5397CA2+3200322]
	GetHandleVerifier [0x00007FF7A53B5AD3+3322739]
	GetHandleVerifier [0x00007FF7A50B69FA+180890]
	GetHandleVerifier [0x00007FF7A50BE0FF+211359]
	GetHandleVerifier [0x00007FF7A50A5274+109332]
	GetHandleVerifier [0x00007FF7A50A5422+109762]
	GetHandleVerifier [0x00007FF7A508BA39+4825]
	BaseThreadInitThunk [0x00007FFFC69F7374+20]
	RtlUserThreadStart [0x00007FFFC6B3CC91+33]

2025-05-20 20:43:26,502 ERROR \U0001f6a8 \u0644\u0627 \u062a\u0648\u062c\u062f \u062c\u0644\u0633\u0629 \u062c\u0627\u0647\u0632\u0629 \u0644\u0644\u0631\u0633\u0627\u0626\u0644.
2025-05-20 20:44:31,389 INFO \u231b \u0627\u0646\u062a\u0638\u0631 \u0645\u0633\u062d QR \u0641\u064a WhatsApp Web …
2025-05-20 20:44:36,221 INFO \u2705 \u062c\u0627\u0647\u0632 \u0644\u0625\u0631\u0633\u0627\u0644 \u0627\u0644\u0631\u0633\u0627\u0626\u0644.
2025-05-20 20:44:50,170 INFO \U0001f4e9 \u0623\u0631\u0633\u0644\u0646\u0627 \u0631\u0633\u0627\u0644\u0629 \u0625\u0644\u0649 +201142344943 \u0641\u064a 20:44:50
2025-05-21 10:42:57,567 WARNING Not Found: /favicon.ico
2025-05-21 10:43:52,261 INFO \u231b \u0627\u0646\u062a\u0638\u0631 \u0645\u0633\u062d QR \u0641\u064a WhatsApp Web …
2025-05-21 10:43:52,266 ERROR \u0641\u0634\u0644 \u0625\u0646\u0634\u0627\u0621 \u062c\u0644\u0633\u0629 WhatsApp Web: Message: no such window: target window already closed
from unknown error: web view not found
  (Session info: chrome=136.0.7103.114)
Stacktrace:
	GetHandleVerifier [0x00007FF74442CF25+75717]
	GetHandleVerifier [0x00007FF74442CF80+75808]
	(No symbol) [0x00007FF7441F8F9A]
	(No symbol) [0x00007FF7441D1B41]
	(No symbol) [0x00007FF74427EC2E]
	(No symbol) [0x00007FF74429ECC2]
	(No symbol) [0x00007FF744277153]
	(No symbol) [0x00007FF744240421]
	(No symbol) [0x00007FF7442411B3]
	GetHandleVerifier [0x00007FF74472D6FD+3223453]
	GetHandleVerifier [0x00007FF744727CA2+3200322]
	GetHandleVerifier [0x00007FF744745AD3+3322739]
	GetHandleVerifier [0x00007FF7444469FA+180890]
	GetHandleVerifier [0x00007FF74444E0FF+211359]
	GetHandleVerifier [0x00007FF744435274+109332]
	GetHandleVerifier [0x00007FF744435422+109762]
	GetHandleVerifier [0x00007FF74441BA39+4825]
	BaseThreadInitThunk [0x00007FFFC69F7374+20]
	RtlUserThreadStart [0x00007FFFC6B3CC91+33]

2025-05-21 10:43:55,285 ERROR \U0001f6a8 \u0644\u0627 \u062a\u0648\u062c\u062f \u062c\u0644\u0633\u0629 \u062c\u0627\u0647\u0632\u0629 \u0644\u0644\u0631\u0633\u0627\u0626\u0644.
2025-05-21 11:29:54,359 WARNING Not Found: /favicon.ico
2025-05-21 12:00:04,371 INFO C:\Users\Abdo\Desktop\students-manager\student_manager\student_manager\settings.py changed, reloading.
2025-05-21 12:00:59,712 INFO C:\Users\Abdo\Desktop\students-manager\student_manager\student_manager\settings.py changed, reloading.
2025-05-21 12:08:32,395 ERROR Internal Server Error: /admin/students/attendance/add/
Traceback (most recent call last):
  File "C:\Users\Abdo\Desktop\students-manager\Lib\site-packages\django\core\handlers\exception.py", line 55, in inner
    response = get_response(request)
  File "C:\Users\Abdo\Desktop\students-manager\Lib\site-packages\django\core\handlers\base.py", line 220, in _get_response
    response = response.render()
  File "C:\Users\Abdo\Desktop\students-manager\Lib\site-packages\django\template\response.py", line 114, in render
    self.content = self.rendered_content
                   ^^^^^^^^^^^^^^^^^^^^^
  File "C:\Users\Abdo\Desktop\students-manager\Lib\site-packages\django\template\response.py", line 92, in rendered_content
    return template.render(context, self._request)
           ~~~~~~~~~~~~~~~^^^^^^^^^^^^^^^^^^^^^^^^
  File "C:\Users\Abdo\Desktop\students-manager\Lib\site-packages\django\template\backends\django.py", line 107, in render
    return self.template.render(context)
           ~~~~~~~~~~~~~~~~~~~~^^^^^^^^^
  File "C:\Users\Abdo\Desktop\students-manager\Lib\site-packages\django\template\base.py", line 171, in render
    return self._render(context)
           ~~~~~~~~~~~~^^^^^^^^^
  File "C:\Users\Abdo\Desktop\students-manager\Lib\site-packages\django\template\base.py", line 163, in _render
    return self.nodelist.render(context)
           ~~~~~~~~~~~~~~~~~~~~^^^^^^^^^
  File "C:\Users\Abdo\Desktop\students-manager\Lib\site-packages\django\template\base.py", line 1016, in render
    return SafeString("".join([node.render_annotated(context) for node in self]))
                               ~~~~~~~~~~~~~~~~~~~~~^^^^^^^^^
  File "C:\Users\Abdo\Desktop\students-manager\Lib\site-packages\django\template\base.py", line 977, in render_annotated
    return self.render(context)
           ~~~~~~~~~~~^^^^^^^^^
  File "C:\Users\Abdo\Desktop\students-manager\Lib\site-packages\django\template\loader_tags.py", line 159, in render
    return compiled_parent._render(context)
           ~~~~~~~~~~~~~~~~~~~~~~~^^^^^^^^^
  File "C:\Users\Abdo\Desktop\students-manager\Lib\site-packages\django\template\base.py", line 163, in _render
    return self.nodelist.render(context)
           ~~~~~~~~~~~~~~~~~~~~^^^^^^^^^
  File "C:\Users\Abdo\Desktop\students-manager\Lib\site-packages\django\template\base.py", line 1016, in render
    return SafeString("".join([node.render_annotated(context) for node in self]))
                               ~~~~~~~~~~~~~~~~~~~~~^^^^^^^^^
  File "C:\Users\Abdo\Desktop\students-manager\Lib\site-packages\django\template\base.py", line 977, in render_annotated
    return self.render(context)
           ~~~~~~~~~~~^^^^^^^^^
  File "C:\Users\Abdo\Desktop\students-manager\Lib\site-packages\django\template\loader_tags.py", line 159, in render
    return compiled_parent._render(context)
           ~~~~~~~~~~~~~~~~~~~~~~~^^^^^^^^^
  File "C:\Users\Abdo\Desktop\students-manager\Lib\site-packages\django\template\base.py", line 163, in _render
    return self.nodelist.render(context)
           ~~~~~~~~~~~~~~~~~~~~^^^^^^^^^
  File "C:\Users\Abdo\Desktop\students-manager\Lib\site-packages\django\template\base.py", line 1016, in render
    return SafeString("".join([node.render_annotated(context) for node in self]))
                               ~~~~~~~~~~~~~~~~~~~~~^^^^^^^^^
  File "C:\Users\Abdo\Desktop\students-manager\Lib\site-packages\django\template\base.py", line 977, in render_annotated
    return self.render(context)
           ~~~~~~~~~~~^^^^^^^^^
  File "C:\Users\Abdo\Desktop\students-manager\Lib\site-packages\django\template\loader_tags.py", line 159, in render
    return compiled_parent._render(context)
           ~~~~~~~~~~~~~~~~~~~~~~~^^^^^^^^^
  File "C:\Users\Abdo\Desktop\students-manager\Lib\site-packages\django\template\base.py", line 163, in _render
    return self.nodelist.render(context)
           ~~~~~~~~~~~~~~~~~~~~^^^^^^^^^
  File "C:\Users\Abdo\Desktop\students-manager\Lib\site-packages\django\template\base.py", line 1016, in render
    return SafeString("".join([node.render_annotated(context) for node in self]))
                               ~~~~~~~~~~~~~~~~~~~~~^^^^^^^^^
  File "C:\Users\Abdo\Desktop\students-manager\Lib\site-packages\django\template\base.py", line 977, in render_annotated
    return self.render(context)
           ~~~~~~~~~~~^^^^^^^^^
  File "C:\Users\Abdo\Desktop\students-manager\Lib\site-packages\django\template\loader_tags.py", line 65, in render
    result = block.nodelist.render(context)
  File "C:\Users\Abdo\Desktop\students-manager\Lib\site-packages\django\template\base.py", line 1016, in render
    return SafeString("".join([node.render_annotated(context) for node in self]))
                               ~~~~~~~~~~~~~~~~~~~~~^^^^^^^^^
  File "C:\Users\Abdo\Desktop\students-manager\Lib\site-packages\django\template\base.py", line 977, in render_annotated
    return self.render(context)
           ~~~~~~~~~~~^^^^^^^^^
  File "C:\Users\Abdo\Desktop\students-manager\Lib\site-packages\django\template\base.py", line 1075, in render
    output = self.filter_expression.resolve(context)
  File "C:\Users\Abdo\Desktop\students-manager\Lib\site-packages\django\template\base.py", line 722, in resolve
    obj = self.var.resolve(context)
  File "C:\Users\Abdo\Desktop\students-manager\Lib\site-packages\django\template\base.py", line 854, in resolve
    value = self._resolve_lookup(context)
  File "C:\Users\Abdo\Desktop\students-manager\Lib\site-packages\django\template\base.py", line 925, in _resolve_lookup
    current = current()
  File "C:\Users\Abdo\Desktop\students-manager\Lib\site-packages\django\template\loader_tags.py", line 81, in super
    return mark_safe(self.render(self.context))
                     ~~~~~~~~~~~^^^^^^^^^^^^^^
  File "C:\Users\Abdo\Desktop\students-manager\Lib\site-packages\django\template\loader_tags.py", line 65, in render
    result = block.nodelist.render(context)
  File "C:\Users\Abdo\Desktop\students-manager\Lib\site-packages\django\template\base.py", line 1016, in render
    return SafeString("".join([node.render_annotated(context) for node in self]))
                               ~~~~~~~~~~~~~~~~~~~~~^^^^^^^^^
  File "C:\Users\Abdo\Desktop\students-manager\Lib\site-packages\django\template\base.py", line 977, in render_annotated
    return self.render(context)
           ~~~~~~~~~~~^^^^^^^^^
  File "C:\Users\Abdo\Desktop\students-manager\Lib\site-packages\django\template\library.py", line 321, in render
    output = self.func(*resolved_args, **resolved_kwargs)
  File "C:\Users\Abdo\Desktop\students-manager\Lib\site-packages\baton\templatetags\baton_tags.py", line 69, in baton_config
    "app_list": reverse('baton-app-list-json'),
                ~~~~~~~^^^^^^^^^^^^^^^^^^^^^^^
  File "C:\Users\Abdo\Desktop\students-manager\Lib\site-packages\django\urls\base.py", line 98, in reverse
    resolved_url = resolver._reverse_with_prefix(view, prefix, *args, **kwargs)
  File "C:\Users\Abdo\Desktop\students-manager\Lib\site-packages\django\urls\resolvers.py", line 831, in _reverse_with_prefix
    raise NoReverseMatch(msg)
django.urls.exceptions.NoReverseMatch: Reverse for 'baton-app-list-json' not found. 'baton-app-list-json' is not a valid view function or pattern name.
2025-05-21 12:08:34,335 ERROR Internal Server Error: /admin/students/attendance/add/
Traceback (most recent call last):
  File "C:\Users\Abdo\Desktop\students-manager\Lib\site-packages\django\core\handlers\exception.py", line 55, in inner
    response = get_response(request)
  File "C:\Users\Abdo\Desktop\students-manager\Lib\site-packages\django\core\handlers\base.py", line 220, in _get_response
    response = response.render()
  File "C:\Users\Abdo\Desktop\students-manager\Lib\site-packages\django\template\response.py", line 114, in render
    self.content = self.rendered_content
                   ^^^^^^^^^^^^^^^^^^^^^
  File "C:\Users\Abdo\Desktop\students-manager\Lib\site-packages\django\template\response.py", line 92, in rendered_content
    return template.render(context, self._request)
           ~~~~~~~~~~~~~~~^^^^^^^^^^^^^^^^^^^^^^^^
  File "C:\Users\Abdo\Desktop\students-manager\Lib\site-packages\django\template\backends\django.py", line 107, in render
    return self.template.render(context)
           ~~~~~~~~~~~~~~~~~~~~^^^^^^^^^
  File "C:\Users\Abdo\Desktop\students-manager\Lib\site-packages\django\template\base.py", line 171, in render
    return self._render(context)
           ~~~~~~~~~~~~^^^^^^^^^
  File "C:\Users\Abdo\Desktop\students-manager\Lib\site-packages\django\template\base.py", line 163, in _render
    return self.nodelist.render(context)
           ~~~~~~~~~~~~~~~~~~~~^^^^^^^^^
  File "C:\Users\Abdo\Desktop\students-manager\Lib\site-packages\django\template\base.py", line 1016, in render
    return SafeString("".join([node.render_annotated(context) for node in self]))
                               ~~~~~~~~~~~~~~~~~~~~~^^^^^^^^^
  File "C:\Users\Abdo\Desktop\students-manager\Lib\site-packages\django\template\base.py", line 977, in render_annotated
    return self.render(context)
           ~~~~~~~~~~~^^^^^^^^^
  File "C:\Users\Abdo\Desktop\students-manager\Lib\site-packages\django\template\loader_tags.py", line 159, in render
    return compiled_parent._render(context)
           ~~~~~~~~~~~~~~~~~~~~~~~^^^^^^^^^
  File "C:\Users\Abdo\Desktop\students-manager\Lib\site-packages\django\template\base.py", line 163, in _render
    return self.nodelist.render(context)
           ~~~~~~~~~~~~~~~~~~~~^^^^^^^^^
  File "C:\Users\Abdo\Desktop\students-manager\Lib\site-packages\django\template\base.py", line 1016, in render
    return SafeString("".join([node.render_annotated(context) for node in self]))
                               ~~~~~~~~~~~~~~~~~~~~~^^^^^^^^^
  File "C:\Users\Abdo\Desktop\students-manager\Lib\site-packages\django\template\base.py", line 977, in render_annotated
    return self.render(context)
           ~~~~~~~~~~~^^^^^^^^^
  File "C:\Users\Abdo\Desktop\students-manager\Lib\site-packages\django\template\loader_tags.py", line 159, in render
    return compiled_parent._render(context)
           ~~~~~~~~~~~~~~~~~~~~~~~^^^^^^^^^
  File "C:\Users\Abdo\Desktop\students-manager\Lib\site-packages\django\template\base.py", line 163, in _render
    return self.nodelist.render(context)
           ~~~~~~~~~~~~~~~~~~~~^^^^^^^^^
  File "C:\Users\Abdo\Desktop\students-manager\Lib\site-packages\django\template\base.py", line 1016, in render
    return SafeString("".join([node.render_annotated(context) for node in self]))
                               ~~~~~~~~~~~~~~~~~~~~~^^^^^^^^^
  File "C:\Users\Abdo\Desktop\students-manager\Lib\site-packages\django\template\base.py", line 977, in render_annotated
    return self.render(context)
           ~~~~~~~~~~~^^^^^^^^^
  File "C:\Users\Abdo\Desktop\students-manager\Lib\site-packages\django\template\loader_tags.py", line 159, in render
    return compiled_parent._render(context)
           ~~~~~~~~~~~~~~~~~~~~~~~^^^^^^^^^
  File "C:\Users\Abdo\Desktop\students-manager\Lib\site-packages\django\template\base.py", line 163, in _render
    return self.nodelist.render(context)
           ~~~~~~~~~~~~~~~~~~~~^^^^^^^^^
  File "C:\Users\Abdo\Desktop\students-manager\Lib\site-packages\django\template\base.py", line 1016, in render
    return SafeString("".join([node.render_annotated(context) for node in self]))
                               ~~~~~~~~~~~~~~~~~~~~~^^^^^^^^^
  File "C:\Users\Abdo\Desktop\students-manager\Lib\site-packages\django\template\base.py", line 977, in render_annotated
    return self.render(context)
           ~~~~~~~~~~~^^^^^^^^^
  File "C:\Users\Abdo\Desktop\students-manager\Lib\site-packages\django\template\loader_tags.py", line 65, in render
    result = block.nodelist.render(context)
  File "C:\Users\Abdo\Desktop\students-manager\Lib\site-packages\django\template\base.py", line 1016, in render
    return SafeString("".join([node.render_annotated(context) for node in self]))
                               ~~~~~~~~~~~~~~~~~~~~~^^^^^^^^^
  File "C:\Users\Abdo\Desktop\students-manager\Lib\site-packages\django\template\base.py", line 977, in render_annotated
    return self.render(context)
           ~~~~~~~~~~~^^^^^^^^^
  File "C:\Users\Abdo\Desktop\students-manager\Lib\site-packages\django\template\base.py", line 1075, in render
    output = self.filter_expression.resolve(context)
  File "C:\Users\Abdo\Desktop\students-manager\Lib\site-packages\django\template\base.py", line 722, in resolve
    obj = self.var.resolve(context)
  File "C:\Users\Abdo\Desktop\students-manager\Lib\site-packages\django\template\base.py", line 854, in resolve
    value = self._resolve_lookup(context)
  File "C:\Users\Abdo\Desktop\students-manager\Lib\site-packages\django\template\base.py", line 925, in _resolve_lookup
    current = current()
  File "C:\Users\Abdo\Desktop\students-manager\Lib\site-packages\django\template\loader_tags.py", line 81, in super
    return mark_safe(self.render(self.context))
                     ~~~~~~~~~~~^^^^^^^^^^^^^^
  File "C:\Users\Abdo\Desktop\students-manager\Lib\site-packages\django\template\loader_tags.py", line 65, in render
    result = block.nodelist.render(context)
  File "C:\Users\Abdo\Desktop\students-manager\Lib\site-packages\django\template\base.py", line 1016, in render
    return SafeString("".join([node.render_annotated(context) for node in self]))
                               ~~~~~~~~~~~~~~~~~~~~~^^^^^^^^^
  File "C:\Users\Abdo\Desktop\students-manager\Lib\site-packages\django\template\base.py", line 977, in render_annotated
    return self.render(context)
           ~~~~~~~~~~~^^^^^^^^^
  File "C:\Users\Abdo\Desktop\students-manager\Lib\site-packages\django\template\library.py", line 321, in render
    output = self.func(*resolved_args, **resolved_kwargs)
  File "C:\Users\Abdo\Desktop\students-manager\Lib\site-packages\baton\templatetags\baton_tags.py", line 69, in baton_config
    "app_list": reverse('baton-app-list-json'),
                ~~~~~~~^^^^^^^^^^^^^^^^^^^^^^^
  File "C:\Users\Abdo\Desktop\students-manager\Lib\site-packages\django\urls\base.py", line 98, in reverse
    resolved_url = resolver._reverse_with_prefix(view, prefix, *args, **kwargs)
  File "C:\Users\Abdo\Desktop\students-manager\Lib\site-packages\django\urls\resolvers.py", line 831, in _reverse_with_prefix
    raise NoReverseMatch(msg)
django.urls.exceptions.NoReverseMatch: Reverse for 'baton-app-list-json' not found. 'baton-app-list-json' is not a valid view function or pattern name.
2025-05-21 12:08:35,533 ERROR Internal Server Error: /admin/students/attendance/add/
Traceback (most recent call last):
  File "C:\Users\Abdo\Desktop\students-manager\Lib\site-packages\django\core\handlers\exception.py", line 55, in inner
    response = get_response(request)
  File "C:\Users\Abdo\Desktop\students-manager\Lib\site-packages\django\core\handlers\base.py", line 220, in _get_response
    response = response.render()
  File "C:\Users\Abdo\Desktop\students-manager\Lib\site-packages\django\template\response.py", line 114, in render
    self.content = self.rendered_content
                   ^^^^^^^^^^^^^^^^^^^^^
  File "C:\Users\Abdo\Desktop\students-manager\Lib\site-packages\django\template\response.py", line 92, in rendered_content
    return template.render(context, self._request)
           ~~~~~~~~~~~~~~~^^^^^^^^^^^^^^^^^^^^^^^^
  File "C:\Users\Abdo\Desktop\students-manager\Lib\site-packages\django\template\backends\django.py", line 107, in render
    return self.template.render(context)
           ~~~~~~~~~~~~~~~~~~~~^^^^^^^^^
  File "C:\Users\Abdo\Desktop\students-manager\Lib\site-packages\django\template\base.py", line 171, in render
    return self._render(context)
           ~~~~~~~~~~~~^^^^^^^^^
  File "C:\Users\Abdo\Desktop\students-manager\Lib\site-packages\django\template\base.py", line 163, in _render
    return self.nodelist.render(context)
           ~~~~~~~~~~~~~~~~~~~~^^^^^^^^^
  File "C:\Users\Abdo\Desktop\students-manager\Lib\site-packages\django\template\base.py", line 1016, in render
    return SafeString("".join([node.render_annotated(context) for node in self]))
                               ~~~~~~~~~~~~~~~~~~~~~^^^^^^^^^
  File "C:\Users\Abdo\Desktop\students-manager\Lib\site-packages\django\template\base.py", line 977, in render_annotated
    return self.render(context)
           ~~~~~~~~~~~^^^^^^^^^
  File "C:\Users\Abdo\Desktop\students-manager\Lib\site-packages\django\template\loader_tags.py", line 159, in render
    return compiled_parent._render(context)
           ~~~~~~~~~~~~~~~~~~~~~~~^^^^^^^^^
  File "C:\Users\Abdo\Desktop\students-manager\Lib\site-packages\django\template\base.py", line 163, in _render
    return self.nodelist.render(context)
           ~~~~~~~~~~~~~~~~~~~~^^^^^^^^^
  File "C:\Users\Abdo\Desktop\students-manager\Lib\site-packages\django\template\base.py", line 1016, in render
    return SafeString("".join([node.render_annotated(context) for node in self]))
                               ~~~~~~~~~~~~~~~~~~~~~^^^^^^^^^
  File "C:\Users\Abdo\Desktop\students-manager\Lib\site-packages\django\template\base.py", line 977, in render_annotated
    return self.render(context)
           ~~~~~~~~~~~^^^^^^^^^
  File "C:\Users\Abdo\Desktop\students-manager\Lib\site-packages\django\template\loader_tags.py", line 159, in render
    return compiled_parent._render(context)
           ~~~~~~~~~~~~~~~~~~~~~~~^^^^^^^^^
  File "C:\Users\Abdo\Desktop\students-manager\Lib\site-packages\django\template\base.py", line 163, in _render
    return self.nodelist.render(context)
           ~~~~~~~~~~~~~~~~~~~~^^^^^^^^^
  File "C:\Users\Abdo\Desktop\students-manager\Lib\site-packages\django\template\base.py", line 1016, in render
    return SafeString("".join([node.render_annotated(context) for node in self]))
                               ~~~~~~~~~~~~~~~~~~~~~^^^^^^^^^
  File "C:\Users\Abdo\Desktop\students-manager\Lib\site-packages\django\template\base.py", line 977, in render_annotated
    return self.render(context)
           ~~~~~~~~~~~^^^^^^^^^
  File "C:\Users\Abdo\Desktop\students-manager\Lib\site-packages\django\template\loader_tags.py", line 159, in render
    return compiled_parent._render(context)
           ~~~~~~~~~~~~~~~~~~~~~~~^^^^^^^^^
  File "C:\Users\Abdo\Desktop\students-manager\Lib\site-packages\django\template\base.py", line 163, in _render
    return self.nodelist.render(context)
           ~~~~~~~~~~~~~~~~~~~~^^^^^^^^^
  File "C:\Users\Abdo\Desktop\students-manager\Lib\site-packages\django\template\base.py", line 1016, in render
    return SafeString("".join([node.render_annotated(context) for node in self]))
                               ~~~~~~~~~~~~~~~~~~~~~^^^^^^^^^
  File "C:\Users\Abdo\Desktop\students-manager\Lib\site-packages\django\template\base.py", line 977, in render_annotated
    return self.render(context)
           ~~~~~~~~~~~^^^^^^^^^
  File "C:\Users\Abdo\Desktop\students-manager\Lib\site-packages\django\template\loader_tags.py", line 65, in render
    result = block.nodelist.render(context)
  File "C:\Users\Abdo\Desktop\students-manager\Lib\site-packages\django\template\base.py", line 1016, in render
    return SafeString("".join([node.render_annotated(context) for node in self]))
                               ~~~~~~~~~~~~~~~~~~~~~^^^^^^^^^
  File "C:\Users\Abdo\Desktop\students-manager\Lib\site-packages\django\template\base.py", line 977, in render_annotated
    return self.render(context)
           ~~~~~~~~~~~^^^^^^^^^
  File "C:\Users\Abdo\Desktop\students-manager\Lib\site-packages\django\template\base.py", line 1075, in render
    output = self.filter_expression.resolve(context)
  File "C:\Users\Abdo\Desktop\students-manager\Lib\site-packages\django\template\base.py", line 722, in resolve
    obj = self.var.resolve(context)
  File "C:\Users\Abdo\Desktop\students-manager\Lib\site-packages\django\template\base.py", line 854, in resolve
    value = self._resolve_lookup(context)
  File "C:\Users\Abdo\Desktop\students-manager\Lib\site-packages\django\template\base.py", line 925, in _resolve_lookup
    current = current()
  File "C:\Users\Abdo\Desktop\students-manager\Lib\site-packages\django\template\loader_tags.py", line 81, in super
    return mark_safe(self.render(self.context))
                     ~~~~~~~~~~~^^^^^^^^^^^^^^
  File "C:\Users\Abdo\Desktop\students-manager\Lib\site-packages\django\template\loader_tags.py", line 65, in render
    result = block.nodelist.render(context)
  File "C:\Users\Abdo\Desktop\students-manager\Lib\site-packages\django\template\base.py", line 1016, in render
    return SafeString("".join([node.render_annotated(context) for node in self]))
                               ~~~~~~~~~~~~~~~~~~~~~^^^^^^^^^
  File "C:\Users\Abdo\Desktop\students-manager\Lib\site-packages\django\template\base.py", line 977, in render_annotated
    return self.render(context)
           ~~~~~~~~~~~^^^^^^^^^
  File "C:\Users\Abdo\Desktop\students-manager\Lib\site-packages\django\template\library.py", line 321, in render
    output = self.func(*resolved_args, **resolved_kwargs)
  File "C:\Users\Abdo\Desktop\students-manager\Lib\site-packages\baton\templatetags\baton_tags.py", line 69, in baton_config
    "app_list": reverse('baton-app-list-json'),
                ~~~~~~~^^^^^^^^^^^^^^^^^^^^^^^
  File "C:\Users\Abdo\Desktop\students-manager\Lib\site-packages\django\urls\base.py", line 98, in reverse
    resolved_url = resolver._reverse_with_prefix(view, prefix, *args, **kwargs)
  File "C:\Users\Abdo\Desktop\students-manager\Lib\site-packages\django\urls\resolvers.py", line 831, in _reverse_with_prefix
    raise NoReverseMatch(msg)
django.urls.exceptions.NoReverseMatch: Reverse for 'baton-app-list-json' not found. 'baton-app-list-json' is not a valid view function or pattern name.
2025-05-21 12:09:45,301 ERROR Internal Server Error: /admin/students/attendance/add/
Traceback (most recent call last):
  File "C:\Users\Abdo\Desktop\students-manager\Lib\site-packages\django\core\handlers\exception.py", line 55, in inner
    response = get_response(request)
  File "C:\Users\Abdo\Desktop\students-manager\Lib\site-packages\django\core\handlers\base.py", line 220, in _get_response
    response = response.render()
  File "C:\Users\Abdo\Desktop\students-manager\Lib\site-packages\django\template\response.py", line 114, in render
    self.content = self.rendered_content
                   ^^^^^^^^^^^^^^^^^^^^^
  File "C:\Users\Abdo\Desktop\students-manager\Lib\site-packages\django\template\response.py", line 92, in rendered_content
    return template.render(context, self._request)
           ~~~~~~~~~~~~~~~^^^^^^^^^^^^^^^^^^^^^^^^
  File "C:\Users\Abdo\Desktop\students-manager\Lib\site-packages\django\template\backends\django.py", line 107, in render
    return self.template.render(context)
           ~~~~~~~~~~~~~~~~~~~~^^^^^^^^^
  File "C:\Users\Abdo\Desktop\students-manager\Lib\site-packages\django\template\base.py", line 171, in render
    return self._render(context)
           ~~~~~~~~~~~~^^^^^^^^^
  File "C:\Users\Abdo\Desktop\students-manager\Lib\site-packages\django\template\base.py", line 163, in _render
    return self.nodelist.render(context)
           ~~~~~~~~~~~~~~~~~~~~^^^^^^^^^
  File "C:\Users\Abdo\Desktop\students-manager\Lib\site-packages\django\template\base.py", line 1016, in render
    return SafeString("".join([node.render_annotated(context) for node in self]))
                               ~~~~~~~~~~~~~~~~~~~~~^^^^^^^^^
  File "C:\Users\Abdo\Desktop\students-manager\Lib\site-packages\django\template\base.py", line 977, in render_annotated
    return self.render(context)
           ~~~~~~~~~~~^^^^^^^^^
  File "C:\Users\Abdo\Desktop\students-manager\Lib\site-packages\django\template\loader_tags.py", line 159, in render
    return compiled_parent._render(context)
           ~~~~~~~~~~~~~~~~~~~~~~~^^^^^^^^^
  File "C:\Users\Abdo\Desktop\students-manager\Lib\site-packages\django\template\base.py", line 163, in _render
    return self.nodelist.render(context)
           ~~~~~~~~~~~~~~~~~~~~^^^^^^^^^
  File "C:\Users\Abdo\Desktop\students-manager\Lib\site-packages\django\template\base.py", line 1016, in render
    return SafeString("".join([node.render_annotated(context) for node in self]))
                               ~~~~~~~~~~~~~~~~~~~~~^^^^^^^^^
  File "C:\Users\Abdo\Desktop\students-manager\Lib\site-packages\django\template\base.py", line 977, in render_annotated
    return self.render(context)
           ~~~~~~~~~~~^^^^^^^^^
  File "C:\Users\Abdo\Desktop\students-manager\Lib\site-packages\django\template\loader_tags.py", line 159, in render
    return compiled_parent._render(context)
           ~~~~~~~~~~~~~~~~~~~~~~~^^^^^^^^^
  File "C:\Users\Abdo\Desktop\students-manager\Lib\site-packages\django\template\base.py", line 163, in _render
    return self.nodelist.render(context)
           ~~~~~~~~~~~~~~~~~~~~^^^^^^^^^
  File "C:\Users\Abdo\Desktop\students-manager\Lib\site-packages\django\template\base.py", line 1016, in render
    return SafeString("".join([node.render_annotated(context) for node in self]))
                               ~~~~~~~~~~~~~~~~~~~~~^^^^^^^^^
  File "C:\Users\Abdo\Desktop\students-manager\Lib\site-packages\django\template\base.py", line 977, in render_annotated
    return self.render(context)
           ~~~~~~~~~~~^^^^^^^^^
  File "C:\Users\Abdo\Desktop\students-manager\Lib\site-packages\django\template\loader_tags.py", line 159, in render
    return compiled_parent._render(context)
           ~~~~~~~~~~~~~~~~~~~~~~~^^^^^^^^^
  File "C:\Users\Abdo\Desktop\students-manager\Lib\site-packages\django\template\base.py", line 163, in _render
    return self.nodelist.render(context)
           ~~~~~~~~~~~~~~~~~~~~^^^^^^^^^
  File "C:\Users\Abdo\Desktop\students-manager\Lib\site-packages\django\template\base.py", line 1016, in render
    return SafeString("".join([node.render_annotated(context) for node in self]))
                               ~~~~~~~~~~~~~~~~~~~~~^^^^^^^^^
  File "C:\Users\Abdo\Desktop\students-manager\Lib\site-packages\django\template\base.py", line 977, in render_annotated
    return self.render(context)
           ~~~~~~~~~~~^^^^^^^^^
  File "C:\Users\Abdo\Desktop\students-manager\Lib\site-packages\django\template\loader_tags.py", line 65, in render
    result = block.nodelist.render(context)
  File "C:\Users\Abdo\Desktop\students-manager\Lib\site-packages\django\template\base.py", line 1016, in render
    return SafeString("".join([node.render_annotated(context) for node in self]))
                               ~~~~~~~~~~~~~~~~~~~~~^^^^^^^^^
  File "C:\Users\Abdo\Desktop\students-manager\Lib\site-packages\django\template\base.py", line 977, in render_annotated
    return self.render(context)
           ~~~~~~~~~~~^^^^^^^^^
  File "C:\Users\Abdo\Desktop\students-manager\Lib\site-packages\django\template\base.py", line 1075, in render
    output = self.filter_expression.resolve(context)
  File "C:\Users\Abdo\Desktop\students-manager\Lib\site-packages\django\template\base.py", line 722, in resolve
    obj = self.var.resolve(context)
  File "C:\Users\Abdo\Desktop\students-manager\Lib\site-packages\django\template\base.py", line 854, in resolve
    value = self._resolve_lookup(context)
  File "C:\Users\Abdo\Desktop\students-manager\Lib\site-packages\django\template\base.py", line 925, in _resolve_lookup
    current = current()
  File "C:\Users\Abdo\Desktop\students-manager\Lib\site-packages\django\template\loader_tags.py", line 81, in super
    return mark_safe(self.render(self.context))
                     ~~~~~~~~~~~^^^^^^^^^^^^^^
  File "C:\Users\Abdo\Desktop\students-manager\Lib\site-packages\django\template\loader_tags.py", line 65, in render
    result = block.nodelist.render(context)
  File "C:\Users\Abdo\Desktop\students-manager\Lib\site-packages\django\template\base.py", line 1016, in render
    return SafeString("".join([node.render_annotated(context) for node in self]))
                               ~~~~~~~~~~~~~~~~~~~~~^^^^^^^^^
  File "C:\Users\Abdo\Desktop\students-manager\Lib\site-packages\django\template\base.py", line 977, in render_annotated
    return self.render(context)
           ~~~~~~~~~~~^^^^^^^^^
  File "C:\Users\Abdo\Desktop\students-manager\Lib\site-packages\django\template\library.py", line 321, in render
    output = self.func(*resolved_args, **resolved_kwargs)
  File "C:\Users\Abdo\Desktop\students-manager\Lib\site-packages\baton\templatetags\baton_tags.py", line 69, in baton_config
    "app_list": reverse('baton-app-list-json'),
                ~~~~~~~^^^^^^^^^^^^^^^^^^^^^^^
  File "C:\Users\Abdo\Desktop\students-manager\Lib\site-packages\django\urls\base.py", line 98, in reverse
    resolved_url = resolver._reverse_with_prefix(view, prefix, *args, **kwargs)
  File "C:\Users\Abdo\Desktop\students-manager\Lib\site-packages\django\urls\resolvers.py", line 831, in _reverse_with_prefix
    raise NoReverseMatch(msg)
django.urls.exceptions.NoReverseMatch: Reverse for 'baton-app-list-json' not found. 'baton-app-list-json' is not a valid view function or pattern name.
2025-05-21 12:09:46,437 ERROR Internal Server Error: /admin/students/attendance/add/
Traceback (most recent call last):
  File "C:\Users\Abdo\Desktop\students-manager\Lib\site-packages\django\core\handlers\exception.py", line 55, in inner
    response = get_response(request)
  File "C:\Users\Abdo\Desktop\students-manager\Lib\site-packages\django\core\handlers\base.py", line 220, in _get_response
    response = response.render()
  File "C:\Users\Abdo\Desktop\students-manager\Lib\site-packages\django\template\response.py", line 114, in render
    self.content = self.rendered_content
                   ^^^^^^^^^^^^^^^^^^^^^
  File "C:\Users\Abdo\Desktop\students-manager\Lib\site-packages\django\template\response.py", line 92, in rendered_content
    return template.render(context, self._request)
           ~~~~~~~~~~~~~~~^^^^^^^^^^^^^^^^^^^^^^^^
  File "C:\Users\Abdo\Desktop\students-manager\Lib\site-packages\django\template\backends\django.py", line 107, in render
    return self.template.render(context)
           ~~~~~~~~~~~~~~~~~~~~^^^^^^^^^
  File "C:\Users\Abdo\Desktop\students-manager\Lib\site-packages\django\template\base.py", line 171, in render
    return self._render(context)
           ~~~~~~~~~~~~^^^^^^^^^
  File "C:\Users\Abdo\Desktop\students-manager\Lib\site-packages\django\template\base.py", line 163, in _render
    return self.nodelist.render(context)
           ~~~~~~~~~~~~~~~~~~~~^^^^^^^^^
  File "C:\Users\Abdo\Desktop\students-manager\Lib\site-packages\django\template\base.py", line 1016, in render
    return SafeString("".join([node.render_annotated(context) for node in self]))
                               ~~~~~~~~~~~~~~~~~~~~~^^^^^^^^^
  File "C:\Users\Abdo\Desktop\students-manager\Lib\site-packages\django\template\base.py", line 977, in render_annotated
    return self.render(context)
           ~~~~~~~~~~~^^^^^^^^^
  File "C:\Users\Abdo\Desktop\students-manager\Lib\site-packages\django\template\loader_tags.py", line 159, in render
    return compiled_parent._render(context)
           ~~~~~~~~~~~~~~~~~~~~~~~^^^^^^^^^
  File "C:\Users\Abdo\Desktop\students-manager\Lib\site-packages\django\template\base.py", line 163, in _render
    return self.nodelist.render(context)
           ~~~~~~~~~~~~~~~~~~~~^^^^^^^^^
  File "C:\Users\Abdo\Desktop\students-manager\Lib\site-packages\django\template\base.py", line 1016, in render
    return SafeString("".join([node.render_annotated(context) for node in self]))
                               ~~~~~~~~~~~~~~~~~~~~~^^^^^^^^^
  File "C:\Users\Abdo\Desktop\students-manager\Lib\site-packages\django\template\base.py", line 977, in render_annotated
    return self.render(context)
           ~~~~~~~~~~~^^^^^^^^^
  File "C:\Users\Abdo\Desktop\students-manager\Lib\site-packages\django\template\loader_tags.py", line 159, in render
    return compiled_parent._render(context)
           ~~~~~~~~~~~~~~~~~~~~~~~^^^^^^^^^
  File "C:\Users\Abdo\Desktop\students-manager\Lib\site-packages\django\template\base.py", line 163, in _render
    return self.nodelist.render(context)
           ~~~~~~~~~~~~~~~~~~~~^^^^^^^^^
  File "C:\Users\Abdo\Desktop\students-manager\Lib\site-packages\django\template\base.py", line 1016, in render
    return SafeString("".join([node.render_annotated(context) for node in self]))
                               ~~~~~~~~~~~~~~~~~~~~~^^^^^^^^^
  File "C:\Users\Abdo\Desktop\students-manager\Lib\site-packages\django\template\base.py", line 977, in render_annotated
    return self.render(context)
           ~~~~~~~~~~~^^^^^^^^^
  File "C:\Users\Abdo\Desktop\students-manager\Lib\site-packages\django\template\loader_tags.py", line 159, in render
    return compiled_parent._render(context)
           ~~~~~~~~~~~~~~~~~~~~~~~^^^^^^^^^
  File "C:\Users\Abdo\Desktop\students-manager\Lib\site-packages\django\template\base.py", line 163, in _render
    return self.nodelist.render(context)
           ~~~~~~~~~~~~~~~~~~~~^^^^^^^^^
  File "C:\Users\Abdo\Desktop\students-manager\Lib\site-packages\django\template\base.py", line 1016, in render
    return SafeString("".join([node.render_annotated(context) for node in self]))
                               ~~~~~~~~~~~~~~~~~~~~~^^^^^^^^^
  File "C:\Users\Abdo\Desktop\students-manager\Lib\site-packages\django\template\base.py", line 977, in render_annotated
    return self.render(context)
           ~~~~~~~~~~~^^^^^^^^^
  File "C:\Users\Abdo\Desktop\students-manager\Lib\site-packages\django\template\loader_tags.py", line 65, in render
    result = block.nodelist.render(context)
  File "C:\Users\Abdo\Desktop\students-manager\Lib\site-packages\django\template\base.py", line 1016, in render
    return SafeString("".join([node.render_annotated(context) for node in self]))
                               ~~~~~~~~~~~~~~~~~~~~~^^^^^^^^^
  File "C:\Users\Abdo\Desktop\students-manager\Lib\site-packages\django\template\base.py", line 977, in render_annotated
    return self.render(context)
           ~~~~~~~~~~~^^^^^^^^^
  File "C:\Users\Abdo\Desktop\students-manager\Lib\site-packages\django\template\base.py", line 1075, in render
    output = self.filter_expression.resolve(context)
  File "C:\Users\Abdo\Desktop\students-manager\Lib\site-packages\django\template\base.py", line 722, in resolve
    obj = self.var.resolve(context)
  File "C:\Users\Abdo\Desktop\students-manager\Lib\site-packages\django\template\base.py", line 854, in resolve
    value = self._resolve_lookup(context)
  File "C:\Users\Abdo\Desktop\students-manager\Lib\site-packages\django\template\base.py", line 925, in _resolve_lookup
    current = current()
  File "C:\Users\Abdo\Desktop\students-manager\Lib\site-packages\django\template\loader_tags.py", line 81, in super
    return mark_safe(self.render(self.context))
                     ~~~~~~~~~~~^^^^^^^^^^^^^^
  File "C:\Users\Abdo\Desktop\students-manager\Lib\site-packages\django\template\loader_tags.py", line 65, in render
    result = block.nodelist.render(context)
  File "C:\Users\Abdo\Desktop\students-manager\Lib\site-packages\django\template\base.py", line 1016, in render
    return SafeString("".join([node.render_annotated(context) for node in self]))
                               ~~~~~~~~~~~~~~~~~~~~~^^^^^^^^^
  File "C:\Users\Abdo\Desktop\students-manager\Lib\site-packages\django\template\base.py", line 977, in render_annotated
    return self.render(context)
           ~~~~~~~~~~~^^^^^^^^^
  File "C:\Users\Abdo\Desktop\students-manager\Lib\site-packages\django\template\library.py", line 321, in render
    output = self.func(*resolved_args, **resolved_kwargs)
  File "C:\Users\Abdo\Desktop\students-manager\Lib\site-packages\baton\templatetags\baton_tags.py", line 69, in baton_config
    "app_list": reverse('baton-app-list-json'),
                ~~~~~~~^^^^^^^^^^^^^^^^^^^^^^^
  File "C:\Users\Abdo\Desktop\students-manager\Lib\site-packages\django\urls\base.py", line 98, in reverse
    resolved_url = resolver._reverse_with_prefix(view, prefix, *args, **kwargs)
  File "C:\Users\Abdo\Desktop\students-manager\Lib\site-packages\django\urls\resolvers.py", line 831, in _reverse_with_prefix
    raise NoReverseMatch(msg)
django.urls.exceptions.NoReverseMatch: Reverse for 'baton-app-list-json' not found. 'baton-app-list-json' is not a valid view function or pattern name.
2025-05-21 12:10:07,822 INFO C:\Users\Abdo\Desktop\students-manager\student_manager\student_manager\urls.py changed, reloading.
2025-05-21 12:10:11,320 ERROR Internal Server Error: /admin/students/attendance/add/
Traceback (most recent call last):
  File "C:\Users\Abdo\Desktop\students-manager\Lib\site-packages\django\core\handlers\exception.py", line 55, in inner
    response = get_response(request)
  File "C:\Users\Abdo\Desktop\students-manager\Lib\site-packages\django\core\handlers\base.py", line 220, in _get_response
    response = response.render()
  File "C:\Users\Abdo\Desktop\students-manager\Lib\site-packages\django\template\response.py", line 114, in render
    self.content = self.rendered_content
                   ^^^^^^^^^^^^^^^^^^^^^
  File "C:\Users\Abdo\Desktop\students-manager\Lib\site-packages\django\template\response.py", line 92, in rendered_content
    return template.render(context, self._request)
           ~~~~~~~~~~~~~~~^^^^^^^^^^^^^^^^^^^^^^^^
  File "C:\Users\Abdo\Desktop\students-manager\Lib\site-packages\django\template\backends\django.py", line 107, in render
    return self.template.render(context)
           ~~~~~~~~~~~~~~~~~~~~^^^^^^^^^
  File "C:\Users\Abdo\Desktop\students-manager\Lib\site-packages\django\template\base.py", line 171, in render
    return self._render(context)
           ~~~~~~~~~~~~^^^^^^^^^
  File "C:\Users\Abdo\Desktop\students-manager\Lib\site-packages\django\template\base.py", line 163, in _render
    return self.nodelist.render(context)
           ~~~~~~~~~~~~~~~~~~~~^^^^^^^^^
  File "C:\Users\Abdo\Desktop\students-manager\Lib\site-packages\django\template\base.py", line 1016, in render
    return SafeString("".join([node.render_annotated(context) for node in self]))
                               ~~~~~~~~~~~~~~~~~~~~~^^^^^^^^^
  File "C:\Users\Abdo\Desktop\students-manager\Lib\site-packages\django\template\base.py", line 977, in render_annotated
    return self.render(context)
           ~~~~~~~~~~~^^^^^^^^^
  File "C:\Users\Abdo\Desktop\students-manager\Lib\site-packages\django\template\loader_tags.py", line 159, in render
    return compiled_parent._render(context)
           ~~~~~~~~~~~~~~~~~~~~~~~^^^^^^^^^
  File "C:\Users\Abdo\Desktop\students-manager\Lib\site-packages\django\template\base.py", line 163, in _render
    return self.nodelist.render(context)
           ~~~~~~~~~~~~~~~~~~~~^^^^^^^^^
  File "C:\Users\Abdo\Desktop\students-manager\Lib\site-packages\django\template\base.py", line 1016, in render
    return SafeString("".join([node.render_annotated(context) for node in self]))
                               ~~~~~~~~~~~~~~~~~~~~~^^^^^^^^^
  File "C:\Users\Abdo\Desktop\students-manager\Lib\site-packages\django\template\base.py", line 977, in render_annotated
    return self.render(context)
           ~~~~~~~~~~~^^^^^^^^^
  File "C:\Users\Abdo\Desktop\students-manager\Lib\site-packages\django\template\loader_tags.py", line 159, in render
    return compiled_parent._render(context)
           ~~~~~~~~~~~~~~~~~~~~~~~^^^^^^^^^
  File "C:\Users\Abdo\Desktop\students-manager\Lib\site-packages\django\template\base.py", line 163, in _render
    return self.nodelist.render(context)
           ~~~~~~~~~~~~~~~~~~~~^^^^^^^^^
  File "C:\Users\Abdo\Desktop\students-manager\Lib\site-packages\django\template\base.py", line 1016, in render
    return SafeString("".join([node.render_annotated(context) for node in self]))
                               ~~~~~~~~~~~~~~~~~~~~~^^^^^^^^^
  File "C:\Users\Abdo\Desktop\students-manager\Lib\site-packages\django\template\base.py", line 977, in render_annotated
    return self.render(context)
           ~~~~~~~~~~~^^^^^^^^^
  File "C:\Users\Abdo\Desktop\students-manager\Lib\site-packages\django\template\loader_tags.py", line 159, in render
    return compiled_parent._render(context)
           ~~~~~~~~~~~~~~~~~~~~~~~^^^^^^^^^
  File "C:\Users\Abdo\Desktop\students-manager\Lib\site-packages\django\template\base.py", line 163, in _render
    return self.nodelist.render(context)
           ~~~~~~~~~~~~~~~~~~~~^^^^^^^^^
  File "C:\Users\Abdo\Desktop\students-manager\Lib\site-packages\django\template\base.py", line 1016, in render
    return SafeString("".join([node.render_annotated(context) for node in self]))
                               ~~~~~~~~~~~~~~~~~~~~~^^^^^^^^^
  File "C:\Users\Abdo\Desktop\students-manager\Lib\site-packages\django\template\base.py", line 977, in render_annotated
    return self.render(context)
           ~~~~~~~~~~~^^^^^^^^^
  File "C:\Users\Abdo\Desktop\students-manager\Lib\site-packages\django\template\loader_tags.py", line 65, in render
    result = block.nodelist.render(context)
  File "C:\Users\Abdo\Desktop\students-manager\Lib\site-packages\django\template\base.py", line 1016, in render
    return SafeString("".join([node.render_annotated(context) for node in self]))
                               ~~~~~~~~~~~~~~~~~~~~~^^^^^^^^^
  File "C:\Users\Abdo\Desktop\students-manager\Lib\site-packages\django\template\base.py", line 977, in render_annotated
    return self.render(context)
           ~~~~~~~~~~~^^^^^^^^^
  File "C:\Users\Abdo\Desktop\students-manager\Lib\site-packages\django\template\base.py", line 1075, in render
    output = self.filter_expression.resolve(context)
  File "C:\Users\Abdo\Desktop\students-manager\Lib\site-packages\django\template\base.py", line 722, in resolve
    obj = self.var.resolve(context)
  File "C:\Users\Abdo\Desktop\students-manager\Lib\site-packages\django\template\base.py", line 854, in resolve
    value = self._resolve_lookup(context)
  File "C:\Users\Abdo\Desktop\students-manager\Lib\site-packages\django\template\base.py", line 925, in _resolve_lookup
    current = current()
  File "C:\Users\Abdo\Desktop\students-manager\Lib\site-packages\django\template\loader_tags.py", line 81, in super
    return mark_safe(self.render(self.context))
                     ~~~~~~~~~~~^^^^^^^^^^^^^^
  File "C:\Users\Abdo\Desktop\students-manager\Lib\site-packages\django\template\loader_tags.py", line 65, in render
    result = block.nodelist.render(context)
  File "C:\Users\Abdo\Desktop\students-manager\Lib\site-packages\django\template\base.py", line 1016, in render
    return SafeString("".join([node.render_annotated(context) for node in self]))
                               ~~~~~~~~~~~~~~~~~~~~~^^^^^^^^^
  File "C:\Users\Abdo\Desktop\students-manager\Lib\site-packages\django\template\base.py", line 977, in render_annotated
    return self.render(context)
           ~~~~~~~~~~~^^^^^^^^^
  File "C:\Users\Abdo\Desktop\students-manager\Lib\site-packages\django\template\library.py", line 321, in render
    output = self.func(*resolved_args, **resolved_kwargs)
  File "C:\Users\Abdo\Desktop\students-manager\Lib\site-packages\baton\templatetags\baton_tags.py", line 69, in baton_config
    "app_list": reverse('baton-app-list-json'),
                ~~~~~~~^^^^^^^^^^^^^^^^^^^^^^^
  File "C:\Users\Abdo\Desktop\students-manager\Lib\site-packages\django\urls\base.py", line 98, in reverse
    resolved_url = resolver._reverse_with_prefix(view, prefix, *args, **kwargs)
  File "C:\Users\Abdo\Desktop\students-manager\Lib\site-packages\django\urls\resolvers.py", line 831, in _reverse_with_prefix
    raise NoReverseMatch(msg)
django.urls.exceptions.NoReverseMatch: Reverse for 'baton-app-list-json' not found. 'baton-app-list-json' is not a valid view function or pattern name.
2025-05-21 12:10:12,369 ERROR Internal Server Error: /admin/students/attendance/add/
Traceback (most recent call last):
  File "C:\Users\Abdo\Desktop\students-manager\Lib\site-packages\django\core\handlers\exception.py", line 55, in inner
    response = get_response(request)
  File "C:\Users\Abdo\Desktop\students-manager\Lib\site-packages\django\core\handlers\base.py", line 220, in _get_response
    response = response.render()
  File "C:\Users\Abdo\Desktop\students-manager\Lib\site-packages\django\template\response.py", line 114, in render
    self.content = self.rendered_content
                   ^^^^^^^^^^^^^^^^^^^^^
  File "C:\Users\Abdo\Desktop\students-manager\Lib\site-packages\django\template\response.py", line 92, in rendered_content
    return template.render(context, self._request)
           ~~~~~~~~~~~~~~~^^^^^^^^^^^^^^^^^^^^^^^^
  File "C:\Users\Abdo\Desktop\students-manager\Lib\site-packages\django\template\backends\django.py", line 107, in render
    return self.template.render(context)
           ~~~~~~~~~~~~~~~~~~~~^^^^^^^^^
  File "C:\Users\Abdo\Desktop\students-manager\Lib\site-packages\django\template\base.py", line 171, in render
    return self._render(context)
           ~~~~~~~~~~~~^^^^^^^^^
  File "C:\Users\Abdo\Desktop\students-manager\Lib\site-packages\django\template\base.py", line 163, in _render
    return self.nodelist.render(context)
           ~~~~~~~~~~~~~~~~~~~~^^^^^^^^^
  File "C:\Users\Abdo\Desktop\students-manager\Lib\site-packages\django\template\base.py", line 1016, in render
    return SafeString("".join([node.render_annotated(context) for node in self]))
                               ~~~~~~~~~~~~~~~~~~~~~^^^^^^^^^
  File "C:\Users\Abdo\Desktop\students-manager\Lib\site-packages\django\template\base.py", line 977, in render_annotated
    return self.render(context)
           ~~~~~~~~~~~^^^^^^^^^
  File "C:\Users\Abdo\Desktop\students-manager\Lib\site-packages\django\template\loader_tags.py", line 159, in render
    return compiled_parent._render(context)
           ~~~~~~~~~~~~~~~~~~~~~~~^^^^^^^^^
  File "C:\Users\Abdo\Desktop\students-manager\Lib\site-packages\django\template\base.py", line 163, in _render
    return self.nodelist.render(context)
           ~~~~~~~~~~~~~~~~~~~~^^^^^^^^^
  File "C:\Users\Abdo\Desktop\students-manager\Lib\site-packages\django\template\base.py", line 1016, in render
    return SafeString("".join([node.render_annotated(context) for node in self]))
                               ~~~~~~~~~~~~~~~~~~~~~^^^^^^^^^
  File "C:\Users\Abdo\Desktop\students-manager\Lib\site-packages\django\template\base.py", line 977, in render_annotated
    return self.render(context)
           ~~~~~~~~~~~^^^^^^^^^
  File "C:\Users\Abdo\Desktop\students-manager\Lib\site-packages\django\template\loader_tags.py", line 159, in render
    return compiled_parent._render(context)
           ~~~~~~~~~~~~~~~~~~~~~~~^^^^^^^^^
  File "C:\Users\Abdo\Desktop\students-manager\Lib\site-packages\django\template\base.py", line 163, in _render
    return self.nodelist.render(context)
           ~~~~~~~~~~~~~~~~~~~~^^^^^^^^^
  File "C:\Users\Abdo\Desktop\students-manager\Lib\site-packages\django\template\base.py", line 1016, in render
    return SafeString("".join([node.render_annotated(context) for node in self]))
                               ~~~~~~~~~~~~~~~~~~~~~^^^^^^^^^
  File "C:\Users\Abdo\Desktop\students-manager\Lib\site-packages\django\template\base.py", line 977, in render_annotated
    return self.render(context)
           ~~~~~~~~~~~^^^^^^^^^
  File "C:\Users\Abdo\Desktop\students-manager\Lib\site-packages\django\template\loader_tags.py", line 159, in render
    return compiled_parent._render(context)
           ~~~~~~~~~~~~~~~~~~~~~~~^^^^^^^^^
  File "C:\Users\Abdo\Desktop\students-manager\Lib\site-packages\django\template\base.py", line 163, in _render
    return self.nodelist.render(context)
           ~~~~~~~~~~~~~~~~~~~~^^^^^^^^^
  File "C:\Users\Abdo\Desktop\students-manager\Lib\site-packages\django\template\base.py", line 1016, in render
    return SafeString("".join([node.render_annotated(context) for node in self]))
                               ~~~~~~~~~~~~~~~~~~~~~^^^^^^^^^
  File "C:\Users\Abdo\Desktop\students-manager\Lib\site-packages\django\template\base.py", line 977, in render_annotated
    return self.render(context)
           ~~~~~~~~~~~^^^^^^^^^
  File "C:\Users\Abdo\Desktop\students-manager\Lib\site-packages\django\template\loader_tags.py", line 65, in render
    result = block.nodelist.render(context)
  File "C:\Users\Abdo\Desktop\students-manager\Lib\site-packages\django\template\base.py", line 1016, in render
    return SafeString("".join([node.render_annotated(context) for node in self]))
                               ~~~~~~~~~~~~~~~~~~~~~^^^^^^^^^
  File "C:\Users\Abdo\Desktop\students-manager\Lib\site-packages\django\template\base.py", line 977, in render_annotated
    return self.render(context)
           ~~~~~~~~~~~^^^^^^^^^
  File "C:\Users\Abdo\Desktop\students-manager\Lib\site-packages\django\template\base.py", line 1075, in render
    output = self.filter_expression.resolve(context)
  File "C:\Users\Abdo\Desktop\students-manager\Lib\site-packages\django\template\base.py", line 722, in resolve
    obj = self.var.resolve(context)
  File "C:\Users\Abdo\Desktop\students-manager\Lib\site-packages\django\template\base.py", line 854, in resolve
    value = self._resolve_lookup(context)
  File "C:\Users\Abdo\Desktop\students-manager\Lib\site-packages\django\template\base.py", line 925, in _resolve_lookup
    current = current()
  File "C:\Users\Abdo\Desktop\students-manager\Lib\site-packages\django\template\loader_tags.py", line 81, in super
    return mark_safe(self.render(self.context))
                     ~~~~~~~~~~~^^^^^^^^^^^^^^
  File "C:\Users\Abdo\Desktop\students-manager\Lib\site-packages\django\template\loader_tags.py", line 65, in render
    result = block.nodelist.render(context)
  File "C:\Users\Abdo\Desktop\students-manager\Lib\site-packages\django\template\base.py", line 1016, in render
    return SafeString("".join([node.render_annotated(context) for node in self]))
                               ~~~~~~~~~~~~~~~~~~~~~^^^^^^^^^
  File "C:\Users\Abdo\Desktop\students-manager\Lib\site-packages\django\template\base.py", line 977, in render_annotated
    return self.render(context)
           ~~~~~~~~~~~^^^^^^^^^
  File "C:\Users\Abdo\Desktop\students-manager\Lib\site-packages\django\template\library.py", line 321, in render
    output = self.func(*resolved_args, **resolved_kwargs)
  File "C:\Users\Abdo\Desktop\students-manager\Lib\site-packages\baton\templatetags\baton_tags.py", line 69, in baton_config
    "app_list": reverse('baton-app-list-json'),
                ~~~~~~~^^^^^^^^^^^^^^^^^^^^^^^
  File "C:\Users\Abdo\Desktop\students-manager\Lib\site-packages\django\urls\base.py", line 98, in reverse
    resolved_url = resolver._reverse_with_prefix(view, prefix, *args, **kwargs)
  File "C:\Users\Abdo\Desktop\students-manager\Lib\site-packages\django\urls\resolvers.py", line 831, in _reverse_with_prefix
    raise NoReverseMatch(msg)
django.urls.exceptions.NoReverseMatch: Reverse for 'baton-app-list-json' not found. 'baton-app-list-json' is not a valid view function or pattern name.
2025-05-21 12:11:09,558 INFO C:\Users\Abdo\Desktop\students-manager\student_manager\student_manager\settings.py changed, reloading.
2025-05-21 12:11:14,277 ERROR Internal Server Error: /admin/students/attendance/add/
Traceback (most recent call last):
  File "C:\Users\Abdo\Desktop\students-manager\Lib\site-packages\django\core\handlers\exception.py", line 55, in inner
    response = get_response(request)
  File "C:\Users\Abdo\Desktop\students-manager\Lib\site-packages\django\core\handlers\base.py", line 220, in _get_response
    response = response.render()
  File "C:\Users\Abdo\Desktop\students-manager\Lib\site-packages\django\template\response.py", line 114, in render
    self.content = self.rendered_content
                   ^^^^^^^^^^^^^^^^^^^^^
  File "C:\Users\Abdo\Desktop\students-manager\Lib\site-packages\django\template\response.py", line 92, in rendered_content
    return template.render(context, self._request)
           ~~~~~~~~~~~~~~~^^^^^^^^^^^^^^^^^^^^^^^^
  File "C:\Users\Abdo\Desktop\students-manager\Lib\site-packages\django\template\backends\django.py", line 107, in render
    return self.template.render(context)
           ~~~~~~~~~~~~~~~~~~~~^^^^^^^^^
  File "C:\Users\Abdo\Desktop\students-manager\Lib\site-packages\django\template\base.py", line 171, in render
    return self._render(context)
           ~~~~~~~~~~~~^^^^^^^^^
  File "C:\Users\Abdo\Desktop\students-manager\Lib\site-packages\django\template\base.py", line 163, in _render
    return self.nodelist.render(context)
           ~~~~~~~~~~~~~~~~~~~~^^^^^^^^^
  File "C:\Users\Abdo\Desktop\students-manager\Lib\site-packages\django\template\base.py", line 1016, in render
    return SafeString("".join([node.render_annotated(context) for node in self]))
                               ~~~~~~~~~~~~~~~~~~~~~^^^^^^^^^
  File "C:\Users\Abdo\Desktop\students-manager\Lib\site-packages\django\template\base.py", line 977, in render_annotated
    return self.render(context)
           ~~~~~~~~~~~^^^^^^^^^
  File "C:\Users\Abdo\Desktop\students-manager\Lib\site-packages\django\template\loader_tags.py", line 159, in render
    return compiled_parent._render(context)
           ~~~~~~~~~~~~~~~~~~~~~~~^^^^^^^^^
  File "C:\Users\Abdo\Desktop\students-manager\Lib\site-packages\django\template\base.py", line 163, in _render
    return self.nodelist.render(context)
           ~~~~~~~~~~~~~~~~~~~~^^^^^^^^^
  File "C:\Users\Abdo\Desktop\students-manager\Lib\site-packages\django\template\base.py", line 1016, in render
    return SafeString("".join([node.render_annotated(context) for node in self]))
                               ~~~~~~~~~~~~~~~~~~~~~^^^^^^^^^
  File "C:\Users\Abdo\Desktop\students-manager\Lib\site-packages\django\template\base.py", line 977, in render_annotated
    return self.render(context)
           ~~~~~~~~~~~^^^^^^^^^
  File "C:\Users\Abdo\Desktop\students-manager\Lib\site-packages\django\template\loader_tags.py", line 159, in render
    return compiled_parent._render(context)
           ~~~~~~~~~~~~~~~~~~~~~~~^^^^^^^^^
  File "C:\Users\Abdo\Desktop\students-manager\Lib\site-packages\django\template\base.py", line 163, in _render
    return self.nodelist.render(context)
           ~~~~~~~~~~~~~~~~~~~~^^^^^^^^^
  File "C:\Users\Abdo\Desktop\students-manager\Lib\site-packages\django\template\base.py", line 1016, in render
    return SafeString("".join([node.render_annotated(context) for node in self]))
                               ~~~~~~~~~~~~~~~~~~~~~^^^^^^^^^
  File "C:\Users\Abdo\Desktop\students-manager\Lib\site-packages\django\template\base.py", line 977, in render_annotated
    return self.render(context)
           ~~~~~~~~~~~^^^^^^^^^
  File "C:\Users\Abdo\Desktop\students-manager\Lib\site-packages\django\template\loader_tags.py", line 159, in render
    return compiled_parent._render(context)
           ~~~~~~~~~~~~~~~~~~~~~~~^^^^^^^^^
  File "C:\Users\Abdo\Desktop\students-manager\Lib\site-packages\django\template\base.py", line 163, in _render
    return self.nodelist.render(context)
           ~~~~~~~~~~~~~~~~~~~~^^^^^^^^^
  File "C:\Users\Abdo\Desktop\students-manager\Lib\site-packages\django\template\base.py", line 1016, in render
    return SafeString("".join([node.render_annotated(context) for node in self]))
                               ~~~~~~~~~~~~~~~~~~~~~^^^^^^^^^
  File "C:\Users\Abdo\Desktop\students-manager\Lib\site-packages\django\template\base.py", line 977, in render_annotated
    return self.render(context)
           ~~~~~~~~~~~^^^^^^^^^
  File "C:\Users\Abdo\Desktop\students-manager\Lib\site-packages\django\template\loader_tags.py", line 65, in render
    result = block.nodelist.render(context)
  File "C:\Users\Abdo\Desktop\students-manager\Lib\site-packages\django\template\base.py", line 1016, in render
    return SafeString("".join([node.render_annotated(context) for node in self]))
                               ~~~~~~~~~~~~~~~~~~~~~^^^^^^^^^
  File "C:\Users\Abdo\Desktop\students-manager\Lib\site-packages\django\template\base.py", line 977, in render_annotated
    return self.render(context)
           ~~~~~~~~~~~^^^^^^^^^
  File "C:\Users\Abdo\Desktop\students-manager\Lib\site-packages\django\template\base.py", line 1075, in render
    output = self.filter_expression.resolve(context)
  File "C:\Users\Abdo\Desktop\students-manager\Lib\site-packages\django\template\base.py", line 722, in resolve
    obj = self.var.resolve(context)
  File "C:\Users\Abdo\Desktop\students-manager\Lib\site-packages\django\template\base.py", line 854, in resolve
    value = self._resolve_lookup(context)
  File "C:\Users\Abdo\Desktop\students-manager\Lib\site-packages\django\template\base.py", line 925, in _resolve_lookup
    current = current()
  File "C:\Users\Abdo\Desktop\students-manager\Lib\site-packages\django\template\loader_tags.py", line 81, in super
    return mark_safe(self.render(self.context))
                     ~~~~~~~~~~~^^^^^^^^^^^^^^
  File "C:\Users\Abdo\Desktop\students-manager\Lib\site-packages\django\template\loader_tags.py", line 65, in render
    result = block.nodelist.render(context)
  File "C:\Users\Abdo\Desktop\students-manager\Lib\site-packages\django\template\base.py", line 1016, in render
    return SafeString("".join([node.render_annotated(context) for node in self]))
                               ~~~~~~~~~~~~~~~~~~~~~^^^^^^^^^
  File "C:\Users\Abdo\Desktop\students-manager\Lib\site-packages\django\template\base.py", line 977, in render_annotated
    return self.render(context)
           ~~~~~~~~~~~^^^^^^^^^
  File "C:\Users\Abdo\Desktop\students-manager\Lib\site-packages\django\template\library.py", line 321, in render
    output = self.func(*resolved_args, **resolved_kwargs)
  File "C:\Users\Abdo\Desktop\students-manager\Lib\site-packages\baton\templatetags\baton_tags.py", line 69, in baton_config
    "app_list": reverse('baton-app-list-json'),
                ~~~~~~~^^^^^^^^^^^^^^^^^^^^^^^
  File "C:\Users\Abdo\Desktop\students-manager\Lib\site-packages\django\urls\base.py", line 98, in reverse
    resolved_url = resolver._reverse_with_prefix(view, prefix, *args, **kwargs)
  File "C:\Users\Abdo\Desktop\students-manager\Lib\site-packages\django\urls\resolvers.py", line 831, in _reverse_with_prefix
    raise NoReverseMatch(msg)
django.urls.exceptions.NoReverseMatch: Reverse for 'baton-app-list-json' not found. 'baton-app-list-json' is not a valid view function or pattern name.
2025-05-21 12:11:46,284 INFO C:\Users\Abdo\Desktop\students-manager\student_manager\student_manager\urls.py changed, reloading.
2025-05-21 12:11:50,291 ERROR Internal Server Error: /admin/baton/app-list-json/
Traceback (most recent call last):
  File "C:\Users\Abdo\Desktop\students-manager\Lib\site-packages\django\core\handlers\exception.py", line 55, in inner
    response = get_response(request)
  File "C:\Users\Abdo\Desktop\students-manager\Lib\site-packages\django\core\handlers\base.py", line 197, in _get_response
    response = wrapped_callback(request, *callback_args, **callback_kwargs)
  File "C:\Users\Abdo\Desktop\students-manager\Lib\site-packages\django\views\generic\base.py", line 104, in view
    return self.dispatch(request, *args, **kwargs)
           ~~~~~~~~~~~~~^^^^^^^^^^^^^^^^^^^^^^^^^^
  File "C:\Users\Abdo\Desktop\students-manager\Lib\site-packages\django\utils\decorators.py", line 48, in _wrapper
    return bound_method(*args, **kwargs)
  File "C:\Users\Abdo\Desktop\students-manager\Lib\site-packages\django\contrib\auth\decorators.py", line 59, in _view_wrapper
    return view_func(request, *args, **kwargs)
  File "C:\Users\Abdo\Desktop\students-manager\Lib\site-packages\baton\views.py", line 27, in dispatch
    return super(GetAppListJsonView, self).dispatch(*args, **kwargs)
           ~~~~~~~~~~~~~~~~~~~~~~~~~~~~~~~~~~~~~~~~^^^^^^^^^^^^^^^^^
  File "C:\Users\Abdo\Desktop\students-manager\Lib\site-packages\django\views\generic\base.py", line 143, in dispatch
    return handler(request, *args, **kwargs)
  File "C:\Users\Abdo\Desktop\students-manager\Lib\site-packages\baton\views.py", line 44, in get
    self.add_voice(voices, item)
    ~~~~~~~~~~~~~~^^^^^^^^^^^^^^
  File "C:\Users\Abdo\Desktop\students-manager\Lib\site-packages\baton\views.py", line 55, in add_voice
    if item.get('type') == 'title':
       ^^^^^^^^
AttributeError: 'str' object has no attribute 'get'
2025-05-21 12:12:01,151 ERROR Internal Server Error: /admin/baton/app-list-json/
Traceback (most recent call last):
  File "C:\Users\Abdo\Desktop\students-manager\Lib\site-packages\django\core\handlers\exception.py", line 55, in inner
    response = get_response(request)
  File "C:\Users\Abdo\Desktop\students-manager\Lib\site-packages\django\core\handlers\base.py", line 197, in _get_response
    response = wrapped_callback(request, *callback_args, **callback_kwargs)
  File "C:\Users\Abdo\Desktop\students-manager\Lib\site-packages\django\views\generic\base.py", line 104, in view
    return self.dispatch(request, *args, **kwargs)
           ~~~~~~~~~~~~~^^^^^^^^^^^^^^^^^^^^^^^^^^
  File "C:\Users\Abdo\Desktop\students-manager\Lib\site-packages\django\utils\decorators.py", line 48, in _wrapper
    return bound_method(*args, **kwargs)
  File "C:\Users\Abdo\Desktop\students-manager\Lib\site-packages\django\contrib\auth\decorators.py", line 59, in _view_wrapper
    return view_func(request, *args, **kwargs)
  File "C:\Users\Abdo\Desktop\students-manager\Lib\site-packages\baton\views.py", line 27, in dispatch
    return super(GetAppListJsonView, self).dispatch(*args, **kwargs)
           ~~~~~~~~~~~~~~~~~~~~~~~~~~~~~~~~~~~~~~~~^^^^^^^^^^^^^^^^^
  File "C:\Users\Abdo\Desktop\students-manager\Lib\site-packages\django\views\generic\base.py", line 143, in dispatch
    return handler(request, *args, **kwargs)
  File "C:\Users\Abdo\Desktop\students-manager\Lib\site-packages\baton\views.py", line 44, in get
    self.add_voice(voices, item)
    ~~~~~~~~~~~~~~^^^^^^^^^^^^^^
  File "C:\Users\Abdo\Desktop\students-manager\Lib\site-packages\baton\views.py", line 55, in add_voice
    if item.get('type') == 'title':
       ^^^^^^^^
AttributeError: 'str' object has no attribute 'get'
2025-05-21 12:12:10,279 ERROR Internal Server Error: /admin/baton/app-list-json/
Traceback (most recent call last):
  File "C:\Users\Abdo\Desktop\students-manager\Lib\site-packages\django\core\handlers\exception.py", line 55, in inner
    response = get_response(request)
  File "C:\Users\Abdo\Desktop\students-manager\Lib\site-packages\django\core\handlers\base.py", line 197, in _get_response
    response = wrapped_callback(request, *callback_args, **callback_kwargs)
  File "C:\Users\Abdo\Desktop\students-manager\Lib\site-packages\django\views\generic\base.py", line 104, in view
    return self.dispatch(request, *args, **kwargs)
           ~~~~~~~~~~~~~^^^^^^^^^^^^^^^^^^^^^^^^^^
  File "C:\Users\Abdo\Desktop\students-manager\Lib\site-packages\django\utils\decorators.py", line 48, in _wrapper
    return bound_method(*args, **kwargs)
  File "C:\Users\Abdo\Desktop\students-manager\Lib\site-packages\django\contrib\auth\decorators.py", line 59, in _view_wrapper
    return view_func(request, *args, **kwargs)
  File "C:\Users\Abdo\Desktop\students-manager\Lib\site-packages\baton\views.py", line 27, in dispatch
    return super(GetAppListJsonView, self).dispatch(*args, **kwargs)
           ~~~~~~~~~~~~~~~~~~~~~~~~~~~~~~~~~~~~~~~~^^^^^^^^^^^^^^^^^
  File "C:\Users\Abdo\Desktop\students-manager\Lib\site-packages\django\views\generic\base.py", line 143, in dispatch
    return handler(request, *args, **kwargs)
  File "C:\Users\Abdo\Desktop\students-manager\Lib\site-packages\baton\views.py", line 44, in get
    self.add_voice(voices, item)
    ~~~~~~~~~~~~~~^^^^^^^^^^^^^^
  File "C:\Users\Abdo\Desktop\students-manager\Lib\site-packages\baton\views.py", line 55, in add_voice
    if item.get('type') == 'title':
       ^^^^^^^^
AttributeError: 'str' object has no attribute 'get'
2025-05-21 12:12:19,004 ERROR Internal Server Error: /admin/baton/app-list-json/
Traceback (most recent call last):
  File "C:\Users\Abdo\Desktop\students-manager\Lib\site-packages\django\core\handlers\exception.py", line 55, in inner
    response = get_response(request)
  File "C:\Users\Abdo\Desktop\students-manager\Lib\site-packages\django\core\handlers\base.py", line 197, in _get_response
    response = wrapped_callback(request, *callback_args, **callback_kwargs)
  File "C:\Users\Abdo\Desktop\students-manager\Lib\site-packages\django\views\generic\base.py", line 104, in view
    return self.dispatch(request, *args, **kwargs)
           ~~~~~~~~~~~~~^^^^^^^^^^^^^^^^^^^^^^^^^^
  File "C:\Users\Abdo\Desktop\students-manager\Lib\site-packages\django\utils\decorators.py", line 48, in _wrapper
    return bound_method(*args, **kwargs)
  File "C:\Users\Abdo\Desktop\students-manager\Lib\site-packages\django\contrib\auth\decorators.py", line 59, in _view_wrapper
    return view_func(request, *args, **kwargs)
  File "C:\Users\Abdo\Desktop\students-manager\Lib\site-packages\baton\views.py", line 27, in dispatch
    return super(GetAppListJsonView, self).dispatch(*args, **kwargs)
           ~~~~~~~~~~~~~~~~~~~~~~~~~~~~~~~~~~~~~~~~^^^^^^^^^^^^^^^^^
  File "C:\Users\Abdo\Desktop\students-manager\Lib\site-packages\django\views\generic\base.py", line 143, in dispatch
    return handler(request, *args, **kwargs)
  File "C:\Users\Abdo\Desktop\students-manager\Lib\site-packages\baton\views.py", line 44, in get
    self.add_voice(voices, item)
    ~~~~~~~~~~~~~~^^^^^^^^^^^^^^
  File "C:\Users\Abdo\Desktop\students-manager\Lib\site-packages\baton\views.py", line 55, in add_voice
    if item.get('type') == 'title':
       ^^^^^^^^
AttributeError: 'str' object has no attribute 'get'
2025-05-21 12:12:41,003 INFO C:\Users\Abdo\Desktop\students-manager\student_manager\student_manager\settings.py changed, reloading.
2025-05-21 12:12:46,708 ERROR Internal Server Error: /admin/baton/app-list-json/
Traceback (most recent call last):
  File "C:\Users\Abdo\Desktop\students-manager\Lib\site-packages\django\core\handlers\exception.py", line 55, in inner
    response = get_response(request)
  File "C:\Users\Abdo\Desktop\students-manager\Lib\site-packages\django\core\handlers\base.py", line 197, in _get_response
    response = wrapped_callback(request, *callback_args, **callback_kwargs)
  File "C:\Users\Abdo\Desktop\students-manager\Lib\site-packages\django\views\generic\base.py", line 104, in view
    return self.dispatch(request, *args, **kwargs)
           ~~~~~~~~~~~~~^^^^^^^^^^^^^^^^^^^^^^^^^^
  File "C:\Users\Abdo\Desktop\students-manager\Lib\site-packages\django\utils\decorators.py", line 48, in _wrapper
    return bound_method(*args, **kwargs)
  File "C:\Users\Abdo\Desktop\students-manager\Lib\site-packages\django\contrib\auth\decorators.py", line 59, in _view_wrapper
    return view_func(request, *args, **kwargs)
  File "C:\Users\Abdo\Desktop\students-manager\Lib\site-packages\baton\views.py", line 27, in dispatch
    return super(GetAppListJsonView, self).dispatch(*args, **kwargs)
           ~~~~~~~~~~~~~~~~~~~~~~~~~~~~~~~~~~~~~~~~^^^^^^^^^^^^^^^^^
  File "C:\Users\Abdo\Desktop\students-manager\Lib\site-packages\django\views\generic\base.py", line 143, in dispatch
    return handler(request, *args, **kwargs)
  File "C:\Users\Abdo\Desktop\students-manager\Lib\site-packages\baton\views.py", line 44, in get
    self.add_voice(voices, item)
    ~~~~~~~~~~~~~~^^^^^^^^^^^^^^
  File "C:\Users\Abdo\Desktop\students-manager\Lib\site-packages\baton\views.py", line 55, in add_voice
    if item.get('type') == 'title':
       ^^^^^^^^
AttributeError: 'str' object has no attribute 'get'
2025-05-21 12:12:48,774 ERROR Internal Server Error: /admin/baton/app-list-json/
Traceback (most recent call last):
  File "C:\Users\Abdo\Desktop\students-manager\Lib\site-packages\django\core\handlers\exception.py", line 55, in inner
    response = get_response(request)
  File "C:\Users\Abdo\Desktop\students-manager\Lib\site-packages\django\core\handlers\base.py", line 197, in _get_response
    response = wrapped_callback(request, *callback_args, **callback_kwargs)
  File "C:\Users\Abdo\Desktop\students-manager\Lib\site-packages\django\views\generic\base.py", line 104, in view
    return self.dispatch(request, *args, **kwargs)
           ~~~~~~~~~~~~~^^^^^^^^^^^^^^^^^^^^^^^^^^
  File "C:\Users\Abdo\Desktop\students-manager\Lib\site-packages\django\utils\decorators.py", line 48, in _wrapper
    return bound_method(*args, **kwargs)
  File "C:\Users\Abdo\Desktop\students-manager\Lib\site-packages\django\contrib\auth\decorators.py", line 59, in _view_wrapper
    return view_func(request, *args, **kwargs)
  File "C:\Users\Abdo\Desktop\students-manager\Lib\site-packages\baton\views.py", line 27, in dispatch
    return super(GetAppListJsonView, self).dispatch(*args, **kwargs)
           ~~~~~~~~~~~~~~~~~~~~~~~~~~~~~~~~~~~~~~~~^^^^^^^^^^^^^^^^^
  File "C:\Users\Abdo\Desktop\students-manager\Lib\site-packages\django\views\generic\base.py", line 143, in dispatch
    return handler(request, *args, **kwargs)
  File "C:\Users\Abdo\Desktop\students-manager\Lib\site-packages\baton\views.py", line 44, in get
    self.add_voice(voices, item)
    ~~~~~~~~~~~~~~^^^^^^^^^^^^^^
  File "C:\Users\Abdo\Desktop\students-manager\Lib\site-packages\baton\views.py", line 55, in add_voice
    if item.get('type') == 'title':
       ^^^^^^^^
AttributeError: 'str' object has no attribute 'get'
2025-05-21 12:12:55,433 ERROR Internal Server Error: /admin/baton/app-list-json/
Traceback (most recent call last):
  File "C:\Users\Abdo\Desktop\students-manager\Lib\site-packages\django\core\handlers\exception.py", line 55, in inner
    response = get_response(request)
  File "C:\Users\Abdo\Desktop\students-manager\Lib\site-packages\django\core\handlers\base.py", line 197, in _get_response
    response = wrapped_callback(request, *callback_args, **callback_kwargs)
  File "C:\Users\Abdo\Desktop\students-manager\Lib\site-packages\django\views\generic\base.py", line 104, in view
    return self.dispatch(request, *args, **kwargs)
           ~~~~~~~~~~~~~^^^^^^^^^^^^^^^^^^^^^^^^^^
  File "C:\Users\Abdo\Desktop\students-manager\Lib\site-packages\django\utils\decorators.py", line 48, in _wrapper
    return bound_method(*args, **kwargs)
  File "C:\Users\Abdo\Desktop\students-manager\Lib\site-packages\django\contrib\auth\decorators.py", line 59, in _view_wrapper
    return view_func(request, *args, **kwargs)
  File "C:\Users\Abdo\Desktop\students-manager\Lib\site-packages\baton\views.py", line 27, in dispatch
    return super(GetAppListJsonView, self).dispatch(*args, **kwargs)
           ~~~~~~~~~~~~~~~~~~~~~~~~~~~~~~~~~~~~~~~~^^^^^^^^^^^^^^^^^
  File "C:\Users\Abdo\Desktop\students-manager\Lib\site-packages\django\views\generic\base.py", line 143, in dispatch
    return handler(request, *args, **kwargs)
  File "C:\Users\Abdo\Desktop\students-manager\Lib\site-packages\baton\views.py", line 44, in get
    self.add_voice(voices, item)
    ~~~~~~~~~~~~~~^^^^^^^^^^^^^^
  File "C:\Users\Abdo\Desktop\students-manager\Lib\site-packages\baton\views.py", line 55, in add_voice
    if item.get('type') == 'title':
       ^^^^^^^^
AttributeError: 'str' object has no attribute 'get'
2025-05-21 12:13:02,821 ERROR Internal Server Error: /admin/baton/app-list-json/
Traceback (most recent call last):
  File "C:\Users\Abdo\Desktop\students-manager\Lib\site-packages\django\core\handlers\exception.py", line 55, in inner
    response = get_response(request)
  File "C:\Users\Abdo\Desktop\students-manager\Lib\site-packages\django\core\handlers\base.py", line 197, in _get_response
    response = wrapped_callback(request, *callback_args, **callback_kwargs)
  File "C:\Users\Abdo\Desktop\students-manager\Lib\site-packages\django\views\generic\base.py", line 104, in view
    return self.dispatch(request, *args, **kwargs)
           ~~~~~~~~~~~~~^^^^^^^^^^^^^^^^^^^^^^^^^^
  File "C:\Users\Abdo\Desktop\students-manager\Lib\site-packages\django\utils\decorators.py", line 48, in _wrapper
    return bound_method(*args, **kwargs)
  File "C:\Users\Abdo\Desktop\students-manager\Lib\site-packages\django\contrib\auth\decorators.py", line 59, in _view_wrapper
    return view_func(request, *args, **kwargs)
  File "C:\Users\Abdo\Desktop\students-manager\Lib\site-packages\baton\views.py", line 27, in dispatch
    return super(GetAppListJsonView, self).dispatch(*args, **kwargs)
           ~~~~~~~~~~~~~~~~~~~~~~~~~~~~~~~~~~~~~~~~^^^^^^^^^^^^^^^^^
  File "C:\Users\Abdo\Desktop\students-manager\Lib\site-packages\django\views\generic\base.py", line 143, in dispatch
    return handler(request, *args, **kwargs)
  File "C:\Users\Abdo\Desktop\students-manager\Lib\site-packages\baton\views.py", line 44, in get
    self.add_voice(voices, item)
    ~~~~~~~~~~~~~~^^^^^^^^^^^^^^
  File "C:\Users\Abdo\Desktop\students-manager\Lib\site-packages\baton\views.py", line 55, in add_voice
    if item.get('type') == 'title':
       ^^^^^^^^
AttributeError: 'str' object has no attribute 'get'
2025-05-21 12:13:12,083 INFO C:\Users\Abdo\Desktop\students-manager\student_manager\student_manager\settings.py changed, reloading.
2025-05-21 12:14:41,371 INFO C:\Users\Abdo\Desktop\students-manager\student_manager\student_manager\settings.py changed, reloading.
2025-05-21 12:15:03,824 INFO C:\Users\Abdo\Desktop\students-manager\student_manager\student_manager\settings.py changed, reloading.
2025-05-21 12:15:11,527 ERROR Internal Server Error: /admin/baton/app-list-json/
Traceback (most recent call last):
  File "C:\Users\Abdo\Desktop\students-manager\Lib\site-packages\django\core\handlers\exception.py", line 55, in inner
    response = get_response(request)
  File "C:\Users\Abdo\Desktop\students-manager\Lib\site-packages\django\core\handlers\base.py", line 197, in _get_response
    response = wrapped_callback(request, *callback_args, **callback_kwargs)
  File "C:\Users\Abdo\Desktop\students-manager\Lib\site-packages\django\views\generic\base.py", line 104, in view
    return self.dispatch(request, *args, **kwargs)
           ~~~~~~~~~~~~~^^^^^^^^^^^^^^^^^^^^^^^^^^
  File "C:\Users\Abdo\Desktop\students-manager\Lib\site-packages\django\utils\decorators.py", line 48, in _wrapper
    return bound_method(*args, **kwargs)
  File "C:\Users\Abdo\Desktop\students-manager\Lib\site-packages\django\contrib\auth\decorators.py", line 59, in _view_wrapper
    return view_func(request, *args, **kwargs)
  File "C:\Users\Abdo\Desktop\students-manager\Lib\site-packages\baton\views.py", line 27, in dispatch
    return super(GetAppListJsonView, self).dispatch(*args, **kwargs)
           ~~~~~~~~~~~~~~~~~~~~~~~~~~~~~~~~~~~~~~~~^^^^^^^^^^^^^^^^^
  File "C:\Users\Abdo\Desktop\students-manager\Lib\site-packages\django\views\generic\base.py", line 143, in dispatch
    return handler(request, *args, **kwargs)
  File "C:\Users\Abdo\Desktop\students-manager\Lib\site-packages\baton\views.py", line 44, in get
    self.add_voice(voices, item)
    ~~~~~~~~~~~~~~^^^^^^^^^^^^^^
  File "C:\Users\Abdo\Desktop\students-manager\Lib\site-packages\baton\views.py", line 55, in add_voice
    if item.get('type') == 'title':
       ^^^^^^^^
AttributeError: 'str' object has no attribute 'get'
2025-05-21 12:15:13,550 ERROR Internal Server Error: /admin/baton/app-list-json/
Traceback (most recent call last):
  File "C:\Users\Abdo\Desktop\students-manager\Lib\site-packages\django\core\handlers\exception.py", line 55, in inner
    response = get_response(request)
  File "C:\Users\Abdo\Desktop\students-manager\Lib\site-packages\django\core\handlers\base.py", line 197, in _get_response
    response = wrapped_callback(request, *callback_args, **callback_kwargs)
  File "C:\Users\Abdo\Desktop\students-manager\Lib\site-packages\django\views\generic\base.py", line 104, in view
    return self.dispatch(request, *args, **kwargs)
           ~~~~~~~~~~~~~^^^^^^^^^^^^^^^^^^^^^^^^^^
  File "C:\Users\Abdo\Desktop\students-manager\Lib\site-packages\django\utils\decorators.py", line 48, in _wrapper
    return bound_method(*args, **kwargs)
  File "C:\Users\Abdo\Desktop\students-manager\Lib\site-packages\django\contrib\auth\decorators.py", line 59, in _view_wrapper
    return view_func(request, *args, **kwargs)
  File "C:\Users\Abdo\Desktop\students-manager\Lib\site-packages\baton\views.py", line 27, in dispatch
    return super(GetAppListJsonView, self).dispatch(*args, **kwargs)
           ~~~~~~~~~~~~~~~~~~~~~~~~~~~~~~~~~~~~~~~~^^^^^^^^^^^^^^^^^
  File "C:\Users\Abdo\Desktop\students-manager\Lib\site-packages\django\views\generic\base.py", line 143, in dispatch
    return handler(request, *args, **kwargs)
  File "C:\Users\Abdo\Desktop\students-manager\Lib\site-packages\baton\views.py", line 44, in get
    self.add_voice(voices, item)
    ~~~~~~~~~~~~~~^^^^^^^^^^^^^^
  File "C:\Users\Abdo\Desktop\students-manager\Lib\site-packages\baton\views.py", line 55, in add_voice
    if item.get('type') == 'title':
       ^^^^^^^^
AttributeError: 'str' object has no attribute 'get'
2025-05-21 12:15:15,060 ERROR Internal Server Error: /admin/baton/app-list-json/
Traceback (most recent call last):
  File "C:\Users\Abdo\Desktop\students-manager\Lib\site-packages\django\core\handlers\exception.py", line 55, in inner
    response = get_response(request)
  File "C:\Users\Abdo\Desktop\students-manager\Lib\site-packages\django\core\handlers\base.py", line 197, in _get_response
    response = wrapped_callback(request, *callback_args, **callback_kwargs)
  File "C:\Users\Abdo\Desktop\students-manager\Lib\site-packages\django\views\generic\base.py", line 104, in view
    return self.dispatch(request, *args, **kwargs)
           ~~~~~~~~~~~~~^^^^^^^^^^^^^^^^^^^^^^^^^^
  File "C:\Users\Abdo\Desktop\students-manager\Lib\site-packages\django\utils\decorators.py", line 48, in _wrapper
    return bound_method(*args, **kwargs)
  File "C:\Users\Abdo\Desktop\students-manager\Lib\site-packages\django\contrib\auth\decorators.py", line 59, in _view_wrapper
    return view_func(request, *args, **kwargs)
  File "C:\Users\Abdo\Desktop\students-manager\Lib\site-packages\baton\views.py", line 27, in dispatch
    return super(GetAppListJsonView, self).dispatch(*args, **kwargs)
           ~~~~~~~~~~~~~~~~~~~~~~~~~~~~~~~~~~~~~~~~^^^^^^^^^^^^^^^^^
  File "C:\Users\Abdo\Desktop\students-manager\Lib\site-packages\django\views\generic\base.py", line 143, in dispatch
    return handler(request, *args, **kwargs)
  File "C:\Users\Abdo\Desktop\students-manager\Lib\site-packages\baton\views.py", line 44, in get
    self.add_voice(voices, item)
    ~~~~~~~~~~~~~~^^^^^^^^^^^^^^
  File "C:\Users\Abdo\Desktop\students-manager\Lib\site-packages\baton\views.py", line 55, in add_voice
    if item.get('type') == 'title':
       ^^^^^^^^
AttributeError: 'str' object has no attribute 'get'
2025-05-21 12:15:26,784 INFO C:\Users\Abdo\Desktop\students-manager\student_manager\student_manager\settings.py changed, reloading.
2025-05-21 12:16:12,782 INFO C:\Users\Abdo\Desktop\students-manager\student_manager\student_manager\urls.py changed, reloading.
2025-05-21 12:16:17,787 WARNING Not Found: /admin/baton/gravatar/
2025-05-21 12:16:17,798 WARNING Not Found: /admin/baton/app-list-json/
2025-05-21 12:16:19,482 WARNING Not Found: /admin/baton/gravatar/
2025-05-21 12:16:19,494 WARNING Not Found: /admin/baton/app-list-json/
2025-05-21 12:16:20,870 WARNING Not Found: /admin/baton/gravatar/
2025-05-21 12:16:20,881 WARNING Not Found: /admin/baton/app-list-json/
2025-05-21 12:16:21,196 WARNING Not Found: /favicon.ico
2025-05-21 12:16:29,549 WARNING Not Found: /admin/baton/app-list-json/
2025-05-21 12:16:29,555 WARNING Not Found: /admin/baton/gravatar/
2025-05-21 12:16:35,464 WARNING Not Found: /admin/baton/gravatar/
2025-05-21 12:16:35,479 WARNING Not Found: /admin/baton/app-list-json/
2025-05-21 12:16:46,614 WARNING Not Found: /admin/baton/gravatar/
2025-05-21 12:16:46,634 WARNING Not Found: /admin/baton/app-list-json/
2025-05-21 12:16:46,932 WARNING Not Found: /favicon.ico
2025-05-21 12:17:15,424 INFO C:\Users\Abdo\Desktop\students-manager\student_manager\student_manager\urls.py changed, reloading.
2025-05-21 12:17:20,172 ERROR Internal Server Error: /baton/app-list-json/
Traceback (most recent call last):
  File "C:\Users\Abdo\Desktop\students-manager\Lib\site-packages\django\core\handlers\exception.py", line 55, in inner
    response = get_response(request)
  File "C:\Users\Abdo\Desktop\students-manager\Lib\site-packages\django\core\handlers\base.py", line 197, in _get_response
    response = wrapped_callback(request, *callback_args, **callback_kwargs)
  File "C:\Users\Abdo\Desktop\students-manager\Lib\site-packages\django\views\generic\base.py", line 104, in view
    return self.dispatch(request, *args, **kwargs)
           ~~~~~~~~~~~~~^^^^^^^^^^^^^^^^^^^^^^^^^^
  File "C:\Users\Abdo\Desktop\students-manager\Lib\site-packages\django\utils\decorators.py", line 48, in _wrapper
    return bound_method(*args, **kwargs)
  File "C:\Users\Abdo\Desktop\students-manager\Lib\site-packages\django\contrib\auth\decorators.py", line 59, in _view_wrapper
    return view_func(request, *args, **kwargs)
  File "C:\Users\Abdo\Desktop\students-manager\Lib\site-packages\baton\views.py", line 27, in dispatch
    return super(GetAppListJsonView, self).dispatch(*args, **kwargs)
           ~~~~~~~~~~~~~~~~~~~~~~~~~~~~~~~~~~~~~~~~^^^^^^^^^^^^^^^^^
  File "C:\Users\Abdo\Desktop\students-manager\Lib\site-packages\django\views\generic\base.py", line 143, in dispatch
    return handler(request, *args, **kwargs)
  File "C:\Users\Abdo\Desktop\students-manager\Lib\site-packages\baton\views.py", line 44, in get
    self.add_voice(voices, item)
    ~~~~~~~~~~~~~~^^^^^^^^^^^^^^
  File "C:\Users\Abdo\Desktop\students-manager\Lib\site-packages\baton\views.py", line 55, in add_voice
    if item.get('type') == 'title':
       ^^^^^^^^
AttributeError: 'str' object has no attribute 'get'
2025-05-21 12:17:22,797 ERROR Internal Server Error: /baton/app-list-json/
Traceback (most recent call last):
  File "C:\Users\Abdo\Desktop\students-manager\Lib\site-packages\django\core\handlers\exception.py", line 55, in inner
    response = get_response(request)
  File "C:\Users\Abdo\Desktop\students-manager\Lib\site-packages\django\core\handlers\base.py", line 197, in _get_response
    response = wrapped_callback(request, *callback_args, **callback_kwargs)
  File "C:\Users\Abdo\Desktop\students-manager\Lib\site-packages\django\views\generic\base.py", line 104, in view
    return self.dispatch(request, *args, **kwargs)
           ~~~~~~~~~~~~~^^^^^^^^^^^^^^^^^^^^^^^^^^
  File "C:\Users\Abdo\Desktop\students-manager\Lib\site-packages\django\utils\decorators.py", line 48, in _wrapper
    return bound_method(*args, **kwargs)
  File "C:\Users\Abdo\Desktop\students-manager\Lib\site-packages\django\contrib\auth\decorators.py", line 59, in _view_wrapper
    return view_func(request, *args, **kwargs)
  File "C:\Users\Abdo\Desktop\students-manager\Lib\site-packages\baton\views.py", line 27, in dispatch
    return super(GetAppListJsonView, self).dispatch(*args, **kwargs)
           ~~~~~~~~~~~~~~~~~~~~~~~~~~~~~~~~~~~~~~~~^^^^^^^^^^^^^^^^^
  File "C:\Users\Abdo\Desktop\students-manager\Lib\site-packages\django\views\generic\base.py", line 143, in dispatch
    return handler(request, *args, **kwargs)
  File "C:\Users\Abdo\Desktop\students-manager\Lib\site-packages\baton\views.py", line 44, in get
    self.add_voice(voices, item)
    ~~~~~~~~~~~~~~^^^^^^^^^^^^^^
  File "C:\Users\Abdo\Desktop\students-manager\Lib\site-packages\baton\views.py", line 55, in add_voice
    if item.get('type') == 'title':
       ^^^^^^^^
AttributeError: 'str' object has no attribute 'get'
2025-05-21 12:17:22,970 WARNING Not Found: /favicon.ico
2025-05-21 12:17:25,778 ERROR Internal Server Error: /baton/app-list-json/
Traceback (most recent call last):
  File "C:\Users\Abdo\Desktop\students-manager\Lib\site-packages\django\core\handlers\exception.py", line 55, in inner
    response = get_response(request)
  File "C:\Users\Abdo\Desktop\students-manager\Lib\site-packages\django\core\handlers\base.py", line 197, in _get_response
    response = wrapped_callback(request, *callback_args, **callback_kwargs)
  File "C:\Users\Abdo\Desktop\students-manager\Lib\site-packages\django\views\generic\base.py", line 104, in view
    return self.dispatch(request, *args, **kwargs)
           ~~~~~~~~~~~~~^^^^^^^^^^^^^^^^^^^^^^^^^^
  File "C:\Users\Abdo\Desktop\students-manager\Lib\site-packages\django\utils\decorators.py", line 48, in _wrapper
    return bound_method(*args, **kwargs)
  File "C:\Users\Abdo\Desktop\students-manager\Lib\site-packages\django\contrib\auth\decorators.py", line 59, in _view_wrapper
    return view_func(request, *args, **kwargs)
  File "C:\Users\Abdo\Desktop\students-manager\Lib\site-packages\baton\views.py", line 27, in dispatch
    return super(GetAppListJsonView, self).dispatch(*args, **kwargs)
           ~~~~~~~~~~~~~~~~~~~~~~~~~~~~~~~~~~~~~~~~^^^^^^^^^^^^^^^^^
  File "C:\Users\Abdo\Desktop\students-manager\Lib\site-packages\django\views\generic\base.py", line 143, in dispatch
    return handler(request, *args, **kwargs)
  File "C:\Users\Abdo\Desktop\students-manager\Lib\site-packages\baton\views.py", line 44, in get
    self.add_voice(voices, item)
    ~~~~~~~~~~~~~~^^^^^^^^^^^^^^
  File "C:\Users\Abdo\Desktop\students-manager\Lib\site-packages\baton\views.py", line 55, in add_voice
    if item.get('type') == 'title':
       ^^^^^^^^
AttributeError: 'str' object has no attribute 'get'
2025-05-21 12:17:30,674 ERROR Internal Server Error: /baton/app-list-json/
Traceback (most recent call last):
  File "C:\Users\Abdo\Desktop\students-manager\Lib\site-packages\django\core\handlers\exception.py", line 55, in inner
    response = get_response(request)
  File "C:\Users\Abdo\Desktop\students-manager\Lib\site-packages\django\core\handlers\base.py", line 197, in _get_response
    response = wrapped_callback(request, *callback_args, **callback_kwargs)
  File "C:\Users\Abdo\Desktop\students-manager\Lib\site-packages\django\views\generic\base.py", line 104, in view
    return self.dispatch(request, *args, **kwargs)
           ~~~~~~~~~~~~~^^^^^^^^^^^^^^^^^^^^^^^^^^
  File "C:\Users\Abdo\Desktop\students-manager\Lib\site-packages\django\utils\decorators.py", line 48, in _wrapper
    return bound_method(*args, **kwargs)
  File "C:\Users\Abdo\Desktop\students-manager\Lib\site-packages\django\contrib\auth\decorators.py", line 59, in _view_wrapper
    return view_func(request, *args, **kwargs)
  File "C:\Users\Abdo\Desktop\students-manager\Lib\site-packages\baton\views.py", line 27, in dispatch
    return super(GetAppListJsonView, self).dispatch(*args, **kwargs)
           ~~~~~~~~~~~~~~~~~~~~~~~~~~~~~~~~~~~~~~~~^^^^^^^^^^^^^^^^^
  File "C:\Users\Abdo\Desktop\students-manager\Lib\site-packages\django\views\generic\base.py", line 143, in dispatch
    return handler(request, *args, **kwargs)
  File "C:\Users\Abdo\Desktop\students-manager\Lib\site-packages\baton\views.py", line 44, in get
    self.add_voice(voices, item)
    ~~~~~~~~~~~~~~^^^^^^^^^^^^^^
  File "C:\Users\Abdo\Desktop\students-manager\Lib\site-packages\baton\views.py", line 55, in add_voice
    if item.get('type') == 'title':
       ^^^^^^^^
AttributeError: 'str' object has no attribute 'get'
2025-05-21 12:23:35,853 WARNING Not Found: /favicon.ico
2025-05-21 12:25:51,963 INFO C:\Users\Abdo\Desktop\students-manager\student_manager\students\views.py changed, reloading.
2025-05-21 12:39:48,629 INFO C:\Users\Abdo\Desktop\students-manager\student_manager\students\views.py changed, reloading.
2025-05-21 12:40:11,539 INFO C:\Users\Abdo\Desktop\students-manager\student_manager\students\views.py changed, reloading.
2025-05-21 12:40:16,814 INFO C:\Users\Abdo\Desktop\students-manager\student_manager\students\views.py changed, reloading.
2025-05-21 12:40:21,309 INFO C:\Users\Abdo\Desktop\students-manager\student_manager\students\views.py changed, reloading.
2025-05-21 12:40:39,337 INFO C:\Users\Abdo\Desktop\students-manager\student_manager\students\views.py changed, reloading.
2025-05-21 12:41:06,921 INFO C:\Users\Abdo\Desktop\students-manager\student_manager\students\models.py changed, reloading.
2025-05-21 12:41:12,520 INFO C:\Users\Abdo\Desktop\students-manager\student_manager\students\models.py changed, reloading.
2025-05-21 13:01:13,533 INFO C:\Users\Abdo\Desktop\students-manager\student_manager\students\views.py changed, reloading.
2025-05-21 13:03:05,521 INFO C:\Users\Abdo\Desktop\students-manager\student_manager\students\views.py changed, reloading.
2025-05-21 13:03:39,541 INFO C:\Users\Abdo\Desktop\students-manager\student_manager\students\views.py changed, reloading.
2025-05-21 13:04:11,752 INFO C:\Users\Abdo\Desktop\students-manager\student_manager\students\views.py changed, reloading.
2025-05-21 13:04:16,840 INFO C:\Users\Abdo\Desktop\students-manager\student_manager\students\views.py changed, reloading.
2025-05-21 13:04:23,610 INFO C:\Users\Abdo\Desktop\students-manager\student_manager\students\views.py changed, reloading.
2025-05-21 13:04:27,875 INFO C:\Users\Abdo\Desktop\students-manager\student_manager\students\views.py changed, reloading.
2025-05-21 13:04:33,480 INFO C:\Users\Abdo\Desktop\students-manager\student_manager\students\views.py changed, reloading.
2025-05-21 13:04:41,807 INFO C:\Users\Abdo\Desktop\students-manager\student_manager\students\views.py changed, reloading.
2025-05-21 13:04:49,571 INFO C:\Users\Abdo\Desktop\students-manager\student_manager\students\views.py changed, reloading.
2025-05-21 13:04:55,267 INFO C:\Users\Abdo\Desktop\students-manager\student_manager\students\views.py changed, reloading.
2025-05-21 13:05:06,825 INFO C:\Users\Abdo\Desktop\students-manager\student_manager\students\views.py changed, reloading.
2025-05-21 13:05:10,413 INFO C:\Users\Abdo\Desktop\students-manager\student_manager\students\views.py changed, reloading.
2025-05-21 13:05:15,938 INFO C:\Users\Abdo\Desktop\students-manager\student_manager\students\views.py changed, reloading.
2025-05-21 13:05:21,750 INFO C:\Users\Abdo\Desktop\students-manager\student_manager\students\views.py changed, reloading.
2025-05-21 13:05:28,705 INFO C:\Users\Abdo\Desktop\students-manager\student_manager\students\views.py changed, reloading.
2025-05-21 13:05:44,309 INFO C:\Users\Abdo\Desktop\students-manager\student_manager\students\views.py changed, reloading.
2025-05-21 13:05:50,096 INFO C:\Users\Abdo\Desktop\students-manager\student_manager\students\views.py changed, reloading.
2025-05-22 12:34:36,261 INFO C:\Users\Abdo\Desktop\students-manager\student_manager\students\admin.py changed, reloading.
2025-05-22 12:36:03,519 WARNING Not Found: /favicon.ico
2025-05-24 14:45:33,452 WARNING Not Found: /favicon.ico
2025-05-24 19:11:47,108 INFO C:\Users\Abdo\Desktop\students-manager\v2student_manager\students\models.py changed, reloading.
2025-05-24 19:13:20,206 INFO C:\Users\Abdo\Desktop\students-manager\v2student_manager\students\urls.py changed, reloading.
2025-05-24 19:13:54,092 INFO C:\Users\Abdo\Desktop\students-manager\v2student_manager\students\views.py changed, reloading.
2025-05-24 19:16:55,285 INFO C:\Users\Abdo\Desktop\students-manager\v2student_manager\students\views.py changed, reloading.
2025-05-24 19:17:54,337 ERROR Internal Server Error: /dashboard/
Traceback (most recent call last):
  File "C:\Users\Abdo\Desktop\students-manager\Lib\site-packages\django\core\handlers\exception.py", line 55, in inner
    response = get_response(request)
  File "C:\Users\Abdo\Desktop\students-manager\Lib\site-packages\django\core\handlers\base.py", line 197, in _get_response
    response = wrapped_callback(request, *callback_args, **callback_kwargs)
  File "C:\Users\Abdo\Desktop\students-manager\v2student_manager\students\views.py", line 362, in daily_dashboard_view
    return render(request, 'students/daily_dashboard.html', context)
  File "C:\Users\Abdo\Desktop\students-manager\Lib\site-packages\django\shortcuts.py", line 25, in render
    content = loader.render_to_string(template_name, context, request, using=using)
  File "C:\Users\Abdo\Desktop\students-manager\Lib\site-packages\django\template\loader.py", line 61, in render_to_string
    template = get_template(template_name, using=using)
  File "C:\Users\Abdo\Desktop\students-manager\Lib\site-packages\django\template\loader.py", line 19, in get_template
    raise TemplateDoesNotExist(template_name, chain=chain)
django.template.exceptions.TemplateDoesNotExist: students/daily_dashboard.html
2025-05-24 19:17:54,977 WARNING Not Found: /favicon.ico
2025-05-24 19:20:17,291 INFO C:\Users\Abdo\Desktop\students-manager\v2student_manager\students\views.py changed, reloading.
2025-05-24 19:20:43,726 INFO C:\Users\Abdo\Desktop\students-manager\v2student_manager\students\views.py changed, reloading.
2025-05-24 19:21:11,877 INFO C:\Users\Abdo\Desktop\students-manager\v2student_manager\students\urls.py changed, reloading.
2025-05-24 19:22:41,511 ERROR Internal Server Error: /historical-insights/
Traceback (most recent call last):
  File "C:\Users\Abdo\Desktop\students-manager\Lib\site-packages\django\template\smartif.py", line 180, in translate_token
    op = OPERATORS[token]
         ~~~~~~~~~^^^^^^^
KeyError: '(revenue_trends_monthly'

During handling of the above exception, another exception occurred:

Traceback (most recent call last):
  File "C:\Users\Abdo\Desktop\students-manager\Lib\site-packages\django\core\handlers\exception.py", line 55, in inner
    response = get_response(request)
  File "C:\Users\Abdo\Desktop\students-manager\Lib\site-packages\django\core\handlers\base.py", line 197, in _get_response
    response = wrapped_callback(request, *callback_args, **callback_kwargs)
  File "C:\Users\Abdo\Desktop\students-manager\v2student_manager\students\views.py", line 467, in historical_insights_view
    return render(request, 'students/historical_insights.html', context)
  File "C:\Users\Abdo\Desktop\students-manager\Lib\site-packages\django\shortcuts.py", line 25, in render
    content = loader.render_to_string(template_name, context, request, using=using)
  File "C:\Users\Abdo\Desktop\students-manager\Lib\site-packages\django\template\loader.py", line 61, in render_to_string
    template = get_template(template_name, using=using)
  File "C:\Users\Abdo\Desktop\students-manager\Lib\site-packages\django\template\loader.py", line 15, in get_template
    return engine.get_template(template_name)
           ~~~~~~~~~~~~~~~~~~~^^^^^^^^^^^^^^^
  File "C:\Users\Abdo\Desktop\students-manager\Lib\site-packages\django\template\backends\django.py", line 79, in get_template
    return Template(self.engine.get_template(template_name), self)
                    ~~~~~~~~~~~~~~~~~~~~~~~~^^^^^^^^^^^^^^^
  File "C:\Users\Abdo\Desktop\students-manager\Lib\site-packages\django\template\engine.py", line 177, in get_template
    template, origin = self.find_template(template_name)
                       ~~~~~~~~~~~~~~~~~~^^^^^^^^^^^^^^^
  File "C:\Users\Abdo\Desktop\students-manager\Lib\site-packages\django\template\engine.py", line 159, in find_template
    template = loader.get_template(name, skip=skip)
  File "C:\Users\Abdo\Desktop\students-manager\Lib\site-packages\django\template\loaders\cached.py", line 57, in get_template
    template = super().get_template(template_name, skip)
  File "C:\Users\Abdo\Desktop\students-manager\Lib\site-packages\django\template\loaders\base.py", line 28, in get_template
    return Template(
        contents,
    ...<2 lines>...
        self.engine,
    )
  File "C:\Users\Abdo\Desktop\students-manager\Lib\site-packages\django\template\base.py", line 154, in __init__
    self.nodelist = self.compile_nodelist()
                    ~~~~~~~~~~~~~~~~~~~~~^^
  File "C:\Users\Abdo\Desktop\students-manager\Lib\site-packages\django\template\base.py", line 196, in compile_nodelist
    nodelist = parser.parse()
  File "C:\Users\Abdo\Desktop\students-manager\Lib\site-packages\django\template\base.py", line 518, in parse
    raise self.error(token, e)
  File "C:\Users\Abdo\Desktop\students-manager\Lib\site-packages\django\template\base.py", line 516, in parse
    compiled_result = compile_func(self, token)
  File "C:\Users\Abdo\Desktop\students-manager\Lib\site-packages\django\template\defaulttags.py", line 961, in do_if
    condition = TemplateIfParser(parser, bits).parse()
                ~~~~~~~~~~~~~~~~^^^^^^^^^^^^^^
  File "C:\Users\Abdo\Desktop\students-manager\Lib\site-packages\django\template\defaulttags.py", line 894, in __init__
    super().__init__(*args, **kwargs)
    ~~~~~~~~~~~~~~~~^^^^^^^^^^^^^^^^^
  File "C:\Users\Abdo\Desktop\students-manager\Lib\site-packages\django\template\smartif.py", line 171, in __init__
    mapped_tokens.append(self.translate_token(token))
                         ~~~~~~~~~~~~~~~~~~~~^^^^^^^
  File "C:\Users\Abdo\Desktop\students-manager\Lib\site-packages\django\template\smartif.py", line 182, in translate_token
    return self.create_var(token)
           ~~~~~~~~~~~~~~~^^^^^^^
  File "C:\Users\Abdo\Desktop\students-manager\Lib\site-packages\django\template\defaulttags.py", line 897, in create_var
    return TemplateLiteral(self.template_parser.compile_filter(value), value)
                           ~~~~~~~~~~~~~~~~~~~~~~~~~~~~~~~~~~~^^^^^^^
  File "C:\Users\Abdo\Desktop\students-manager\Lib\site-packages\django\template\base.py", line 609, in compile_filter
    return FilterExpression(token, self)
  File "C:\Users\Abdo\Desktop\students-manager\Lib\site-packages\django\template\base.py", line 710, in __init__
    raise TemplateSyntaxError(
    ...<2 lines>...
    )
django.template.exceptions.TemplateSyntaxError: Could not parse the remainder: '(revenue_trends_monthly' from '(revenue_trends_monthly'
2025-05-24 19:26:42,894 ERROR Internal Server Error: /historical-insights/
Traceback (most recent call last):
  File "C:\Users\Abdo\Desktop\students-manager\Lib\site-packages\django\template\smartif.py", line 180, in translate_token
    op = OPERATORS[token]
         ~~~~~~~~~^^^^^^^
KeyError: '(revenue_trends_monthly'

During handling of the above exception, another exception occurred:

Traceback (most recent call last):
  File "C:\Users\Abdo\Desktop\students-manager\Lib\site-packages\django\core\handlers\exception.py", line 55, in inner
    response = get_response(request)
  File "C:\Users\Abdo\Desktop\students-manager\Lib\site-packages\django\core\handlers\base.py", line 197, in _get_response
    response = wrapped_callback(request, *callback_args, **callback_kwargs)
  File "C:\Users\Abdo\Desktop\students-manager\v2student_manager\students\views.py", line 467, in historical_insights_view
    return render(request, 'students/historical_insights.html', context)
  File "C:\Users\Abdo\Desktop\students-manager\Lib\site-packages\django\shortcuts.py", line 25, in render
    content = loader.render_to_string(template_name, context, request, using=using)
  File "C:\Users\Abdo\Desktop\students-manager\Lib\site-packages\django\template\loader.py", line 61, in render_to_string
    template = get_template(template_name, using=using)
  File "C:\Users\Abdo\Desktop\students-manager\Lib\site-packages\django\template\loader.py", line 15, in get_template
    return engine.get_template(template_name)
           ~~~~~~~~~~~~~~~~~~~^^^^^^^^^^^^^^^
  File "C:\Users\Abdo\Desktop\students-manager\Lib\site-packages\django\template\backends\django.py", line 79, in get_template
    return Template(self.engine.get_template(template_name), self)
                    ~~~~~~~~~~~~~~~~~~~~~~~~^^^^^^^^^^^^^^^
  File "C:\Users\Abdo\Desktop\students-manager\Lib\site-packages\django\template\engine.py", line 177, in get_template
    template, origin = self.find_template(template_name)
                       ~~~~~~~~~~~~~~~~~~^^^^^^^^^^^^^^^
  File "C:\Users\Abdo\Desktop\students-manager\Lib\site-packages\django\template\engine.py", line 159, in find_template
    template = loader.get_template(name, skip=skip)
  File "C:\Users\Abdo\Desktop\students-manager\Lib\site-packages\django\template\loaders\cached.py", line 57, in get_template
    template = super().get_template(template_name, skip)
  File "C:\Users\Abdo\Desktop\students-manager\Lib\site-packages\django\template\loaders\base.py", line 28, in get_template
    return Template(
        contents,
    ...<2 lines>...
        self.engine,
    )
  File "C:\Users\Abdo\Desktop\students-manager\Lib\site-packages\django\template\base.py", line 154, in __init__
    self.nodelist = self.compile_nodelist()
                    ~~~~~~~~~~~~~~~~~~~~~^^
  File "C:\Users\Abdo\Desktop\students-manager\Lib\site-packages\django\template\base.py", line 196, in compile_nodelist
    nodelist = parser.parse()
  File "C:\Users\Abdo\Desktop\students-manager\Lib\site-packages\django\template\base.py", line 518, in parse
    raise self.error(token, e)
  File "C:\Users\Abdo\Desktop\students-manager\Lib\site-packages\django\template\base.py", line 516, in parse
    compiled_result = compile_func(self, token)
  File "C:\Users\Abdo\Desktop\students-manager\Lib\site-packages\django\template\defaulttags.py", line 961, in do_if
    condition = TemplateIfParser(parser, bits).parse()
                ~~~~~~~~~~~~~~~~^^^^^^^^^^^^^^
  File "C:\Users\Abdo\Desktop\students-manager\Lib\site-packages\django\template\defaulttags.py", line 894, in __init__
    super().__init__(*args, **kwargs)
    ~~~~~~~~~~~~~~~~^^^^^^^^^^^^^^^^^
  File "C:\Users\Abdo\Desktop\students-manager\Lib\site-packages\django\template\smartif.py", line 171, in __init__
    mapped_tokens.append(self.translate_token(token))
                         ~~~~~~~~~~~~~~~~~~~~^^^^^^^
  File "C:\Users\Abdo\Desktop\students-manager\Lib\site-packages\django\template\smartif.py", line 182, in translate_token
    return self.create_var(token)
           ~~~~~~~~~~~~~~~^^^^^^^
  File "C:\Users\Abdo\Desktop\students-manager\Lib\site-packages\django\template\defaulttags.py", line 897, in create_var
    return TemplateLiteral(self.template_parser.compile_filter(value), value)
                           ~~~~~~~~~~~~~~~~~~~~~~~~~~~~~~~~~~~^^^^^^^
  File "C:\Users\Abdo\Desktop\students-manager\Lib\site-packages\django\template\base.py", line 609, in compile_filter
    return FilterExpression(token, self)
  File "C:\Users\Abdo\Desktop\students-manager\Lib\site-packages\django\template\base.py", line 710, in __init__
    raise TemplateSyntaxError(
    ...<2 lines>...
    )
django.template.exceptions.TemplateSyntaxError: Could not parse the remainder: '(revenue_trends_monthly' from '(revenue_trends_monthly'
2025-05-24 19:26:45,510 ERROR Internal Server Error: /historical-insights/
Traceback (most recent call last):
  File "C:\Users\Abdo\Desktop\students-manager\Lib\site-packages\django\template\smartif.py", line 180, in translate_token
    op = OPERATORS[token]
         ~~~~~~~~~^^^^^^^
KeyError: '(revenue_trends_monthly'

During handling of the above exception, another exception occurred:

Traceback (most recent call last):
  File "C:\Users\Abdo\Desktop\students-manager\Lib\site-packages\django\core\handlers\exception.py", line 55, in inner
    response = get_response(request)
  File "C:\Users\Abdo\Desktop\students-manager\Lib\site-packages\django\core\handlers\base.py", line 197, in _get_response
    response = wrapped_callback(request, *callback_args, **callback_kwargs)
  File "C:\Users\Abdo\Desktop\students-manager\v2student_manager\students\views.py", line 467, in historical_insights_view
    return render(request, 'students/historical_insights.html', context)
  File "C:\Users\Abdo\Desktop\students-manager\Lib\site-packages\django\shortcuts.py", line 25, in render
    content = loader.render_to_string(template_name, context, request, using=using)
  File "C:\Users\Abdo\Desktop\students-manager\Lib\site-packages\django\template\loader.py", line 61, in render_to_string
    template = get_template(template_name, using=using)
  File "C:\Users\Abdo\Desktop\students-manager\Lib\site-packages\django\template\loader.py", line 15, in get_template
    return engine.get_template(template_name)
           ~~~~~~~~~~~~~~~~~~~^^^^^^^^^^^^^^^
  File "C:\Users\Abdo\Desktop\students-manager\Lib\site-packages\django\template\backends\django.py", line 79, in get_template
    return Template(self.engine.get_template(template_name), self)
                    ~~~~~~~~~~~~~~~~~~~~~~~~^^^^^^^^^^^^^^^
  File "C:\Users\Abdo\Desktop\students-manager\Lib\site-packages\django\template\engine.py", line 177, in get_template
    template, origin = self.find_template(template_name)
                       ~~~~~~~~~~~~~~~~~~^^^^^^^^^^^^^^^
  File "C:\Users\Abdo\Desktop\students-manager\Lib\site-packages\django\template\engine.py", line 159, in find_template
    template = loader.get_template(name, skip=skip)
  File "C:\Users\Abdo\Desktop\students-manager\Lib\site-packages\django\template\loaders\cached.py", line 57, in get_template
    template = super().get_template(template_name, skip)
  File "C:\Users\Abdo\Desktop\students-manager\Lib\site-packages\django\template\loaders\base.py", line 28, in get_template
    return Template(
        contents,
    ...<2 lines>...
        self.engine,
    )
  File "C:\Users\Abdo\Desktop\students-manager\Lib\site-packages\django\template\base.py", line 154, in __init__
    self.nodelist = self.compile_nodelist()
                    ~~~~~~~~~~~~~~~~~~~~~^^
  File "C:\Users\Abdo\Desktop\students-manager\Lib\site-packages\django\template\base.py", line 196, in compile_nodelist
    nodelist = parser.parse()
  File "C:\Users\Abdo\Desktop\students-manager\Lib\site-packages\django\template\base.py", line 518, in parse
    raise self.error(token, e)
  File "C:\Users\Abdo\Desktop\students-manager\Lib\site-packages\django\template\base.py", line 516, in parse
    compiled_result = compile_func(self, token)
  File "C:\Users\Abdo\Desktop\students-manager\Lib\site-packages\django\template\defaulttags.py", line 961, in do_if
    condition = TemplateIfParser(parser, bits).parse()
                ~~~~~~~~~~~~~~~~^^^^^^^^^^^^^^
  File "C:\Users\Abdo\Desktop\students-manager\Lib\site-packages\django\template\defaulttags.py", line 894, in __init__
    super().__init__(*args, **kwargs)
    ~~~~~~~~~~~~~~~~^^^^^^^^^^^^^^^^^
  File "C:\Users\Abdo\Desktop\students-manager\Lib\site-packages\django\template\smartif.py", line 171, in __init__
    mapped_tokens.append(self.translate_token(token))
                         ~~~~~~~~~~~~~~~~~~~~^^^^^^^
  File "C:\Users\Abdo\Desktop\students-manager\Lib\site-packages\django\template\smartif.py", line 182, in translate_token
    return self.create_var(token)
           ~~~~~~~~~~~~~~~^^^^^^^
  File "C:\Users\Abdo\Desktop\students-manager\Lib\site-packages\django\template\defaulttags.py", line 897, in create_var
    return TemplateLiteral(self.template_parser.compile_filter(value), value)
                           ~~~~~~~~~~~~~~~~~~~~~~~~~~~~~~~~~~~^^^^^^^
  File "C:\Users\Abdo\Desktop\students-manager\Lib\site-packages\django\template\base.py", line 609, in compile_filter
    return FilterExpression(token, self)
  File "C:\Users\Abdo\Desktop\students-manager\Lib\site-packages\django\template\base.py", line 710, in __init__
    raise TemplateSyntaxError(
    ...<2 lines>...
    )
django.template.exceptions.TemplateSyntaxError: Could not parse the remainder: '(revenue_trends_monthly' from '(revenue_trends_monthly'
2025-05-24 19:26:45,849 ERROR Internal Server Error: /historical-insights/
Traceback (most recent call last):
  File "C:\Users\Abdo\Desktop\students-manager\Lib\site-packages\django\template\smartif.py", line 180, in translate_token
    op = OPERATORS[token]
         ~~~~~~~~~^^^^^^^
KeyError: '(revenue_trends_monthly'

During handling of the above exception, another exception occurred:

Traceback (most recent call last):
  File "C:\Users\Abdo\Desktop\students-manager\Lib\site-packages\django\core\handlers\exception.py", line 55, in inner
    response = get_response(request)
  File "C:\Users\Abdo\Desktop\students-manager\Lib\site-packages\django\core\handlers\base.py", line 197, in _get_response
    response = wrapped_callback(request, *callback_args, **callback_kwargs)
  File "C:\Users\Abdo\Desktop\students-manager\v2student_manager\students\views.py", line 467, in historical_insights_view
    return render(request, 'students/historical_insights.html', context)
  File "C:\Users\Abdo\Desktop\students-manager\Lib\site-packages\django\shortcuts.py", line 25, in render
    content = loader.render_to_string(template_name, context, request, using=using)
  File "C:\Users\Abdo\Desktop\students-manager\Lib\site-packages\django\template\loader.py", line 61, in render_to_string
    template = get_template(template_name, using=using)
  File "C:\Users\Abdo\Desktop\students-manager\Lib\site-packages\django\template\loader.py", line 15, in get_template
    return engine.get_template(template_name)
           ~~~~~~~~~~~~~~~~~~~^^^^^^^^^^^^^^^
  File "C:\Users\Abdo\Desktop\students-manager\Lib\site-packages\django\template\backends\django.py", line 79, in get_template
    return Template(self.engine.get_template(template_name), self)
                    ~~~~~~~~~~~~~~~~~~~~~~~~^^^^^^^^^^^^^^^
  File "C:\Users\Abdo\Desktop\students-manager\Lib\site-packages\django\template\engine.py", line 177, in get_template
    template, origin = self.find_template(template_name)
                       ~~~~~~~~~~~~~~~~~~^^^^^^^^^^^^^^^
  File "C:\Users\Abdo\Desktop\students-manager\Lib\site-packages\django\template\engine.py", line 159, in find_template
    template = loader.get_template(name, skip=skip)
  File "C:\Users\Abdo\Desktop\students-manager\Lib\site-packages\django\template\loaders\cached.py", line 57, in get_template
    template = super().get_template(template_name, skip)
  File "C:\Users\Abdo\Desktop\students-manager\Lib\site-packages\django\template\loaders\base.py", line 28, in get_template
    return Template(
        contents,
    ...<2 lines>...
        self.engine,
    )
  File "C:\Users\Abdo\Desktop\students-manager\Lib\site-packages\django\template\base.py", line 154, in __init__
    self.nodelist = self.compile_nodelist()
                    ~~~~~~~~~~~~~~~~~~~~~^^
  File "C:\Users\Abdo\Desktop\students-manager\Lib\site-packages\django\template\base.py", line 196, in compile_nodelist
    nodelist = parser.parse()
  File "C:\Users\Abdo\Desktop\students-manager\Lib\site-packages\django\template\base.py", line 518, in parse
    raise self.error(token, e)
  File "C:\Users\Abdo\Desktop\students-manager\Lib\site-packages\django\template\base.py", line 516, in parse
    compiled_result = compile_func(self, token)
  File "C:\Users\Abdo\Desktop\students-manager\Lib\site-packages\django\template\defaulttags.py", line 961, in do_if
    condition = TemplateIfParser(parser, bits).parse()
                ~~~~~~~~~~~~~~~~^^^^^^^^^^^^^^
  File "C:\Users\Abdo\Desktop\students-manager\Lib\site-packages\django\template\defaulttags.py", line 894, in __init__
    super().__init__(*args, **kwargs)
    ~~~~~~~~~~~~~~~~^^^^^^^^^^^^^^^^^
  File "C:\Users\Abdo\Desktop\students-manager\Lib\site-packages\django\template\smartif.py", line 171, in __init__
    mapped_tokens.append(self.translate_token(token))
                         ~~~~~~~~~~~~~~~~~~~~^^^^^^^
  File "C:\Users\Abdo\Desktop\students-manager\Lib\site-packages\django\template\smartif.py", line 182, in translate_token
    return self.create_var(token)
           ~~~~~~~~~~~~~~~^^^^^^^
  File "C:\Users\Abdo\Desktop\students-manager\Lib\site-packages\django\template\defaulttags.py", line 897, in create_var
    return TemplateLiteral(self.template_parser.compile_filter(value), value)
                           ~~~~~~~~~~~~~~~~~~~~~~~~~~~~~~~~~~~^^^^^^^
  File "C:\Users\Abdo\Desktop\students-manager\Lib\site-packages\django\template\base.py", line 609, in compile_filter
    return FilterExpression(token, self)
  File "C:\Users\Abdo\Desktop\students-manager\Lib\site-packages\django\template\base.py", line 710, in __init__
    raise TemplateSyntaxError(
    ...<2 lines>...
    )
django.template.exceptions.TemplateSyntaxError: Could not parse the remainder: '(revenue_trends_monthly' from '(revenue_trends_monthly'
2025-05-24 19:26:46,609 ERROR Internal Server Error: /historical-insights/
Traceback (most recent call last):
  File "C:\Users\Abdo\Desktop\students-manager\Lib\site-packages\django\template\smartif.py", line 180, in translate_token
    op = OPERATORS[token]
         ~~~~~~~~~^^^^^^^
KeyError: '(revenue_trends_monthly'

During handling of the above exception, another exception occurred:

Traceback (most recent call last):
  File "C:\Users\Abdo\Desktop\students-manager\Lib\site-packages\django\core\handlers\exception.py", line 55, in inner
    response = get_response(request)
  File "C:\Users\Abdo\Desktop\students-manager\Lib\site-packages\django\core\handlers\base.py", line 197, in _get_response
    response = wrapped_callback(request, *callback_args, **callback_kwargs)
  File "C:\Users\Abdo\Desktop\students-manager\v2student_manager\students\views.py", line 467, in historical_insights_view
    return render(request, 'students/historical_insights.html', context)
  File "C:\Users\Abdo\Desktop\students-manager\Lib\site-packages\django\shortcuts.py", line 25, in render
    content = loader.render_to_string(template_name, context, request, using=using)
  File "C:\Users\Abdo\Desktop\students-manager\Lib\site-packages\django\template\loader.py", line 61, in render_to_string
    template = get_template(template_name, using=using)
  File "C:\Users\Abdo\Desktop\students-manager\Lib\site-packages\django\template\loader.py", line 15, in get_template
    return engine.get_template(template_name)
           ~~~~~~~~~~~~~~~~~~~^^^^^^^^^^^^^^^
  File "C:\Users\Abdo\Desktop\students-manager\Lib\site-packages\django\template\backends\django.py", line 79, in get_template
    return Template(self.engine.get_template(template_name), self)
                    ~~~~~~~~~~~~~~~~~~~~~~~~^^^^^^^^^^^^^^^
  File "C:\Users\Abdo\Desktop\students-manager\Lib\site-packages\django\template\engine.py", line 177, in get_template
    template, origin = self.find_template(template_name)
                       ~~~~~~~~~~~~~~~~~~^^^^^^^^^^^^^^^
  File "C:\Users\Abdo\Desktop\students-manager\Lib\site-packages\django\template\engine.py", line 159, in find_template
    template = loader.get_template(name, skip=skip)
  File "C:\Users\Abdo\Desktop\students-manager\Lib\site-packages\django\template\loaders\cached.py", line 57, in get_template
    template = super().get_template(template_name, skip)
  File "C:\Users\Abdo\Desktop\students-manager\Lib\site-packages\django\template\loaders\base.py", line 28, in get_template
    return Template(
        contents,
    ...<2 lines>...
        self.engine,
    )
  File "C:\Users\Abdo\Desktop\students-manager\Lib\site-packages\django\template\base.py", line 154, in __init__
    self.nodelist = self.compile_nodelist()
                    ~~~~~~~~~~~~~~~~~~~~~^^
  File "C:\Users\Abdo\Desktop\students-manager\Lib\site-packages\django\template\base.py", line 196, in compile_nodelist
    nodelist = parser.parse()
  File "C:\Users\Abdo\Desktop\students-manager\Lib\site-packages\django\template\base.py", line 518, in parse
    raise self.error(token, e)
  File "C:\Users\Abdo\Desktop\students-manager\Lib\site-packages\django\template\base.py", line 516, in parse
    compiled_result = compile_func(self, token)
  File "C:\Users\Abdo\Desktop\students-manager\Lib\site-packages\django\template\defaulttags.py", line 961, in do_if
    condition = TemplateIfParser(parser, bits).parse()
                ~~~~~~~~~~~~~~~~^^^^^^^^^^^^^^
  File "C:\Users\Abdo\Desktop\students-manager\Lib\site-packages\django\template\defaulttags.py", line 894, in __init__
    super().__init__(*args, **kwargs)
    ~~~~~~~~~~~~~~~~^^^^^^^^^^^^^^^^^
  File "C:\Users\Abdo\Desktop\students-manager\Lib\site-packages\django\template\smartif.py", line 171, in __init__
    mapped_tokens.append(self.translate_token(token))
                         ~~~~~~~~~~~~~~~~~~~~^^^^^^^
  File "C:\Users\Abdo\Desktop\students-manager\Lib\site-packages\django\template\smartif.py", line 182, in translate_token
    return self.create_var(token)
           ~~~~~~~~~~~~~~~^^^^^^^
  File "C:\Users\Abdo\Desktop\students-manager\Lib\site-packages\django\template\defaulttags.py", line 897, in create_var
    return TemplateLiteral(self.template_parser.compile_filter(value), value)
                           ~~~~~~~~~~~~~~~~~~~~~~~~~~~~~~~~~~~^^^^^^^
  File "C:\Users\Abdo\Desktop\students-manager\Lib\site-packages\django\template\base.py", line 609, in compile_filter
    return FilterExpression(token, self)
  File "C:\Users\Abdo\Desktop\students-manager\Lib\site-packages\django\template\base.py", line 710, in __init__
    raise TemplateSyntaxError(
    ...<2 lines>...
    )
django.template.exceptions.TemplateSyntaxError: Could not parse the remainder: '(revenue_trends_monthly' from '(revenue_trends_monthly'
2025-05-24 19:28:21,322 ERROR Internal Server Error: /historical-insights/
Traceback (most recent call last):
  File "C:\Users\Abdo\Desktop\students-manager\Lib\site-packages\django\template\smartif.py", line 180, in translate_token
    op = OPERATORS[token]
         ~~~~~~~~~^^^^^^^
KeyError: '(revenue_trends_monthly'

During handling of the above exception, another exception occurred:

Traceback (most recent call last):
  File "C:\Users\Abdo\Desktop\students-manager\Lib\site-packages\django\core\handlers\exception.py", line 55, in inner
    response = get_response(request)
  File "C:\Users\Abdo\Desktop\students-manager\Lib\site-packages\django\core\handlers\base.py", line 197, in _get_response
    response = wrapped_callback(request, *callback_args, **callback_kwargs)
  File "C:\Users\Abdo\Desktop\students-manager\v2student_manager\students\views.py", line 467, in historical_insights_view
    return render(request, 'students/historical_insights.html', context)
  File "C:\Users\Abdo\Desktop\students-manager\Lib\site-packages\django\shortcuts.py", line 25, in render
    content = loader.render_to_string(template_name, context, request, using=using)
  File "C:\Users\Abdo\Desktop\students-manager\Lib\site-packages\django\template\loader.py", line 61, in render_to_string
    template = get_template(template_name, using=using)
  File "C:\Users\Abdo\Desktop\students-manager\Lib\site-packages\django\template\loader.py", line 15, in get_template
    return engine.get_template(template_name)
           ~~~~~~~~~~~~~~~~~~~^^^^^^^^^^^^^^^
  File "C:\Users\Abdo\Desktop\students-manager\Lib\site-packages\django\template\backends\django.py", line 79, in get_template
    return Template(self.engine.get_template(template_name), self)
                    ~~~~~~~~~~~~~~~~~~~~~~~~^^^^^^^^^^^^^^^
  File "C:\Users\Abdo\Desktop\students-manager\Lib\site-packages\django\template\engine.py", line 177, in get_template
    template, origin = self.find_template(template_name)
                       ~~~~~~~~~~~~~~~~~~^^^^^^^^^^^^^^^
  File "C:\Users\Abdo\Desktop\students-manager\Lib\site-packages\django\template\engine.py", line 159, in find_template
    template = loader.get_template(name, skip=skip)
  File "C:\Users\Abdo\Desktop\students-manager\Lib\site-packages\django\template\loaders\cached.py", line 57, in get_template
    template = super().get_template(template_name, skip)
  File "C:\Users\Abdo\Desktop\students-manager\Lib\site-packages\django\template\loaders\base.py", line 28, in get_template
    return Template(
        contents,
    ...<2 lines>...
        self.engine,
    )
  File "C:\Users\Abdo\Desktop\students-manager\Lib\site-packages\django\template\base.py", line 154, in __init__
    self.nodelist = self.compile_nodelist()
                    ~~~~~~~~~~~~~~~~~~~~~^^
  File "C:\Users\Abdo\Desktop\students-manager\Lib\site-packages\django\template\base.py", line 196, in compile_nodelist
    nodelist = parser.parse()
  File "C:\Users\Abdo\Desktop\students-manager\Lib\site-packages\django\template\base.py", line 518, in parse
    raise self.error(token, e)
  File "C:\Users\Abdo\Desktop\students-manager\Lib\site-packages\django\template\base.py", line 516, in parse
    compiled_result = compile_func(self, token)
  File "C:\Users\Abdo\Desktop\students-manager\Lib\site-packages\django\template\defaulttags.py", line 961, in do_if
    condition = TemplateIfParser(parser, bits).parse()
                ~~~~~~~~~~~~~~~~^^^^^^^^^^^^^^
  File "C:\Users\Abdo\Desktop\students-manager\Lib\site-packages\django\template\defaulttags.py", line 894, in __init__
    super().__init__(*args, **kwargs)
    ~~~~~~~~~~~~~~~~^^^^^^^^^^^^^^^^^
  File "C:\Users\Abdo\Desktop\students-manager\Lib\site-packages\django\template\smartif.py", line 171, in __init__
    mapped_tokens.append(self.translate_token(token))
                         ~~~~~~~~~~~~~~~~~~~~^^^^^^^
  File "C:\Users\Abdo\Desktop\students-manager\Lib\site-packages\django\template\smartif.py", line 182, in translate_token
    return self.create_var(token)
           ~~~~~~~~~~~~~~~^^^^^^^
  File "C:\Users\Abdo\Desktop\students-manager\Lib\site-packages\django\template\defaulttags.py", line 897, in create_var
    return TemplateLiteral(self.template_parser.compile_filter(value), value)
                           ~~~~~~~~~~~~~~~~~~~~~~~~~~~~~~~~~~~^^^^^^^
  File "C:\Users\Abdo\Desktop\students-manager\Lib\site-packages\django\template\base.py", line 609, in compile_filter
    return FilterExpression(token, self)
  File "C:\Users\Abdo\Desktop\students-manager\Lib\site-packages\django\template\base.py", line 710, in __init__
    raise TemplateSyntaxError(
    ...<2 lines>...
    )
django.template.exceptions.TemplateSyntaxError: Could not parse the remainder: '(revenue_trends_monthly' from '(revenue_trends_monthly'
2025-05-24 19:28:22,367 ERROR Internal Server Error: /historical-insights/
Traceback (most recent call last):
  File "C:\Users\Abdo\Desktop\students-manager\Lib\site-packages\django\template\smartif.py", line 180, in translate_token
    op = OPERATORS[token]
         ~~~~~~~~~^^^^^^^
KeyError: '(revenue_trends_monthly'

During handling of the above exception, another exception occurred:

Traceback (most recent call last):
  File "C:\Users\Abdo\Desktop\students-manager\Lib\site-packages\django\core\handlers\exception.py", line 55, in inner
    response = get_response(request)
  File "C:\Users\Abdo\Desktop\students-manager\Lib\site-packages\django\core\handlers\base.py", line 197, in _get_response
    response = wrapped_callback(request, *callback_args, **callback_kwargs)
  File "C:\Users\Abdo\Desktop\students-manager\v2student_manager\students\views.py", line 467, in historical_insights_view
    return render(request, 'students/historical_insights.html', context)
  File "C:\Users\Abdo\Desktop\students-manager\Lib\site-packages\django\shortcuts.py", line 25, in render
    content = loader.render_to_string(template_name, context, request, using=using)
  File "C:\Users\Abdo\Desktop\students-manager\Lib\site-packages\django\template\loader.py", line 61, in render_to_string
    template = get_template(template_name, using=using)
  File "C:\Users\Abdo\Desktop\students-manager\Lib\site-packages\django\template\loader.py", line 15, in get_template
    return engine.get_template(template_name)
           ~~~~~~~~~~~~~~~~~~~^^^^^^^^^^^^^^^
  File "C:\Users\Abdo\Desktop\students-manager\Lib\site-packages\django\template\backends\django.py", line 79, in get_template
    return Template(self.engine.get_template(template_name), self)
                    ~~~~~~~~~~~~~~~~~~~~~~~~^^^^^^^^^^^^^^^
  File "C:\Users\Abdo\Desktop\students-manager\Lib\site-packages\django\template\engine.py", line 177, in get_template
    template, origin = self.find_template(template_name)
                       ~~~~~~~~~~~~~~~~~~^^^^^^^^^^^^^^^
  File "C:\Users\Abdo\Desktop\students-manager\Lib\site-packages\django\template\engine.py", line 159, in find_template
    template = loader.get_template(name, skip=skip)
  File "C:\Users\Abdo\Desktop\students-manager\Lib\site-packages\django\template\loaders\cached.py", line 57, in get_template
    template = super().get_template(template_name, skip)
  File "C:\Users\Abdo\Desktop\students-manager\Lib\site-packages\django\template\loaders\base.py", line 28, in get_template
    return Template(
        contents,
    ...<2 lines>...
        self.engine,
    )
  File "C:\Users\Abdo\Desktop\students-manager\Lib\site-packages\django\template\base.py", line 154, in __init__
    self.nodelist = self.compile_nodelist()
                    ~~~~~~~~~~~~~~~~~~~~~^^
  File "C:\Users\Abdo\Desktop\students-manager\Lib\site-packages\django\template\base.py", line 196, in compile_nodelist
    nodelist = parser.parse()
  File "C:\Users\Abdo\Desktop\students-manager\Lib\site-packages\django\template\base.py", line 518, in parse
    raise self.error(token, e)
  File "C:\Users\Abdo\Desktop\students-manager\Lib\site-packages\django\template\base.py", line 516, in parse
    compiled_result = compile_func(self, token)
  File "C:\Users\Abdo\Desktop\students-manager\Lib\site-packages\django\template\defaulttags.py", line 961, in do_if
    condition = TemplateIfParser(parser, bits).parse()
                ~~~~~~~~~~~~~~~~^^^^^^^^^^^^^^
  File "C:\Users\Abdo\Desktop\students-manager\Lib\site-packages\django\template\defaulttags.py", line 894, in __init__
    super().__init__(*args, **kwargs)
    ~~~~~~~~~~~~~~~~^^^^^^^^^^^^^^^^^
  File "C:\Users\Abdo\Desktop\students-manager\Lib\site-packages\django\template\smartif.py", line 171, in __init__
    mapped_tokens.append(self.translate_token(token))
                         ~~~~~~~~~~~~~~~~~~~~^^^^^^^
  File "C:\Users\Abdo\Desktop\students-manager\Lib\site-packages\django\template\smartif.py", line 182, in translate_token
    return self.create_var(token)
           ~~~~~~~~~~~~~~~^^^^^^^
  File "C:\Users\Abdo\Desktop\students-manager\Lib\site-packages\django\template\defaulttags.py", line 897, in create_var
    return TemplateLiteral(self.template_parser.compile_filter(value), value)
                           ~~~~~~~~~~~~~~~~~~~~~~~~~~~~~~~~~~~^^^^^^^
  File "C:\Users\Abdo\Desktop\students-manager\Lib\site-packages\django\template\base.py", line 609, in compile_filter
    return FilterExpression(token, self)
  File "C:\Users\Abdo\Desktop\students-manager\Lib\site-packages\django\template\base.py", line 710, in __init__
    raise TemplateSyntaxError(
    ...<2 lines>...
    )
django.template.exceptions.TemplateSyntaxError: Could not parse the remainder: '(revenue_trends_monthly' from '(revenue_trends_monthly'
2025-05-24 19:30:21,558 INFO C:\Users\Abdo\Desktop\students-manager\v2student_manager\students\views.py changed, reloading.
2025-05-24 19:30:24,306 ERROR Internal Server Error: /historical-insights/
Traceback (most recent call last):
  File "C:\Users\Abdo\Desktop\students-manager\Lib\site-packages\django\template\smartif.py", line 180, in translate_token
    op = OPERATORS[token]
         ~~~~~~~~~^^^^^^^
KeyError: '(revenue_trends_monthly'

During handling of the above exception, another exception occurred:

Traceback (most recent call last):
  File "C:\Users\Abdo\Desktop\students-manager\Lib\site-packages\django\core\handlers\exception.py", line 55, in inner
    response = get_response(request)
  File "C:\Users\Abdo\Desktop\students-manager\Lib\site-packages\django\core\handlers\base.py", line 197, in _get_response
    response = wrapped_callback(request, *callback_args, **callback_kwargs)
  File "C:\Users\Abdo\Desktop\students-manager\v2student_manager\students\views.py", line 468, in historical_insights_view
    return render(request, 'students/historical_insights.html', context)
  File "C:\Users\Abdo\Desktop\students-manager\Lib\site-packages\django\shortcuts.py", line 25, in render
    content = loader.render_to_string(template_name, context, request, using=using)
  File "C:\Users\Abdo\Desktop\students-manager\Lib\site-packages\django\template\loader.py", line 61, in render_to_string
    template = get_template(template_name, using=using)
  File "C:\Users\Abdo\Desktop\students-manager\Lib\site-packages\django\template\loader.py", line 15, in get_template
    return engine.get_template(template_name)
           ~~~~~~~~~~~~~~~~~~~^^^^^^^^^^^^^^^
  File "C:\Users\Abdo\Desktop\students-manager\Lib\site-packages\django\template\backends\django.py", line 79, in get_template
    return Template(self.engine.get_template(template_name), self)
                    ~~~~~~~~~~~~~~~~~~~~~~~~^^^^^^^^^^^^^^^
  File "C:\Users\Abdo\Desktop\students-manager\Lib\site-packages\django\template\engine.py", line 177, in get_template
    template, origin = self.find_template(template_name)
                       ~~~~~~~~~~~~~~~~~~^^^^^^^^^^^^^^^
  File "C:\Users\Abdo\Desktop\students-manager\Lib\site-packages\django\template\engine.py", line 159, in find_template
    template = loader.get_template(name, skip=skip)
  File "C:\Users\Abdo\Desktop\students-manager\Lib\site-packages\django\template\loaders\cached.py", line 57, in get_template
    template = super().get_template(template_name, skip)
  File "C:\Users\Abdo\Desktop\students-manager\Lib\site-packages\django\template\loaders\base.py", line 28, in get_template
    return Template(
        contents,
    ...<2 lines>...
        self.engine,
    )
  File "C:\Users\Abdo\Desktop\students-manager\Lib\site-packages\django\template\base.py", line 154, in __init__
    self.nodelist = self.compile_nodelist()
                    ~~~~~~~~~~~~~~~~~~~~~^^
  File "C:\Users\Abdo\Desktop\students-manager\Lib\site-packages\django\template\base.py", line 196, in compile_nodelist
    nodelist = parser.parse()
  File "C:\Users\Abdo\Desktop\students-manager\Lib\site-packages\django\template\base.py", line 518, in parse
    raise self.error(token, e)
  File "C:\Users\Abdo\Desktop\students-manager\Lib\site-packages\django\template\base.py", line 516, in parse
    compiled_result = compile_func(self, token)
  File "C:\Users\Abdo\Desktop\students-manager\Lib\site-packages\django\template\defaulttags.py", line 961, in do_if
    condition = TemplateIfParser(parser, bits).parse()
                ~~~~~~~~~~~~~~~~^^^^^^^^^^^^^^
  File "C:\Users\Abdo\Desktop\students-manager\Lib\site-packages\django\template\defaulttags.py", line 894, in __init__
    super().__init__(*args, **kwargs)
    ~~~~~~~~~~~~~~~~^^^^^^^^^^^^^^^^^
  File "C:\Users\Abdo\Desktop\students-manager\Lib\site-packages\django\template\smartif.py", line 171, in __init__
    mapped_tokens.append(self.translate_token(token))
                         ~~~~~~~~~~~~~~~~~~~~^^^^^^^
  File "C:\Users\Abdo\Desktop\students-manager\Lib\site-packages\django\template\smartif.py", line 182, in translate_token
    return self.create_var(token)
           ~~~~~~~~~~~~~~~^^^^^^^
  File "C:\Users\Abdo\Desktop\students-manager\Lib\site-packages\django\template\defaulttags.py", line 897, in create_var
    return TemplateLiteral(self.template_parser.compile_filter(value), value)
                           ~~~~~~~~~~~~~~~~~~~~~~~~~~~~~~~~~~~^^^^^^^
  File "C:\Users\Abdo\Desktop\students-manager\Lib\site-packages\django\template\base.py", line 609, in compile_filter
    return FilterExpression(token, self)
  File "C:\Users\Abdo\Desktop\students-manager\Lib\site-packages\django\template\base.py", line 710, in __init__
    raise TemplateSyntaxError(
    ...<2 lines>...
    )
django.template.exceptions.TemplateSyntaxError: Could not parse the remainder: '(revenue_trends_monthly' from '(revenue_trends_monthly'
2025-05-24 19:30:25,498 ERROR Internal Server Error: /historical-insights/
Traceback (most recent call last):
  File "C:\Users\Abdo\Desktop\students-manager\Lib\site-packages\django\template\smartif.py", line 180, in translate_token
    op = OPERATORS[token]
         ~~~~~~~~~^^^^^^^
KeyError: '(revenue_trends_monthly'

During handling of the above exception, another exception occurred:

Traceback (most recent call last):
  File "C:\Users\Abdo\Desktop\students-manager\Lib\site-packages\django\core\handlers\exception.py", line 55, in inner
    response = get_response(request)
  File "C:\Users\Abdo\Desktop\students-manager\Lib\site-packages\django\core\handlers\base.py", line 197, in _get_response
    response = wrapped_callback(request, *callback_args, **callback_kwargs)
  File "C:\Users\Abdo\Desktop\students-manager\v2student_manager\students\views.py", line 468, in historical_insights_view
    return render(request, 'students/historical_insights.html', context)
  File "C:\Users\Abdo\Desktop\students-manager\Lib\site-packages\django\shortcuts.py", line 25, in render
    content = loader.render_to_string(template_name, context, request, using=using)
  File "C:\Users\Abdo\Desktop\students-manager\Lib\site-packages\django\template\loader.py", line 61, in render_to_string
    template = get_template(template_name, using=using)
  File "C:\Users\Abdo\Desktop\students-manager\Lib\site-packages\django\template\loader.py", line 15, in get_template
    return engine.get_template(template_name)
           ~~~~~~~~~~~~~~~~~~~^^^^^^^^^^^^^^^
  File "C:\Users\Abdo\Desktop\students-manager\Lib\site-packages\django\template\backends\django.py", line 79, in get_template
    return Template(self.engine.get_template(template_name), self)
                    ~~~~~~~~~~~~~~~~~~~~~~~~^^^^^^^^^^^^^^^
  File "C:\Users\Abdo\Desktop\students-manager\Lib\site-packages\django\template\engine.py", line 177, in get_template
    template, origin = self.find_template(template_name)
                       ~~~~~~~~~~~~~~~~~~^^^^^^^^^^^^^^^
  File "C:\Users\Abdo\Desktop\students-manager\Lib\site-packages\django\template\engine.py", line 159, in find_template
    template = loader.get_template(name, skip=skip)
  File "C:\Users\Abdo\Desktop\students-manager\Lib\site-packages\django\template\loaders\cached.py", line 57, in get_template
    template = super().get_template(template_name, skip)
  File "C:\Users\Abdo\Desktop\students-manager\Lib\site-packages\django\template\loaders\base.py", line 28, in get_template
    return Template(
        contents,
    ...<2 lines>...
        self.engine,
    )
  File "C:\Users\Abdo\Desktop\students-manager\Lib\site-packages\django\template\base.py", line 154, in __init__
    self.nodelist = self.compile_nodelist()
                    ~~~~~~~~~~~~~~~~~~~~~^^
  File "C:\Users\Abdo\Desktop\students-manager\Lib\site-packages\django\template\base.py", line 196, in compile_nodelist
    nodelist = parser.parse()
  File "C:\Users\Abdo\Desktop\students-manager\Lib\site-packages\django\template\base.py", line 518, in parse
    raise self.error(token, e)
  File "C:\Users\Abdo\Desktop\students-manager\Lib\site-packages\django\template\base.py", line 516, in parse
    compiled_result = compile_func(self, token)
  File "C:\Users\Abdo\Desktop\students-manager\Lib\site-packages\django\template\defaulttags.py", line 961, in do_if
    condition = TemplateIfParser(parser, bits).parse()
                ~~~~~~~~~~~~~~~~^^^^^^^^^^^^^^
  File "C:\Users\Abdo\Desktop\students-manager\Lib\site-packages\django\template\defaulttags.py", line 894, in __init__
    super().__init__(*args, **kwargs)
    ~~~~~~~~~~~~~~~~^^^^^^^^^^^^^^^^^
  File "C:\Users\Abdo\Desktop\students-manager\Lib\site-packages\django\template\smartif.py", line 171, in __init__
    mapped_tokens.append(self.translate_token(token))
                         ~~~~~~~~~~~~~~~~~~~~^^^^^^^
  File "C:\Users\Abdo\Desktop\students-manager\Lib\site-packages\django\template\smartif.py", line 182, in translate_token
    return self.create_var(token)
           ~~~~~~~~~~~~~~~^^^^^^^
  File "C:\Users\Abdo\Desktop\students-manager\Lib\site-packages\django\template\defaulttags.py", line 897, in create_var
    return TemplateLiteral(self.template_parser.compile_filter(value), value)
                           ~~~~~~~~~~~~~~~~~~~~~~~~~~~~~~~~~~~^^^^^^^
  File "C:\Users\Abdo\Desktop\students-manager\Lib\site-packages\django\template\base.py", line 609, in compile_filter
    return FilterExpression(token, self)
  File "C:\Users\Abdo\Desktop\students-manager\Lib\site-packages\django\template\base.py", line 710, in __init__
    raise TemplateSyntaxError(
    ...<2 lines>...
    )
django.template.exceptions.TemplateSyntaxError: Could not parse the remainder: '(revenue_trends_monthly' from '(revenue_trends_monthly'
2025-05-25 15:31:39,508 WARNING Not Found: /favicon.ico
2025-05-25 15:34:15,666 ERROR Internal Server Error: /admin/students/notificationcategory/
Traceback (most recent call last):
  File "C:\Users\Abdo\Desktop\students-manager\Lib\site-packages\django\db\backends\utils.py", line 105, in _execute
    return self.cursor.execute(sql, params)
           ~~~~~~~~~~~~~~~~~~~^^^^^^^^^^^^^
  File "C:\Users\Abdo\Desktop\students-manager\Lib\site-packages\django\db\backends\sqlite3\base.py", line 360, in execute
    return super().execute(query, params)
           ~~~~~~~~~~~~~~~^^^^^^^^^^^^^^^
sqlite3.OperationalError: no such table: students_notificationcategory

The above exception was the direct cause of the following exception:

Traceback (most recent call last):
  File "C:\Users\Abdo\Desktop\students-manager\Lib\site-packages\django\core\handlers\exception.py", line 55, in inner
    response = get_response(request)
  File "C:\Users\Abdo\Desktop\students-manager\Lib\site-packages\django\core\handlers\base.py", line 197, in _get_response
    response = wrapped_callback(request, *callback_args, **callback_kwargs)
  File "C:\Users\Abdo\Desktop\students-manager\Lib\site-packages\django\contrib\admin\options.py", line 719, in wrapper
    return self.admin_site.admin_view(view)(*args, **kwargs)
           ~~~~~~~~~~~~~~~~~~~~~~~~~~~~~~~~^^^^^^^^^^^^^^^^^
  File "C:\Users\Abdo\Desktop\students-manager\Lib\site-packages\django\utils\decorators.py", line 192, in _view_wrapper
    result = _process_exception(request, e)
  File "C:\Users\Abdo\Desktop\students-manager\Lib\site-packages\django\utils\decorators.py", line 190, in _view_wrapper
    response = view_func(request, *args, **kwargs)
  File "C:\Users\Abdo\Desktop\students-manager\Lib\site-packages\django\views\decorators\cache.py", line 80, in _view_wrapper
    response = view_func(request, *args, **kwargs)
  File "C:\Users\Abdo\Desktop\students-manager\Lib\site-packages\django\contrib\admin\sites.py", line 246, in inner
    return view(request, *args, **kwargs)
  File "C:\Users\Abdo\Desktop\students-manager\Lib\site-packages\django\utils\decorators.py", line 48, in _wrapper
    return bound_method(*args, **kwargs)
  File "C:\Users\Abdo\Desktop\students-manager\Lib\site-packages\django\utils\decorators.py", line 192, in _view_wrapper
    result = _process_exception(request, e)
  File "C:\Users\Abdo\Desktop\students-manager\Lib\site-packages\django\utils\decorators.py", line 190, in _view_wrapper
    response = view_func(request, *args, **kwargs)
  File "C:\Users\Abdo\Desktop\students-manager\Lib\site-packages\django\contrib\admin\options.py", line 2024, in changelist_view
    cl = self.get_changelist_instance(request)
  File "C:\Users\Abdo\Desktop\students-manager\Lib\site-packages\django\contrib\admin\options.py", line 867, in get_changelist_instance
    return ChangeList(
        request,
    ...<12 lines>...
        self.search_help_text,
    )
  File "C:\Users\Abdo\Desktop\students-manager\Lib\site-packages\django\contrib\admin\views\main.py", line 146, in __init__
    self.get_results(request)
    ~~~~~~~~~~~~~~~~^^^^^^^^^
  File "C:\Users\Abdo\Desktop\students-manager\Lib\site-packages\django\contrib\admin\views\main.py", line 313, in get_results
    result_count = paginator.count
                   ^^^^^^^^^^^^^^^
  File "C:\Users\Abdo\Desktop\students-manager\Lib\site-packages\django\utils\functional.py", line 47, in __get__
    res = instance.__dict__[self.name] = self.func(instance)
                                         ~~~~~~~~~^^^^^^^^^^
  File "C:\Users\Abdo\Desktop\students-manager\Lib\site-packages\django\core\paginator.py", line 110, in count
    return c()
  File "C:\Users\Abdo\Desktop\students-manager\Lib\site-packages\django\db\models\query.py", line 604, in count
    return self.query.get_count(using=self.db)
           ~~~~~~~~~~~~~~~~~~~~^^^^^^^^^^^^^^^
  File "C:\Users\Abdo\Desktop\students-manager\Lib\site-packages\django\db\models\sql\query.py", line 644, in get_count
    return obj.get_aggregation(using, {"__count": Count("*")})["__count"]
           ~~~~~~~~~~~~~~~~~~~^^^^^^^^^^^^^^^^^^^^^^^^^^^^^^^^
  File "C:\Users\Abdo\Desktop\students-manager\Lib\site-packages\django\db\models\sql\query.py", line 626, in get_aggregation
    result = compiler.execute_sql(SINGLE)
  File "C:\Users\Abdo\Desktop\students-manager\Lib\site-packages\django\db\models\sql\compiler.py", line 1623, in execute_sql
    cursor.execute(sql, params)
    ~~~~~~~~~~~~~~^^^^^^^^^^^^^
  File "C:\Users\Abdo\Desktop\students-manager\Lib\site-packages\django\db\backends\utils.py", line 122, in execute
    return super().execute(sql, params)
           ~~~~~~~~~~~~~~~^^^^^^^^^^^^^
  File "C:\Users\Abdo\Desktop\students-manager\Lib\site-packages\django\db\backends\utils.py", line 79, in execute
    return self._execute_with_wrappers(
           ~~~~~~~~~~~~~~~~~~~~~~~~~~~^
        sql, params, many=False, executor=self._execute
        ^^^^^^^^^^^^^^^^^^^^^^^^^^^^^^^^^^^^^^^^^^^^^^^
    )
    ^
  File "C:\Users\Abdo\Desktop\students-manager\Lib\site-packages\django\db\backends\utils.py", line 92, in _execute_with_wrappers
    return executor(sql, params, many, context)
  File "C:\Users\Abdo\Desktop\students-manager\Lib\site-packages\django\db\backends\utils.py", line 100, in _execute
    with self.db.wrap_database_errors:
         ^^^^^^^^^^^^^^^^^^^^^^^^^^^^
  File "C:\Users\Abdo\Desktop\students-manager\Lib\site-packages\django\db\utils.py", line 91, in __exit__
    raise dj_exc_value.with_traceback(traceback) from exc_value
  File "C:\Users\Abdo\Desktop\students-manager\Lib\site-packages\django\db\backends\utils.py", line 105, in _execute
    return self.cursor.execute(sql, params)
           ~~~~~~~~~~~~~~~~~~~^^^^^^^^^^^^^
  File "C:\Users\Abdo\Desktop\students-manager\Lib\site-packages\django\db\backends\sqlite3\base.py", line 360, in execute
    return super().execute(query, params)
           ~~~~~~~~~~~~~~~^^^^^^^^^^^^^^^
django.db.utils.OperationalError: no such table: students_notificationcategory
2025-05-25 15:43:40,760 INFO C:\Users\Abdo\Desktop\students-manager\v2student_manager\students\admin.py changed, reloading.
2025-05-25 15:44:42,709 INFO Watching for file changes with StatReloader
2025-05-25 15:45:11,364 INFO C:\Users\Abdo\Desktop\students-manager\v2student_manager\students\models.py changed, reloading.
2025-05-25 15:45:13,184 INFO Watching for file changes with StatReloader
2025-05-25 15:46:21,232 WARNING Not Found: /favicon.ico
2025-05-25 16:10:16,966 INFO C:\Users\Abdo\Desktop\students-manager\v2student_manager\students\utils\__init__.py changed, reloading.
2025-05-25 16:11:54,188 INFO Watching for file changes with StatReloader
2025-05-25 16:11:57,321 WARNING Not Found: /favicon.ico
2025-05-25 16:12:59,059 INFO C:\Users\Abdo\Desktop\students-manager\v2student_manager\students\admin.py changed, reloading.
2025-05-25 16:13:00,854 INFO Watching for file changes with StatReloader
2025-05-25 16:13:03,319 INFO C:\Users\Abdo\Desktop\students-manager\v2student_manager\students\admin.py changed, reloading.
2025-05-25 16:13:04,975 INFO Watching for file changes with StatReloader
2025-05-25 16:13:06,726 INFO C:\Users\Abdo\Desktop\students-manager\v2student_manager\students\admin.py changed, reloading.
2025-05-25 16:13:08,524 INFO Watching for file changes with StatReloader
2025-05-25 16:13:10,428 INFO C:\Users\Abdo\Desktop\students-manager\v2student_manager\students\admin.py changed, reloading.
2025-05-25 16:13:12,151 INFO Watching for file changes with StatReloader
2025-05-25 18:38:01,048 INFO Watching for file changes with StatReloader
2025-05-25 18:38:05,037 WARNING Not Found: /favicon.ico
2025-05-25 18:38:13,303 ERROR Internal Server Error: /admin/students/students/export/
Traceback (most recent call last):
  File "C:\Users\Abdo\Desktop\students-manager\Lib\site-packages\django\core\handlers\exception.py", line 55, in inner
    response = get_response(request)
  File "C:\Users\Abdo\Desktop\students-manager\Lib\site-packages\django\core\handlers\base.py", line 197, in _get_response
    response = wrapped_callback(request, *callback_args, **callback_kwargs)
  File "C:\Users\Abdo\Desktop\students-manager\Lib\site-packages\django\utils\decorators.py", line 192, in _view_wrapper
    result = _process_exception(request, e)
  File "C:\Users\Abdo\Desktop\students-manager\Lib\site-packages\django\utils\decorators.py", line 190, in _view_wrapper
    response = view_func(request, *args, **kwargs)
  File "C:\Users\Abdo\Desktop\students-manager\Lib\site-packages\django\views\decorators\cache.py", line 80, in _view_wrapper
    response = view_func(request, *args, **kwargs)
  File "C:\Users\Abdo\Desktop\students-manager\Lib\site-packages\django\contrib\admin\sites.py", line 246, in inner
    return view(request, *args, **kwargs)
  File "C:\Users\Abdo\Desktop\students-manager\Lib\site-packages\import_export\admin.py", line 745, in export_action
    formats = self.get_export_formats()
  File "C:\Users\Abdo\Desktop\students-manager\Lib\site-packages\import_export\mixins.py", line 179, in get_export_formats
    return [f for f in self.export_formats if f().can_export()]
                                              ~^^
TypeError: 'XLSX' object is not callable
2025-05-25 18:39:52,558 INFO C:\Users\Abdo\Desktop\students-manager\v2student_manager\students\admin.py changed, reloading.
2025-05-25 18:39:54,468 INFO Watching for file changes with StatReloader
2025-05-25 18:40:01,782 ERROR Internal Server Error: /admin/students/students/export/
Traceback (most recent call last):
  File "C:\Users\Abdo\Desktop\students-manager\Lib\site-packages\django\core\handlers\exception.py", line 55, in inner
    response = get_response(request)
  File "C:\Users\Abdo\Desktop\students-manager\Lib\site-packages\django\core\handlers\base.py", line 197, in _get_response
    response = wrapped_callback(request, *callback_args, **callback_kwargs)
  File "C:\Users\Abdo\Desktop\students-manager\Lib\site-packages\django\utils\decorators.py", line 192, in _view_wrapper
    result = _process_exception(request, e)
  File "C:\Users\Abdo\Desktop\students-manager\Lib\site-packages\django\utils\decorators.py", line 190, in _view_wrapper
    response = view_func(request, *args, **kwargs)
  File "C:\Users\Abdo\Desktop\students-manager\Lib\site-packages\django\views\decorators\cache.py", line 80, in _view_wrapper
    response = view_func(request, *args, **kwargs)
  File "C:\Users\Abdo\Desktop\students-manager\Lib\site-packages\django\contrib\admin\sites.py", line 246, in inner
    return view(request, *args, **kwargs)
  File "C:\Users\Abdo\Desktop\students-manager\Lib\site-packages\import_export\admin.py", line 745, in export_action
    formats = self.get_export_formats()
  File "C:\Users\Abdo\Desktop\students-manager\Lib\site-packages\import_export\mixins.py", line 179, in get_export_formats
    return [f for f in self.export_formats if f().can_export()]
                                              ~~~~~~~~~~~~~~^^
  File "C:\Users\Abdo\Desktop\students-manager\Lib\site-packages\import_export\formats\base_formats.py", line 111, in can_export
    return hasattr(self.get_format(), "export_set")
                   ~~~~~~~~~~~~~~~^^
  File "C:\Users\Abdo\Desktop\students-manager\Lib\site-packages\import_export\formats\base_formats.py", line 80, in get_format
    return registry.get_format(key)
           ~~~~~~~~~~~~~~~~~~~^^^^^
  File "C:\Users\Abdo\Desktop\students-manager\Lib\site-packages\tablib\formats\__init__.py", line 119, in get_format
    raise UnsupportedFormat(
    ...<4 lines>...
    )
tablib.exceptions.UnsupportedFormat: The 'xlsx' format is not available. You may want to install the openpyxl package (or `pip install "tablib[xlsx]"`).
2025-05-25 18:40:04,471 ERROR Internal Server Error: /admin/students/students/export/
Traceback (most recent call last):
  File "C:\Users\Abdo\Desktop\students-manager\Lib\site-packages\django\core\handlers\exception.py", line 55, in inner
    response = get_response(request)
  File "C:\Users\Abdo\Desktop\students-manager\Lib\site-packages\django\core\handlers\base.py", line 197, in _get_response
    response = wrapped_callback(request, *callback_args, **callback_kwargs)
  File "C:\Users\Abdo\Desktop\students-manager\Lib\site-packages\django\utils\decorators.py", line 192, in _view_wrapper
    result = _process_exception(request, e)
  File "C:\Users\Abdo\Desktop\students-manager\Lib\site-packages\django\utils\decorators.py", line 190, in _view_wrapper
    response = view_func(request, *args, **kwargs)
  File "C:\Users\Abdo\Desktop\students-manager\Lib\site-packages\django\views\decorators\cache.py", line 80, in _view_wrapper
    response = view_func(request, *args, **kwargs)
  File "C:\Users\Abdo\Desktop\students-manager\Lib\site-packages\django\contrib\admin\sites.py", line 246, in inner
    return view(request, *args, **kwargs)
  File "C:\Users\Abdo\Desktop\students-manager\Lib\site-packages\import_export\admin.py", line 745, in export_action
    formats = self.get_export_formats()
  File "C:\Users\Abdo\Desktop\students-manager\Lib\site-packages\import_export\mixins.py", line 179, in get_export_formats
    return [f for f in self.export_formats if f().can_export()]
                                              ~~~~~~~~~~~~~~^^
  File "C:\Users\Abdo\Desktop\students-manager\Lib\site-packages\import_export\formats\base_formats.py", line 111, in can_export
    return hasattr(self.get_format(), "export_set")
                   ~~~~~~~~~~~~~~~^^
  File "C:\Users\Abdo\Desktop\students-manager\Lib\site-packages\import_export\formats\base_formats.py", line 80, in get_format
    return registry.get_format(key)
           ~~~~~~~~~~~~~~~~~~~^^^^^
  File "C:\Users\Abdo\Desktop\students-manager\Lib\site-packages\tablib\formats\__init__.py", line 119, in get_format
    raise UnsupportedFormat(
    ...<4 lines>...
    )
tablib.exceptions.UnsupportedFormat: The 'xlsx' format is not available. You may want to install the openpyxl package (or `pip install "tablib[xlsx]"`).
2025-05-25 18:40:05,638 ERROR Internal Server Error: /admin/students/students/export/
Traceback (most recent call last):
  File "C:\Users\Abdo\Desktop\students-manager\Lib\site-packages\django\core\handlers\exception.py", line 55, in inner
    response = get_response(request)
  File "C:\Users\Abdo\Desktop\students-manager\Lib\site-packages\django\core\handlers\base.py", line 197, in _get_response
    response = wrapped_callback(request, *callback_args, **callback_kwargs)
  File "C:\Users\Abdo\Desktop\students-manager\Lib\site-packages\django\utils\decorators.py", line 192, in _view_wrapper
    result = _process_exception(request, e)
  File "C:\Users\Abdo\Desktop\students-manager\Lib\site-packages\django\utils\decorators.py", line 190, in _view_wrapper
    response = view_func(request, *args, **kwargs)
  File "C:\Users\Abdo\Desktop\students-manager\Lib\site-packages\django\views\decorators\cache.py", line 80, in _view_wrapper
    response = view_func(request, *args, **kwargs)
  File "C:\Users\Abdo\Desktop\students-manager\Lib\site-packages\django\contrib\admin\sites.py", line 246, in inner
    return view(request, *args, **kwargs)
  File "C:\Users\Abdo\Desktop\students-manager\Lib\site-packages\import_export\admin.py", line 745, in export_action
    formats = self.get_export_formats()
  File "C:\Users\Abdo\Desktop\students-manager\Lib\site-packages\import_export\mixins.py", line 179, in get_export_formats
    return [f for f in self.export_formats if f().can_export()]
                                              ~~~~~~~~~~~~~~^^
  File "C:\Users\Abdo\Desktop\students-manager\Lib\site-packages\import_export\formats\base_formats.py", line 111, in can_export
    return hasattr(self.get_format(), "export_set")
                   ~~~~~~~~~~~~~~~^^
  File "C:\Users\Abdo\Desktop\students-manager\Lib\site-packages\import_export\formats\base_formats.py", line 80, in get_format
    return registry.get_format(key)
           ~~~~~~~~~~~~~~~~~~~^^^^^
  File "C:\Users\Abdo\Desktop\students-manager\Lib\site-packages\tablib\formats\__init__.py", line 119, in get_format
    raise UnsupportedFormat(
    ...<4 lines>...
    )
tablib.exceptions.UnsupportedFormat: The 'xlsx' format is not available. You may want to install the openpyxl package (or `pip install "tablib[xlsx]"`).
2025-05-25 18:40:18,031 INFO C:\Users\Abdo\Desktop\students-manager\v2student_manager\students\admin.py changed, reloading.
2025-05-25 18:40:25,995 INFO C:\Users\Abdo\Desktop\students-manager\v2student_manager\students\admin.py changed, reloading.
2025-05-25 18:40:29,657 INFO Watching for file changes with StatReloader
2025-05-25 18:40:45,028 INFO C:\Users\Abdo\Desktop\students-manager\v2student_manager\students\admin.py changed, reloading.
2025-05-25 18:40:47,005 INFO Watching for file changes with StatReloader
2025-05-25 18:40:48,087 ERROR Internal Server Error: /admin/students/students/export/
Traceback (most recent call last):
  File "C:\Users\Abdo\Desktop\students-manager\Lib\site-packages\django\core\handlers\exception.py", line 55, in inner
    response = get_response(request)
  File "C:\Users\Abdo\Desktop\students-manager\Lib\site-packages\django\core\handlers\base.py", line 197, in _get_response
    response = wrapped_callback(request, *callback_args, **callback_kwargs)
  File "C:\Users\Abdo\Desktop\students-manager\Lib\site-packages\django\utils\decorators.py", line 192, in _view_wrapper
    result = _process_exception(request, e)
  File "C:\Users\Abdo\Desktop\students-manager\Lib\site-packages\django\utils\decorators.py", line 190, in _view_wrapper
    response = view_func(request, *args, **kwargs)
  File "C:\Users\Abdo\Desktop\students-manager\Lib\site-packages\django\views\decorators\cache.py", line 80, in _view_wrapper
    response = view_func(request, *args, **kwargs)
  File "C:\Users\Abdo\Desktop\students-manager\Lib\site-packages\django\contrib\admin\sites.py", line 246, in inner
    return view(request, *args, **kwargs)
  File "C:\Users\Abdo\Desktop\students-manager\Lib\site-packages\import_export\admin.py", line 745, in export_action
    formats = self.get_export_formats()
  File "C:\Users\Abdo\Desktop\students-manager\v2student_manager\students\admin.py", line 31, in get_export_formats
    return [fmt() for fmt in self.formats if fmt().can_export()]
                                             ~~~~~~~~~~~~~~~~^^
  File "C:\Users\Abdo\Desktop\students-manager\Lib\site-packages\import_export\formats\base_formats.py", line 111, in can_export
    return hasattr(self.get_format(), "export_set")
                   ~~~~~~~~~~~~~~~^^
  File "C:\Users\Abdo\Desktop\students-manager\Lib\site-packages\import_export\formats\base_formats.py", line 80, in get_format
    return registry.get_format(key)
           ~~~~~~~~~~~~~~~~~~~^^^^^
  File "C:\Users\Abdo\Desktop\students-manager\Lib\site-packages\tablib\formats\__init__.py", line 119, in get_format
    raise UnsupportedFormat(
    ...<4 lines>...
    )
tablib.exceptions.UnsupportedFormat: The 'xlsx' format is not available. You may want to install the openpyxl package (or `pip install "tablib[xlsx]"`).
2025-05-25 18:40:48,803 ERROR Internal Server Error: /admin/students/students/export/
Traceback (most recent call last):
  File "C:\Users\Abdo\Desktop\students-manager\Lib\site-packages\django\core\handlers\exception.py", line 55, in inner
    response = get_response(request)
  File "C:\Users\Abdo\Desktop\students-manager\Lib\site-packages\django\core\handlers\base.py", line 197, in _get_response
    response = wrapped_callback(request, *callback_args, **callback_kwargs)
  File "C:\Users\Abdo\Desktop\students-manager\Lib\site-packages\django\utils\decorators.py", line 192, in _view_wrapper
    result = _process_exception(request, e)
  File "C:\Users\Abdo\Desktop\students-manager\Lib\site-packages\django\utils\decorators.py", line 190, in _view_wrapper
    response = view_func(request, *args, **kwargs)
  File "C:\Users\Abdo\Desktop\students-manager\Lib\site-packages\django\views\decorators\cache.py", line 80, in _view_wrapper
    response = view_func(request, *args, **kwargs)
  File "C:\Users\Abdo\Desktop\students-manager\Lib\site-packages\django\contrib\admin\sites.py", line 246, in inner
    return view(request, *args, **kwargs)
  File "C:\Users\Abdo\Desktop\students-manager\Lib\site-packages\import_export\admin.py", line 745, in export_action
    formats = self.get_export_formats()
  File "C:\Users\Abdo\Desktop\students-manager\v2student_manager\students\admin.py", line 31, in get_export_formats
    return [fmt() for fmt in self.formats if fmt().can_export()]
                                             ~~~~~~~~~~~~~~~~^^
  File "C:\Users\Abdo\Desktop\students-manager\Lib\site-packages\import_export\formats\base_formats.py", line 111, in can_export
    return hasattr(self.get_format(), "export_set")
                   ~~~~~~~~~~~~~~~^^
  File "C:\Users\Abdo\Desktop\students-manager\Lib\site-packages\import_export\formats\base_formats.py", line 80, in get_format
    return registry.get_format(key)
           ~~~~~~~~~~~~~~~~~~~^^^^^
  File "C:\Users\Abdo\Desktop\students-manager\Lib\site-packages\tablib\formats\__init__.py", line 119, in get_format
    raise UnsupportedFormat(
    ...<4 lines>...
    )
tablib.exceptions.UnsupportedFormat: The 'xlsx' format is not available. You may want to install the openpyxl package (or `pip install "tablib[xlsx]"`).
2025-05-25 18:40:49,323 ERROR Internal Server Error: /admin/students/students/export/
Traceback (most recent call last):
  File "C:\Users\Abdo\Desktop\students-manager\Lib\site-packages\django\core\handlers\exception.py", line 55, in inner
    response = get_response(request)
  File "C:\Users\Abdo\Desktop\students-manager\Lib\site-packages\django\core\handlers\base.py", line 197, in _get_response
    response = wrapped_callback(request, *callback_args, **callback_kwargs)
  File "C:\Users\Abdo\Desktop\students-manager\Lib\site-packages\django\utils\decorators.py", line 192, in _view_wrapper
    result = _process_exception(request, e)
  File "C:\Users\Abdo\Desktop\students-manager\Lib\site-packages\django\utils\decorators.py", line 190, in _view_wrapper
    response = view_func(request, *args, **kwargs)
  File "C:\Users\Abdo\Desktop\students-manager\Lib\site-packages\django\views\decorators\cache.py", line 80, in _view_wrapper
    response = view_func(request, *args, **kwargs)
  File "C:\Users\Abdo\Desktop\students-manager\Lib\site-packages\django\contrib\admin\sites.py", line 246, in inner
    return view(request, *args, **kwargs)
  File "C:\Users\Abdo\Desktop\students-manager\Lib\site-packages\import_export\admin.py", line 745, in export_action
    formats = self.get_export_formats()
  File "C:\Users\Abdo\Desktop\students-manager\v2student_manager\students\admin.py", line 31, in get_export_formats
    return [fmt() for fmt in self.formats if fmt().can_export()]
                                             ~~~~~~~~~~~~~~~~^^
  File "C:\Users\Abdo\Desktop\students-manager\Lib\site-packages\import_export\formats\base_formats.py", line 111, in can_export
    return hasattr(self.get_format(), "export_set")
                   ~~~~~~~~~~~~~~~^^
  File "C:\Users\Abdo\Desktop\students-manager\Lib\site-packages\import_export\formats\base_formats.py", line 80, in get_format
    return registry.get_format(key)
           ~~~~~~~~~~~~~~~~~~~^^^^^
  File "C:\Users\Abdo\Desktop\students-manager\Lib\site-packages\tablib\formats\__init__.py", line 119, in get_format
    raise UnsupportedFormat(
    ...<4 lines>...
    )
tablib.exceptions.UnsupportedFormat: The 'xlsx' format is not available. You may want to install the openpyxl package (or `pip install "tablib[xlsx]"`).
2025-05-25 18:40:49,739 ERROR Internal Server Error: /admin/students/students/export/
Traceback (most recent call last):
  File "C:\Users\Abdo\Desktop\students-manager\Lib\site-packages\django\core\handlers\exception.py", line 55, in inner
    response = get_response(request)
  File "C:\Users\Abdo\Desktop\students-manager\Lib\site-packages\django\core\handlers\base.py", line 197, in _get_response
    response = wrapped_callback(request, *callback_args, **callback_kwargs)
  File "C:\Users\Abdo\Desktop\students-manager\Lib\site-packages\django\utils\decorators.py", line 192, in _view_wrapper
    result = _process_exception(request, e)
  File "C:\Users\Abdo\Desktop\students-manager\Lib\site-packages\django\utils\decorators.py", line 190, in _view_wrapper
    response = view_func(request, *args, **kwargs)
  File "C:\Users\Abdo\Desktop\students-manager\Lib\site-packages\django\views\decorators\cache.py", line 80, in _view_wrapper
    response = view_func(request, *args, **kwargs)
  File "C:\Users\Abdo\Desktop\students-manager\Lib\site-packages\django\contrib\admin\sites.py", line 246, in inner
    return view(request, *args, **kwargs)
  File "C:\Users\Abdo\Desktop\students-manager\Lib\site-packages\import_export\admin.py", line 745, in export_action
    formats = self.get_export_formats()
  File "C:\Users\Abdo\Desktop\students-manager\v2student_manager\students\admin.py", line 31, in get_export_formats
    return [fmt() for fmt in self.formats if fmt().can_export()]
                                             ~~~~~~~~~~~~~~~~^^
  File "C:\Users\Abdo\Desktop\students-manager\Lib\site-packages\import_export\formats\base_formats.py", line 111, in can_export
    return hasattr(self.get_format(), "export_set")
                   ~~~~~~~~~~~~~~~^^
  File "C:\Users\Abdo\Desktop\students-manager\Lib\site-packages\import_export\formats\base_formats.py", line 80, in get_format
    return registry.get_format(key)
           ~~~~~~~~~~~~~~~~~~~^^^^^
  File "C:\Users\Abdo\Desktop\students-manager\Lib\site-packages\tablib\formats\__init__.py", line 119, in get_format
    raise UnsupportedFormat(
    ...<4 lines>...
    )
tablib.exceptions.UnsupportedFormat: The 'xlsx' format is not available. You may want to install the openpyxl package (or `pip install "tablib[xlsx]"`).
2025-05-25 18:40:50,138 ERROR Internal Server Error: /admin/students/students/export/
Traceback (most recent call last):
  File "C:\Users\Abdo\Desktop\students-manager\Lib\site-packages\django\core\handlers\exception.py", line 55, in inner
    response = get_response(request)
  File "C:\Users\Abdo\Desktop\students-manager\Lib\site-packages\django\core\handlers\base.py", line 197, in _get_response
    response = wrapped_callback(request, *callback_args, **callback_kwargs)
  File "C:\Users\Abdo\Desktop\students-manager\Lib\site-packages\django\utils\decorators.py", line 192, in _view_wrapper
    result = _process_exception(request, e)
  File "C:\Users\Abdo\Desktop\students-manager\Lib\site-packages\django\utils\decorators.py", line 190, in _view_wrapper
    response = view_func(request, *args, **kwargs)
  File "C:\Users\Abdo\Desktop\students-manager\Lib\site-packages\django\views\decorators\cache.py", line 80, in _view_wrapper
    response = view_func(request, *args, **kwargs)
  File "C:\Users\Abdo\Desktop\students-manager\Lib\site-packages\django\contrib\admin\sites.py", line 246, in inner
    return view(request, *args, **kwargs)
  File "C:\Users\Abdo\Desktop\students-manager\Lib\site-packages\import_export\admin.py", line 745, in export_action
    formats = self.get_export_formats()
  File "C:\Users\Abdo\Desktop\students-manager\v2student_manager\students\admin.py", line 31, in get_export_formats
    return [fmt() for fmt in self.formats if fmt().can_export()]
                                             ~~~~~~~~~~~~~~~~^^
  File "C:\Users\Abdo\Desktop\students-manager\Lib\site-packages\import_export\formats\base_formats.py", line 111, in can_export
    return hasattr(self.get_format(), "export_set")
                   ~~~~~~~~~~~~~~~^^
  File "C:\Users\Abdo\Desktop\students-manager\Lib\site-packages\import_export\formats\base_formats.py", line 80, in get_format
    return registry.get_format(key)
           ~~~~~~~~~~~~~~~~~~~^^^^^
  File "C:\Users\Abdo\Desktop\students-manager\Lib\site-packages\tablib\formats\__init__.py", line 119, in get_format
    raise UnsupportedFormat(
    ...<4 lines>...
    )
tablib.exceptions.UnsupportedFormat: The 'xlsx' format is not available. You may want to install the openpyxl package (or `pip install "tablib[xlsx]"`).
2025-05-25 18:41:18,436 ERROR Internal Server Error: /admin/students/students/export/
Traceback (most recent call last):
  File "C:\Users\Abdo\Desktop\students-manager\Lib\site-packages\django\core\handlers\exception.py", line 55, in inner
    response = get_response(request)
  File "C:\Users\Abdo\Desktop\students-manager\Lib\site-packages\django\core\handlers\base.py", line 197, in _get_response
    response = wrapped_callback(request, *callback_args, **callback_kwargs)
  File "C:\Users\Abdo\Desktop\students-manager\Lib\site-packages\django\utils\decorators.py", line 192, in _view_wrapper
    result = _process_exception(request, e)
  File "C:\Users\Abdo\Desktop\students-manager\Lib\site-packages\django\utils\decorators.py", line 190, in _view_wrapper
    response = view_func(request, *args, **kwargs)
  File "C:\Users\Abdo\Desktop\students-manager\Lib\site-packages\django\views\decorators\cache.py", line 80, in _view_wrapper
    response = view_func(request, *args, **kwargs)
  File "C:\Users\Abdo\Desktop\students-manager\Lib\site-packages\django\contrib\admin\sites.py", line 246, in inner
    return view(request, *args, **kwargs)
  File "C:\Users\Abdo\Desktop\students-manager\Lib\site-packages\import_export\admin.py", line 745, in export_action
    formats = self.get_export_formats()
  File "C:\Users\Abdo\Desktop\students-manager\v2student_manager\students\admin.py", line 31, in get_export_formats
    return [fmt() for fmt in self.formats if fmt().can_export()]
                                             ~~~~~~~~~~~~~~~~^^
  File "C:\Users\Abdo\Desktop\students-manager\Lib\site-packages\import_export\formats\base_formats.py", line 111, in can_export
    return hasattr(self.get_format(), "export_set")
                   ~~~~~~~~~~~~~~~^^
  File "C:\Users\Abdo\Desktop\students-manager\Lib\site-packages\import_export\formats\base_formats.py", line 80, in get_format
    return registry.get_format(key)
           ~~~~~~~~~~~~~~~~~~~^^^^^
  File "C:\Users\Abdo\Desktop\students-manager\Lib\site-packages\tablib\formats\__init__.py", line 119, in get_format
    raise UnsupportedFormat(
    ...<4 lines>...
    )
tablib.exceptions.UnsupportedFormat: The 'xlsx' format is not available. You may want to install the openpyxl package (or `pip install "tablib[xlsx]"`).
2025-05-25 18:41:28,160 INFO C:\Users\Abdo\Desktop\students-manager\v2student_manager\students\admin.py changed, reloading.
2025-05-25 18:41:30,087 INFO Watching for file changes with StatReloader
2025-05-25 18:41:41,241 INFO C:\Users\Abdo\Desktop\students-manager\v2student_manager\students\admin.py changed, reloading.
2025-05-25 18:41:43,448 INFO Watching for file changes with StatReloader
2025-05-25 18:41:43,829 ERROR Internal Server Error: /admin/students/students/export/
Traceback (most recent call last):
  File "C:\Users\Abdo\Desktop\students-manager\Lib\site-packages\django\core\handlers\exception.py", line 55, in inner
    response = get_response(request)
  File "C:\Users\Abdo\Desktop\students-manager\Lib\site-packages\django\core\handlers\base.py", line 197, in _get_response
    response = wrapped_callback(request, *callback_args, **callback_kwargs)
  File "C:\Users\Abdo\Desktop\students-manager\Lib\site-packages\django\utils\decorators.py", line 192, in _view_wrapper
    result = _process_exception(request, e)
  File "C:\Users\Abdo\Desktop\students-manager\Lib\site-packages\django\utils\decorators.py", line 190, in _view_wrapper
    response = view_func(request, *args, **kwargs)
  File "C:\Users\Abdo\Desktop\students-manager\Lib\site-packages\django\views\decorators\cache.py", line 80, in _view_wrapper
    response = view_func(request, *args, **kwargs)
  File "C:\Users\Abdo\Desktop\students-manager\Lib\site-packages\django\contrib\admin\sites.py", line 246, in inner
    return view(request, *args, **kwargs)
  File "C:\Users\Abdo\Desktop\students-manager\Lib\site-packages\import_export\admin.py", line 745, in export_action
    formats = self.get_export_formats()
  File "C:\Users\Abdo\Desktop\students-manager\Lib\site-packages\import_export\mixins.py", line 179, in get_export_formats
    return [f for f in self.export_formats if f().can_export()]
                                              ~^^
TypeError: 'CSV' object is not callable
2025-05-25 18:41:44,607 ERROR Internal Server Error: /admin/students/students/export/
Traceback (most recent call last):
  File "C:\Users\Abdo\Desktop\students-manager\Lib\site-packages\django\core\handlers\exception.py", line 55, in inner
    response = get_response(request)
  File "C:\Users\Abdo\Desktop\students-manager\Lib\site-packages\django\core\handlers\base.py", line 197, in _get_response
    response = wrapped_callback(request, *callback_args, **callback_kwargs)
  File "C:\Users\Abdo\Desktop\students-manager\Lib\site-packages\django\utils\decorators.py", line 192, in _view_wrapper
    result = _process_exception(request, e)
  File "C:\Users\Abdo\Desktop\students-manager\Lib\site-packages\django\utils\decorators.py", line 190, in _view_wrapper
    response = view_func(request, *args, **kwargs)
  File "C:\Users\Abdo\Desktop\students-manager\Lib\site-packages\django\views\decorators\cache.py", line 80, in _view_wrapper
    response = view_func(request, *args, **kwargs)
  File "C:\Users\Abdo\Desktop\students-manager\Lib\site-packages\django\contrib\admin\sites.py", line 246, in inner
    return view(request, *args, **kwargs)
  File "C:\Users\Abdo\Desktop\students-manager\Lib\site-packages\import_export\admin.py", line 745, in export_action
    formats = self.get_export_formats()
  File "C:\Users\Abdo\Desktop\students-manager\Lib\site-packages\import_export\mixins.py", line 179, in get_export_formats
    return [f for f in self.export_formats if f().can_export()]
                                              ~^^
TypeError: 'CSV' object is not callable
2025-05-25 18:43:59,496 INFO C:\Users\Abdo\Desktop\students-manager\v2student_manager\students\admin.py changed, reloading.
2025-05-25 18:44:01,624 INFO Watching for file changes with StatReloader
2025-05-25 18:44:41,972 INFO Watching for file changes with StatReloader
2025-05-25 18:44:43,119 ERROR Internal Server Error: /admin/students/students/export/
Traceback (most recent call last):
  File "C:\Users\Abdo\Desktop\students-manager\Lib\site-packages\django\core\handlers\exception.py", line 55, in inner
    response = get_response(request)
  File "C:\Users\Abdo\Desktop\students-manager\Lib\site-packages\django\core\handlers\base.py", line 197, in _get_response
    response = wrapped_callback(request, *callback_args, **callback_kwargs)
  File "C:\Users\Abdo\Desktop\students-manager\Lib\site-packages\django\utils\decorators.py", line 192, in _view_wrapper
    result = _process_exception(request, e)
  File "C:\Users\Abdo\Desktop\students-manager\Lib\site-packages\django\utils\decorators.py", line 190, in _view_wrapper
    response = view_func(request, *args, **kwargs)
  File "C:\Users\Abdo\Desktop\students-manager\Lib\site-packages\django\views\decorators\cache.py", line 80, in _view_wrapper
    response = view_func(request, *args, **kwargs)
  File "C:\Users\Abdo\Desktop\students-manager\Lib\site-packages\django\contrib\admin\sites.py", line 246, in inner
    return view(request, *args, **kwargs)
  File "C:\Users\Abdo\Desktop\students-manager\Lib\site-packages\import_export\admin.py", line 750, in export_action
    form = form_type(
        formats,
        self.get_export_resource_classes(request),
        data=request.POST or None,
    )
  File "C:\Users\Abdo\Desktop\students-manager\Lib\site-packages\import_export\forms.py", line 102, in __init__
    super().__init__(formats, resources, **kwargs)
    ~~~~~~~~~~~~~~~~^^^^^^^^^^^^^^^^^^^^^^^^^^^^^^
  File "C:\Users\Abdo\Desktop\students-manager\Lib\site-packages\import_export\forms.py", line 27, in __init__
    self._init_formats(formats)
    ~~~~~~~~~~~~~~~~~~^^^^^^^^^
  File "C:\Users\Abdo\Desktop\students-manager\Lib\site-packages\import_export\forms.py", line 43, in _init_formats
    choices = [(str(i), f().get_title()) for i, f in enumerate(formats)]
                        ~^^
TypeError: 'XLSX' object is not callable
2025-05-25 18:44:43,931 ERROR Internal Server Error: /admin/students/students/export/
Traceback (most recent call last):
  File "C:\Users\Abdo\Desktop\students-manager\Lib\site-packages\django\core\handlers\exception.py", line 55, in inner
    response = get_response(request)
  File "C:\Users\Abdo\Desktop\students-manager\Lib\site-packages\django\core\handlers\base.py", line 197, in _get_response
    response = wrapped_callback(request, *callback_args, **callback_kwargs)
  File "C:\Users\Abdo\Desktop\students-manager\Lib\site-packages\django\utils\decorators.py", line 192, in _view_wrapper
    result = _process_exception(request, e)
  File "C:\Users\Abdo\Desktop\students-manager\Lib\site-packages\django\utils\decorators.py", line 190, in _view_wrapper
    response = view_func(request, *args, **kwargs)
  File "C:\Users\Abdo\Desktop\students-manager\Lib\site-packages\django\views\decorators\cache.py", line 80, in _view_wrapper
    response = view_func(request, *args, **kwargs)
  File "C:\Users\Abdo\Desktop\students-manager\Lib\site-packages\django\contrib\admin\sites.py", line 246, in inner
    return view(request, *args, **kwargs)
  File "C:\Users\Abdo\Desktop\students-manager\Lib\site-packages\import_export\admin.py", line 750, in export_action
    form = form_type(
        formats,
        self.get_export_resource_classes(request),
        data=request.POST or None,
    )
  File "C:\Users\Abdo\Desktop\students-manager\Lib\site-packages\import_export\forms.py", line 102, in __init__
    super().__init__(formats, resources, **kwargs)
    ~~~~~~~~~~~~~~~~^^^^^^^^^^^^^^^^^^^^^^^^^^^^^^
  File "C:\Users\Abdo\Desktop\students-manager\Lib\site-packages\import_export\forms.py", line 27, in __init__
    self._init_formats(formats)
    ~~~~~~~~~~~~~~~~~~^^^^^^^^^
  File "C:\Users\Abdo\Desktop\students-manager\Lib\site-packages\import_export\forms.py", line 43, in _init_formats
    choices = [(str(i), f().get_title()) for i, f in enumerate(formats)]
                        ~^^
TypeError: 'XLSX' object is not callable
2025-05-25 18:44:44,637 ERROR Internal Server Error: /admin/students/students/export/
Traceback (most recent call last):
  File "C:\Users\Abdo\Desktop\students-manager\Lib\site-packages\django\core\handlers\exception.py", line 55, in inner
    response = get_response(request)
  File "C:\Users\Abdo\Desktop\students-manager\Lib\site-packages\django\core\handlers\base.py", line 197, in _get_response
    response = wrapped_callback(request, *callback_args, **callback_kwargs)
  File "C:\Users\Abdo\Desktop\students-manager\Lib\site-packages\django\utils\decorators.py", line 192, in _view_wrapper
    result = _process_exception(request, e)
  File "C:\Users\Abdo\Desktop\students-manager\Lib\site-packages\django\utils\decorators.py", line 190, in _view_wrapper
    response = view_func(request, *args, **kwargs)
  File "C:\Users\Abdo\Desktop\students-manager\Lib\site-packages\django\views\decorators\cache.py", line 80, in _view_wrapper
    response = view_func(request, *args, **kwargs)
  File "C:\Users\Abdo\Desktop\students-manager\Lib\site-packages\django\contrib\admin\sites.py", line 246, in inner
    return view(request, *args, **kwargs)
  File "C:\Users\Abdo\Desktop\students-manager\Lib\site-packages\import_export\admin.py", line 750, in export_action
    form = form_type(
        formats,
        self.get_export_resource_classes(request),
        data=request.POST or None,
    )
  File "C:\Users\Abdo\Desktop\students-manager\Lib\site-packages\import_export\forms.py", line 102, in __init__
    super().__init__(formats, resources, **kwargs)
    ~~~~~~~~~~~~~~~~^^^^^^^^^^^^^^^^^^^^^^^^^^^^^^
  File "C:\Users\Abdo\Desktop\students-manager\Lib\site-packages\import_export\forms.py", line 27, in __init__
    self._init_formats(formats)
    ~~~~~~~~~~~~~~~~~~^^^^^^^^^
  File "C:\Users\Abdo\Desktop\students-manager\Lib\site-packages\import_export\forms.py", line 43, in _init_formats
    choices = [(str(i), f().get_title()) for i, f in enumerate(formats)]
                        ~^^
TypeError: 'XLSX' object is not callable
2025-05-25 18:44:45,185 ERROR Internal Server Error: /admin/students/students/export/
Traceback (most recent call last):
  File "C:\Users\Abdo\Desktop\students-manager\Lib\site-packages\django\core\handlers\exception.py", line 55, in inner
    response = get_response(request)
  File "C:\Users\Abdo\Desktop\students-manager\Lib\site-packages\django\core\handlers\base.py", line 197, in _get_response
    response = wrapped_callback(request, *callback_args, **callback_kwargs)
  File "C:\Users\Abdo\Desktop\students-manager\Lib\site-packages\django\utils\decorators.py", line 192, in _view_wrapper
    result = _process_exception(request, e)
  File "C:\Users\Abdo\Desktop\students-manager\Lib\site-packages\django\utils\decorators.py", line 190, in _view_wrapper
    response = view_func(request, *args, **kwargs)
  File "C:\Users\Abdo\Desktop\students-manager\Lib\site-packages\django\views\decorators\cache.py", line 80, in _view_wrapper
    response = view_func(request, *args, **kwargs)
  File "C:\Users\Abdo\Desktop\students-manager\Lib\site-packages\django\contrib\admin\sites.py", line 246, in inner
    return view(request, *args, **kwargs)
  File "C:\Users\Abdo\Desktop\students-manager\Lib\site-packages\import_export\admin.py", line 750, in export_action
    form = form_type(
        formats,
        self.get_export_resource_classes(request),
        data=request.POST or None,
    )
  File "C:\Users\Abdo\Desktop\students-manager\Lib\site-packages\import_export\forms.py", line 102, in __init__
    super().__init__(formats, resources, **kwargs)
    ~~~~~~~~~~~~~~~~^^^^^^^^^^^^^^^^^^^^^^^^^^^^^^
  File "C:\Users\Abdo\Desktop\students-manager\Lib\site-packages\import_export\forms.py", line 27, in __init__
    self._init_formats(formats)
    ~~~~~~~~~~~~~~~~~~^^^^^^^^^
  File "C:\Users\Abdo\Desktop\students-manager\Lib\site-packages\import_export\forms.py", line 43, in _init_formats
    choices = [(str(i), f().get_title()) for i, f in enumerate(formats)]
                        ~^^
TypeError: 'XLSX' object is not callable
2025-05-25 18:44:45,804 ERROR Internal Server Error: /admin/students/students/export/
Traceback (most recent call last):
  File "C:\Users\Abdo\Desktop\students-manager\Lib\site-packages\django\core\handlers\exception.py", line 55, in inner
    response = get_response(request)
  File "C:\Users\Abdo\Desktop\students-manager\Lib\site-packages\django\core\handlers\base.py", line 197, in _get_response
    response = wrapped_callback(request, *callback_args, **callback_kwargs)
  File "C:\Users\Abdo\Desktop\students-manager\Lib\site-packages\django\utils\decorators.py", line 192, in _view_wrapper
    result = _process_exception(request, e)
  File "C:\Users\Abdo\Desktop\students-manager\Lib\site-packages\django\utils\decorators.py", line 190, in _view_wrapper
    response = view_func(request, *args, **kwargs)
  File "C:\Users\Abdo\Desktop\students-manager\Lib\site-packages\django\views\decorators\cache.py", line 80, in _view_wrapper
    response = view_func(request, *args, **kwargs)
  File "C:\Users\Abdo\Desktop\students-manager\Lib\site-packages\django\contrib\admin\sites.py", line 246, in inner
    return view(request, *args, **kwargs)
  File "C:\Users\Abdo\Desktop\students-manager\Lib\site-packages\import_export\admin.py", line 750, in export_action
    form = form_type(
        formats,
        self.get_export_resource_classes(request),
        data=request.POST or None,
    )
  File "C:\Users\Abdo\Desktop\students-manager\Lib\site-packages\import_export\forms.py", line 102, in __init__
    super().__init__(formats, resources, **kwargs)
    ~~~~~~~~~~~~~~~~^^^^^^^^^^^^^^^^^^^^^^^^^^^^^^
  File "C:\Users\Abdo\Desktop\students-manager\Lib\site-packages\import_export\forms.py", line 27, in __init__
    self._init_formats(formats)
    ~~~~~~~~~~~~~~~~~~^^^^^^^^^
  File "C:\Users\Abdo\Desktop\students-manager\Lib\site-packages\import_export\forms.py", line 43, in _init_formats
    choices = [(str(i), f().get_title()) for i, f in enumerate(formats)]
                        ~^^
TypeError: 'XLSX' object is not callable
2025-05-25 18:44:52,160 INFO C:\Users\Abdo\Desktop\students-manager\v2student_manager\students\admin.py changed, reloading.
2025-05-25 18:44:54,338 INFO Watching for file changes with StatReloader
2025-05-25 18:44:55,136 ERROR Internal Server Error: /admin/students/students/export/
Traceback (most recent call last):
  File "C:\Users\Abdo\Desktop\students-manager\Lib\site-packages\django\core\handlers\exception.py", line 55, in inner
    response = get_response(request)
  File "C:\Users\Abdo\Desktop\students-manager\Lib\site-packages\django\core\handlers\base.py", line 197, in _get_response
    response = wrapped_callback(request, *callback_args, **callback_kwargs)
  File "C:\Users\Abdo\Desktop\students-manager\Lib\site-packages\django\utils\decorators.py", line 192, in _view_wrapper
    result = _process_exception(request, e)
  File "C:\Users\Abdo\Desktop\students-manager\Lib\site-packages\django\utils\decorators.py", line 190, in _view_wrapper
    response = view_func(request, *args, **kwargs)
  File "C:\Users\Abdo\Desktop\students-manager\Lib\site-packages\django\views\decorators\cache.py", line 80, in _view_wrapper
    response = view_func(request, *args, **kwargs)
  File "C:\Users\Abdo\Desktop\students-manager\Lib\site-packages\django\contrib\admin\sites.py", line 246, in inner
    return view(request, *args, **kwargs)
  File "C:\Users\Abdo\Desktop\students-manager\Lib\site-packages\import_export\admin.py", line 745, in export_action
    formats = self.get_export_formats()
  File "C:\Users\Abdo\Desktop\students-manager\v2student_manager\students\admin.py", line 31, in get_export_formats
    return [fmt() for fmt in self.formats if fmt().can_export()]
                                             ~~~^^
TypeError: 'XLSX' object is not callable
2025-05-25 18:44:56,000 ERROR Internal Server Error: /admin/students/students/export/
Traceback (most recent call last):
  File "C:\Users\Abdo\Desktop\students-manager\Lib\site-packages\django\core\handlers\exception.py", line 55, in inner
    response = get_response(request)
  File "C:\Users\Abdo\Desktop\students-manager\Lib\site-packages\django\core\handlers\base.py", line 197, in _get_response
    response = wrapped_callback(request, *callback_args, **callback_kwargs)
  File "C:\Users\Abdo\Desktop\students-manager\Lib\site-packages\django\utils\decorators.py", line 192, in _view_wrapper
    result = _process_exception(request, e)
  File "C:\Users\Abdo\Desktop\students-manager\Lib\site-packages\django\utils\decorators.py", line 190, in _view_wrapper
    response = view_func(request, *args, **kwargs)
  File "C:\Users\Abdo\Desktop\students-manager\Lib\site-packages\django\views\decorators\cache.py", line 80, in _view_wrapper
    response = view_func(request, *args, **kwargs)
  File "C:\Users\Abdo\Desktop\students-manager\Lib\site-packages\django\contrib\admin\sites.py", line 246, in inner
    return view(request, *args, **kwargs)
  File "C:\Users\Abdo\Desktop\students-manager\Lib\site-packages\import_export\admin.py", line 745, in export_action
    formats = self.get_export_formats()
  File "C:\Users\Abdo\Desktop\students-manager\v2student_manager\students\admin.py", line 31, in get_export_formats
    return [fmt() for fmt in self.formats if fmt().can_export()]
                                             ~~~^^
TypeError: 'XLSX' object is not callable
2025-05-25 18:45:37,409 INFO C:\Users\Abdo\Desktop\students-manager\v2student_manager\students\admin.py changed, reloading.
2025-05-25 18:45:39,652 INFO Watching for file changes with StatReloader
2025-05-25 18:59:13,869 INFO C:\Users\Abdo\Desktop\students-manager\v2student_manager\students\views.py changed, reloading.
2025-05-25 18:59:16,998 INFO Watching for file changes with StatReloader
2025-05-25 18:59:41,399 INFO C:\Users\Abdo\Desktop\students-manager\v2student_manager\students\urls.py changed, reloading.
2025-05-25 18:59:44,156 INFO Watching for file changes with StatReloader
2025-05-25 21:23:58,583 INFO Watching for file changes with StatReloader
2025-05-25 21:24:05,356 WARNING Not Found: /favicon.ico
2025-05-25 21:39:18,381 INFO C:\Users\Abdo\Desktop\students-manager\v2student_manager\students\views.py changed, reloading.
2025-05-25 21:39:20,604 INFO Watching for file changes with StatReloader
2025-05-25 21:39:24,758 INFO C:\Users\Abdo\Desktop\students-manager\v2student_manager\students\views.py changed, reloading.
2025-05-25 23:07:35,150 INFO Watching for file changes with StatReloader
2025-05-25 23:07:36,002 WARNING Not Found: /favicon.ico
2025-05-25 23:22:10,567 WARNING The chromedriver version (136.0.7103.92) detected in PATH at C:\webdrivers\chromedriver.exe might not be compatible with the detected chrome version (137.0.7151.41); currently, chromedriver 137.0.7151.40 is recommended for chrome 137.*, so it is advised to delete the driver in PATH and retry
2025-05-25 23:22:39,165 INFO \u231b \u0627\u0646\u062a\u0638\u0631 \u0645\u0633\u062d QR \u0641\u064a WhatsApp Web …
2025-05-25 23:22:40,547 INFO \u2705 \u062c\u0627\u0647\u0632 \u0644\u0625\u0631\u0633\u0627\u0644 \u0627\u0644\u0631\u0633\u0627\u0626\u0644.
2025-05-25 23:22:49,615 INFO \U0001f4e9 \u0623\u0631\u0633\u0644\u0646\u0627 \u0631\u0633\u0627\u0644\u0629 \u0625\u0644\u0649 +201159024886 \u0641\u064a 23:22:49
2025-05-25 23:23:01,319 INFO \U0001f4e9 \u0623\u0631\u0633\u0644\u0646\u0627 \u0631\u0633\u0627\u0644\u0629 \u0625\u0644\u0649 +201117864837 \u0641\u064a 23:23:01
2025-05-25 23:23:35,480 WARNING \u26a0\ufe0f \u062a\u0639\u0637\u0644 \u0627\u0644\u0625\u0631\u0633\u0627\u0644 \u0625\u0644\u0649 +201120702595: Message: 
Stacktrace:
	GetHandleVerifier [0x00007FF70D1ECF25+75717]
	GetHandleVerifier [0x00007FF70D1ECF80+75808]
	(No symbol) [0x00007FF70CFB8F9A]
	(No symbol) [0x00007FF70D00F4C6]
	(No symbol) [0x00007FF70D00F77C]
	(No symbol) [0x00007FF70D062577]
	(No symbol) [0x00007FF70D0373BF]
	(No symbol) [0x00007FF70D05F39C]
	(No symbol) [0x00007FF70D037153]
	(No symbol) [0x00007FF70D000421]
	(No symbol) [0x00007FF70D0011B3]
	GetHandleVerifier [0x00007FF70D4ED6FD+3223453]
	GetHandleVerifier [0x00007FF70D4E7CA2+3200322]
	GetHandleVerifier [0x00007FF70D505AD3+3322739]
	GetHandleVerifier [0x00007FF70D2069FA+180890]
	GetHandleVerifier [0x00007FF70D20E0FF+211359]
	GetHandleVerifier [0x00007FF70D1F5274+109332]
	GetHandleVerifier [0x00007FF70D1F5422+109762]
	GetHandleVerifier [0x00007FF70D1DBA39+4825]
	BaseThreadInitThunk [0x00007FFA1B837374+20]
	RtlUserThreadStart [0x00007FFA1BA1CC91+33]
 — \u0627\u0644\u0645\u062d\u0627\u0648\u0644\u0629 \u0628\u0625\u0639\u0627\u062f\u0629 \u062a\u0634\u063a\u064a\u0644 \u0627\u0644\u062c\u0644\u0633\u0629
2025-05-25 23:24:09,430 ERROR \u274c we couldn`t resend the message +201120702595: Message: 
Stacktrace:
	GetHandleVerifier [0x00007FF70D1ECF25+75717]
	GetHandleVerifier [0x00007FF70D1ECF80+75808]
	(No symbol) [0x00007FF70CFB8F9A]
	(No symbol) [0x00007FF70D00F4C6]
	(No symbol) [0x00007FF70D00F77C]
	(No symbol) [0x00007FF70D062577]
	(No symbol) [0x00007FF70D0373BF]
	(No symbol) [0x00007FF70D05F39C]
	(No symbol) [0x00007FF70D037153]
	(No symbol) [0x00007FF70D000421]
	(No symbol) [0x00007FF70D0011B3]
	GetHandleVerifier [0x00007FF70D4ED6FD+3223453]
	GetHandleVerifier [0x00007FF70D4E7CA2+3200322]
	GetHandleVerifier [0x00007FF70D505AD3+3322739]
	GetHandleVerifier [0x00007FF70D2069FA+180890]
	GetHandleVerifier [0x00007FF70D20E0FF+211359]
	GetHandleVerifier [0x00007FF70D1F5274+109332]
	GetHandleVerifier [0x00007FF70D1F5422+109762]
	GetHandleVerifier [0x00007FF70D1DBA39+4825]
	BaseThreadInitThunk [0x00007FFA1B837374+20]
	RtlUserThreadStart [0x00007FFA1BA1CC91+33]

2025-05-25 23:24:19,692 INFO \U0001f4e9 \u0623\u0631\u0633\u0644\u0646\u0627 \u0631\u0633\u0627\u0644\u0629 \u0625\u0644\u0649 +201142866980 \u0641\u064a 23:24:19
2025-05-25 23:24:54,069 WARNING \u26a0\ufe0f \u062a\u0639\u0637\u0644 \u0627\u0644\u0625\u0631\u0633\u0627\u0644 \u0625\u0644\u0649 +20112883052: Message: 
Stacktrace:
	GetHandleVerifier [0x00007FF70D1ECF25+75717]
	GetHandleVerifier [0x00007FF70D1ECF80+75808]
	(No symbol) [0x00007FF70CFB8F9A]
	(No symbol) [0x00007FF70D00F4C6]
	(No symbol) [0x00007FF70D00F77C]
	(No symbol) [0x00007FF70D062577]
	(No symbol) [0x00007FF70D0373BF]
	(No symbol) [0x00007FF70D05F39C]
	(No symbol) [0x00007FF70D037153]
	(No symbol) [0x00007FF70D000421]
	(No symbol) [0x00007FF70D0011B3]
	GetHandleVerifier [0x00007FF70D4ED6FD+3223453]
	GetHandleVerifier [0x00007FF70D4E7CA2+3200322]
	GetHandleVerifier [0x00007FF70D505AD3+3322739]
	GetHandleVerifier [0x00007FF70D2069FA+180890]
	GetHandleVerifier [0x00007FF70D20E0FF+211359]
	GetHandleVerifier [0x00007FF70D1F5274+109332]
	GetHandleVerifier [0x00007FF70D1F5422+109762]
	GetHandleVerifier [0x00007FF70D1DBA39+4825]
	BaseThreadInitThunk [0x00007FFA1B837374+20]
	RtlUserThreadStart [0x00007FFA1BA1CC91+33]
 — \u0627\u0644\u0645\u062d\u0627\u0648\u0644\u0629 \u0628\u0625\u0639\u0627\u062f\u0629 \u062a\u0634\u063a\u064a\u0644 \u0627\u0644\u062c\u0644\u0633\u0629
2025-05-25 23:25:27,760 ERROR \u274c we couldn`t resend the message +20112883052: Message: 
Stacktrace:
	GetHandleVerifier [0x00007FF70D1ECF25+75717]
	GetHandleVerifier [0x00007FF70D1ECF80+75808]
	(No symbol) [0x00007FF70CFB8F9A]
	(No symbol) [0x00007FF70D00F4C6]
	(No symbol) [0x00007FF70D00F77C]
	(No symbol) [0x00007FF70D062577]
	(No symbol) [0x00007FF70D0373BF]
	(No symbol) [0x00007FF70D05F39C]
	(No symbol) [0x00007FF70D037153]
	(No symbol) [0x00007FF70D000421]
	(No symbol) [0x00007FF70D0011B3]
	GetHandleVerifier [0x00007FF70D4ED6FD+3223453]
	GetHandleVerifier [0x00007FF70D4E7CA2+3200322]
	GetHandleVerifier [0x00007FF70D505AD3+3322739]
	GetHandleVerifier [0x00007FF70D2069FA+180890]
	GetHandleVerifier [0x00007FF70D20E0FF+211359]
	GetHandleVerifier [0x00007FF70D1F5274+109332]
	GetHandleVerifier [0x00007FF70D1F5422+109762]
	GetHandleVerifier [0x00007FF70D1DBA39+4825]
	BaseThreadInitThunk [0x00007FFA1B837374+20]
	RtlUserThreadStart [0x00007FFA1BA1CC91+33]

2025-05-25 23:25:36,855 INFO \U0001f4e9 \u0623\u0631\u0633\u0644\u0646\u0627 \u0631\u0633\u0627\u0644\u0629 \u0625\u0644\u0649 +201150705744 \u0641\u064a 23:25:36
2025-05-25 23:26:15,653 WARNING \u26a0\ufe0f \u062a\u0639\u0637\u0644 \u0627\u0644\u0625\u0631\u0633\u0627\u0644 \u0625\u0644\u0649 +201151049866: Message: 
Stacktrace:
	GetHandleVerifier [0x00007FF70D1ECF25+75717]
	GetHandleVerifier [0x00007FF70D1ECF80+75808]
	(No symbol) [0x00007FF70CFB8F9A]
	(No symbol) [0x00007FF70D00F4C6]
	(No symbol) [0x00007FF70D00F77C]
	(No symbol) [0x00007FF70D062577]
	(No symbol) [0x00007FF70D0373BF]
	(No symbol) [0x00007FF70D05F39C]
	(No symbol) [0x00007FF70D037153]
	(No symbol) [0x00007FF70D000421]
	(No symbol) [0x00007FF70D0011B3]
	GetHandleVerifier [0x00007FF70D4ED6FD+3223453]
	GetHandleVerifier [0x00007FF70D4E7CA2+3200322]
	GetHandleVerifier [0x00007FF70D505AD3+3322739]
	GetHandleVerifier [0x00007FF70D2069FA+180890]
	GetHandleVerifier [0x00007FF70D20E0FF+211359]
	GetHandleVerifier [0x00007FF70D1F5274+109332]
	GetHandleVerifier [0x00007FF70D1F5422+109762]
	GetHandleVerifier [0x00007FF70D1DBA39+4825]
	BaseThreadInitThunk [0x00007FFA1B837374+20]
	RtlUserThreadStart [0x00007FFA1BA1CC91+33]
 — \u0627\u0644\u0645\u062d\u0627\u0648\u0644\u0629 \u0628\u0625\u0639\u0627\u062f\u0629 \u062a\u0634\u063a\u064a\u0644 \u0627\u0644\u062c\u0644\u0633\u0629
2025-05-25 23:26:46,845 ERROR \u274c we couldn`t resend the message +201151049866: Message: 
Stacktrace:
	GetHandleVerifier [0x00007FF70D1ECF25+75717]
	GetHandleVerifier [0x00007FF70D1ECF80+75808]
	(No symbol) [0x00007FF70CFB8F9A]
	(No symbol) [0x00007FF70D00F4C6]
	(No symbol) [0x00007FF70D00F77C]
	(No symbol) [0x00007FF70D062577]
	(No symbol) [0x00007FF70D0373BF]
	(No symbol) [0x00007FF70D05F39C]
	(No symbol) [0x00007FF70D037153]
	(No symbol) [0x00007FF70D000421]
	(No symbol) [0x00007FF70D0011B3]
	GetHandleVerifier [0x00007FF70D4ED6FD+3223453]
	GetHandleVerifier [0x00007FF70D4E7CA2+3200322]
	GetHandleVerifier [0x00007FF70D505AD3+3322739]
	GetHandleVerifier [0x00007FF70D2069FA+180890]
	GetHandleVerifier [0x00007FF70D20E0FF+211359]
	GetHandleVerifier [0x00007FF70D1F5274+109332]
	GetHandleVerifier [0x00007FF70D1F5422+109762]
	GetHandleVerifier [0x00007FF70D1DBA39+4825]
	BaseThreadInitThunk [0x00007FFA1B837374+20]
	RtlUserThreadStart [0x00007FFA1BA1CC91+33]

2025-05-25 23:26:55,940 INFO \U0001f4e9 \u0623\u0631\u0633\u0644\u0646\u0627 \u0631\u0633\u0627\u0644\u0629 \u0625\u0644\u0649 +201103936698 \u0641\u064a 23:26:55
2025-05-25 23:27:06,375 INFO \U0001f4e9 \u0623\u0631\u0633\u0644\u0646\u0627 \u0631\u0633\u0627\u0644\u0629 \u0625\u0644\u0649 +201120799288 \u0641\u064a 23:27:06
2025-05-25 23:27:42,995 WARNING \u26a0\ufe0f \u062a\u0639\u0637\u0644 \u0627\u0644\u0625\u0631\u0633\u0627\u0644 \u0625\u0644\u0649 +201120702595: Message: 
Stacktrace:
	GetHandleVerifier [0x00007FF70D1ECF25+75717]
	GetHandleVerifier [0x00007FF70D1ECF80+75808]
	(No symbol) [0x00007FF70CFB8F9A]
	(No symbol) [0x00007FF70D00F4C6]
	(No symbol) [0x00007FF70D00F77C]
	(No symbol) [0x00007FF70D062577]
	(No symbol) [0x00007FF70D0373BF]
	(No symbol) [0x00007FF70D05F39C]
	(No symbol) [0x00007FF70D037153]
	(No symbol) [0x00007FF70D000421]
	(No symbol) [0x00007FF70D0011B3]
	GetHandleVerifier [0x00007FF70D4ED6FD+3223453]
	GetHandleVerifier [0x00007FF70D4E7CA2+3200322]
	GetHandleVerifier [0x00007FF70D505AD3+3322739]
	GetHandleVerifier [0x00007FF70D2069FA+180890]
	GetHandleVerifier [0x00007FF70D20E0FF+211359]
	GetHandleVerifier [0x00007FF70D1F5274+109332]
	GetHandleVerifier [0x00007FF70D1F5422+109762]
	GetHandleVerifier [0x00007FF70D1DBA39+4825]
	BaseThreadInitThunk [0x00007FFA1B837374+20]
	RtlUserThreadStart [0x00007FFA1BA1CC91+33]
 — \u0627\u0644\u0645\u062d\u0627\u0648\u0644\u0629 \u0628\u0625\u0639\u0627\u062f\u0629 \u062a\u0634\u063a\u064a\u0644 \u0627\u0644\u062c\u0644\u0633\u0629
2025-05-25 23:28:14,581 ERROR \u274c we couldn`t resend the message +201120702595: Message: 
Stacktrace:
	GetHandleVerifier [0x00007FF70D1ECF25+75717]
	GetHandleVerifier [0x00007FF70D1ECF80+75808]
	(No symbol) [0x00007FF70CFB8F9A]
	(No symbol) [0x00007FF70D00F4C6]
	(No symbol) [0x00007FF70D00F77C]
	(No symbol) [0x00007FF70D062577]
	(No symbol) [0x00007FF70D0373BF]
	(No symbol) [0x00007FF70D05F39C]
	(No symbol) [0x00007FF70D037153]
	(No symbol) [0x00007FF70D000421]
	(No symbol) [0x00007FF70D0011B3]
	GetHandleVerifier [0x00007FF70D4ED6FD+3223453]
	GetHandleVerifier [0x00007FF70D4E7CA2+3200322]
	GetHandleVerifier [0x00007FF70D505AD3+3322739]
	GetHandleVerifier [0x00007FF70D2069FA+180890]
	GetHandleVerifier [0x00007FF70D20E0FF+211359]
	GetHandleVerifier [0x00007FF70D1F5274+109332]
	GetHandleVerifier [0x00007FF70D1F5422+109762]
	GetHandleVerifier [0x00007FF70D1DBA39+4825]
	BaseThreadInitThunk [0x00007FFA1B837374+20]
	RtlUserThreadStart [0x00007FFA1BA1CC91+33]

2025-05-25 23:28:47,024 WARNING \u26a0\ufe0f \u062a\u0639\u0637\u0644 \u0627\u0644\u0625\u0631\u0633\u0627\u0644 \u0625\u0644\u0649 +201141913650: Message: 
Stacktrace:
	GetHandleVerifier [0x00007FF70D1ECF25+75717]
	GetHandleVerifier [0x00007FF70D1ECF80+75808]
	(No symbol) [0x00007FF70CFB8F9A]
	(No symbol) [0x00007FF70D00F4C6]
	(No symbol) [0x00007FF70D00F77C]
	(No symbol) [0x00007FF70D062577]
	(No symbol) [0x00007FF70D0373BF]
	(No symbol) [0x00007FF70D05F39C]
	(No symbol) [0x00007FF70D037153]
	(No symbol) [0x00007FF70D000421]
	(No symbol) [0x00007FF70D0011B3]
	GetHandleVerifier [0x00007FF70D4ED6FD+3223453]
	GetHandleVerifier [0x00007FF70D4E7CA2+3200322]
	GetHandleVerifier [0x00007FF70D505AD3+3322739]
	GetHandleVerifier [0x00007FF70D2069FA+180890]
	GetHandleVerifier [0x00007FF70D20E0FF+211359]
	GetHandleVerifier [0x00007FF70D1F5274+109332]
	GetHandleVerifier [0x00007FF70D1F5422+109762]
	GetHandleVerifier [0x00007FF70D1DBA39+4825]
	BaseThreadInitThunk [0x00007FFA1B837374+20]
	RtlUserThreadStart [0x00007FFA1BA1CC91+33]
 — \u0627\u0644\u0645\u062d\u0627\u0648\u0644\u0629 \u0628\u0625\u0639\u0627\u062f\u0629 \u062a\u0634\u063a\u064a\u0644 \u0627\u0644\u062c\u0644\u0633\u0629
2025-05-25 23:29:18,407 ERROR \u274c we couldn`t resend the message +201141913650: Message: 
Stacktrace:
	GetHandleVerifier [0x00007FF70D1ECF25+75717]
	GetHandleVerifier [0x00007FF70D1ECF80+75808]
	(No symbol) [0x00007FF70CFB8F9A]
	(No symbol) [0x00007FF70D00F4C6]
	(No symbol) [0x00007FF70D00F77C]
	(No symbol) [0x00007FF70D062577]
	(No symbol) [0x00007FF70D0373BF]
	(No symbol) [0x00007FF70D05F39C]
	(No symbol) [0x00007FF70D037153]
	(No symbol) [0x00007FF70D000421]
	(No symbol) [0x00007FF70D0011B3]
	GetHandleVerifier [0x00007FF70D4ED6FD+3223453]
	GetHandleVerifier [0x00007FF70D4E7CA2+3200322]
	GetHandleVerifier [0x00007FF70D505AD3+3322739]
	GetHandleVerifier [0x00007FF70D2069FA+180890]
	GetHandleVerifier [0x00007FF70D20E0FF+211359]
	GetHandleVerifier [0x00007FF70D1F5274+109332]
	GetHandleVerifier [0x00007FF70D1F5422+109762]
	GetHandleVerifier [0x00007FF70D1DBA39+4825]
	BaseThreadInitThunk [0x00007FFA1B837374+20]
	RtlUserThreadStart [0x00007FFA1BA1CC91+33]

2025-05-25 23:29:28,401 INFO \U0001f4e9 \u0623\u0631\u0633\u0644\u0646\u0627 \u0631\u0633\u0627\u0644\u0629 \u0625\u0644\u0649 +201097152101 \u0641\u064a 23:29:28
2025-05-25 23:30:02,646 WARNING \u26a0\ufe0f \u062a\u0639\u0637\u0644 \u0627\u0644\u0625\u0631\u0633\u0627\u0644 \u0625\u0644\u0649 +201116938236: Message: 
Stacktrace:
	GetHandleVerifier [0x00007FF70D1ECF25+75717]
	GetHandleVerifier [0x00007FF70D1ECF80+75808]
	(No symbol) [0x00007FF70CFB8F9A]
	(No symbol) [0x00007FF70D00F4C6]
	(No symbol) [0x00007FF70D00F77C]
	(No symbol) [0x00007FF70D062577]
	(No symbol) [0x00007FF70D0373BF]
	(No symbol) [0x00007FF70D05F39C]
	(No symbol) [0x00007FF70D037153]
	(No symbol) [0x00007FF70D000421]
	(No symbol) [0x00007FF70D0011B3]
	GetHandleVerifier [0x00007FF70D4ED6FD+3223453]
	GetHandleVerifier [0x00007FF70D4E7CA2+3200322]
	GetHandleVerifier [0x00007FF70D505AD3+3322739]
	GetHandleVerifier [0x00007FF70D2069FA+180890]
	GetHandleVerifier [0x00007FF70D20E0FF+211359]
	GetHandleVerifier [0x00007FF70D1F5274+109332]
	GetHandleVerifier [0x00007FF70D1F5422+109762]
	GetHandleVerifier [0x00007FF70D1DBA39+4825]
	BaseThreadInitThunk [0x00007FFA1B837374+20]
	RtlUserThreadStart [0x00007FFA1BA1CC91+33]
 — \u0627\u0644\u0645\u062d\u0627\u0648\u0644\u0629 \u0628\u0625\u0639\u0627\u062f\u0629 \u062a\u0634\u063a\u064a\u0644 \u0627\u0644\u062c\u0644\u0633\u0629
2025-05-25 23:30:34,274 ERROR \u274c we couldn`t resend the message +201116938236: Message: 
Stacktrace:
	GetHandleVerifier [0x00007FF70D1ECF25+75717]
	GetHandleVerifier [0x00007FF70D1ECF80+75808]
	(No symbol) [0x00007FF70CFB8F9A]
	(No symbol) [0x00007FF70D00F4C6]
	(No symbol) [0x00007FF70D00F77C]
	(No symbol) [0x00007FF70D062577]
	(No symbol) [0x00007FF70D0373BF]
	(No symbol) [0x00007FF70D05F39C]
	(No symbol) [0x00007FF70D037153]
	(No symbol) [0x00007FF70D000421]
	(No symbol) [0x00007FF70D0011B3]
	GetHandleVerifier [0x00007FF70D4ED6FD+3223453]
	GetHandleVerifier [0x00007FF70D4E7CA2+3200322]
	GetHandleVerifier [0x00007FF70D505AD3+3322739]
	GetHandleVerifier [0x00007FF70D2069FA+180890]
	GetHandleVerifier [0x00007FF70D20E0FF+211359]
	GetHandleVerifier [0x00007FF70D1F5274+109332]
	GetHandleVerifier [0x00007FF70D1F5422+109762]
	GetHandleVerifier [0x00007FF70D1DBA39+4825]
	BaseThreadInitThunk [0x00007FFA1B837374+20]
	RtlUserThreadStart [0x00007FFA1BA1CC91+33]

2025-05-25 23:31:07,092 WARNING \u26a0\ufe0f \u062a\u0639\u0637\u0644 \u0627\u0644\u0625\u0631\u0633\u0627\u0644 \u0625\u0644\u0649 +201116938236: Message: 
Stacktrace:
	GetHandleVerifier [0x00007FF70D1ECF25+75717]
	GetHandleVerifier [0x00007FF70D1ECF80+75808]
	(No symbol) [0x00007FF70CFB8F9A]
	(No symbol) [0x00007FF70D00F4C6]
	(No symbol) [0x00007FF70D00F77C]
	(No symbol) [0x00007FF70D062577]
	(No symbol) [0x00007FF70D0373BF]
	(No symbol) [0x00007FF70D05F39C]
	(No symbol) [0x00007FF70D037153]
	(No symbol) [0x00007FF70D000421]
	(No symbol) [0x00007FF70D0011B3]
	GetHandleVerifier [0x00007FF70D4ED6FD+3223453]
	GetHandleVerifier [0x00007FF70D4E7CA2+3200322]
	GetHandleVerifier [0x00007FF70D505AD3+3322739]
	GetHandleVerifier [0x00007FF70D2069FA+180890]
	GetHandleVerifier [0x00007FF70D20E0FF+211359]
	GetHandleVerifier [0x00007FF70D1F5274+109332]
	GetHandleVerifier [0x00007FF70D1F5422+109762]
	GetHandleVerifier [0x00007FF70D1DBA39+4825]
	BaseThreadInitThunk [0x00007FFA1B837374+20]
	RtlUserThreadStart [0x00007FFA1BA1CC91+33]
 — \u0627\u0644\u0645\u062d\u0627\u0648\u0644\u0629 \u0628\u0625\u0639\u0627\u062f\u0629 \u062a\u0634\u063a\u064a\u0644 \u0627\u0644\u062c\u0644\u0633\u0629
2025-05-25 23:31:38,457 ERROR \u274c we couldn`t resend the message +201116938236: Message: 
Stacktrace:
	GetHandleVerifier [0x00007FF70D1ECF25+75717]
	GetHandleVerifier [0x00007FF70D1ECF80+75808]
	(No symbol) [0x00007FF70CFB8F9A]
	(No symbol) [0x00007FF70D00F4C6]
	(No symbol) [0x00007FF70D00F77C]
	(No symbol) [0x00007FF70D062577]
	(No symbol) [0x00007FF70D0373BF]
	(No symbol) [0x00007FF70D05F39C]
	(No symbol) [0x00007FF70D037153]
	(No symbol) [0x00007FF70D000421]
	(No symbol) [0x00007FF70D0011B3]
	GetHandleVerifier [0x00007FF70D4ED6FD+3223453]
	GetHandleVerifier [0x00007FF70D4E7CA2+3200322]
	GetHandleVerifier [0x00007FF70D505AD3+3322739]
	GetHandleVerifier [0x00007FF70D2069FA+180890]
	GetHandleVerifier [0x00007FF70D20E0FF+211359]
	GetHandleVerifier [0x00007FF70D1F5274+109332]
	GetHandleVerifier [0x00007FF70D1F5422+109762]
	GetHandleVerifier [0x00007FF70D1DBA39+4825]
	BaseThreadInitThunk [0x00007FFA1B837374+20]
	RtlUserThreadStart [0x00007FFA1BA1CC91+33]

2025-05-25 23:31:48,000 INFO \U0001f4e9 \u0623\u0631\u0633\u0644\u0646\u0627 \u0631\u0633\u0627\u0644\u0629 \u0625\u0644\u0649 +201143889563 \u0641\u064a 23:31:48
2025-05-25 23:31:59,032 INFO \U0001f4e9 \u0623\u0631\u0633\u0644\u0646\u0627 \u0631\u0633\u0627\u0644\u0629 \u0625\u0644\u0649 +201120050871 \u0641\u064a 23:31:59
2025-05-25 23:32:10,977 INFO \U0001f4e9 \u0623\u0631\u0633\u0644\u0646\u0627 \u0631\u0633\u0627\u0644\u0629 \u0625\u0644\u0649 +201100768337 \u0641\u064a 23:32:10
2025-05-25 23:32:22,723 INFO \U0001f4e9 \u0623\u0631\u0633\u0644\u0646\u0627 \u0631\u0633\u0627\u0644\u0629 \u0625\u0644\u0649 +201100939246 \u0641\u064a 23:32:22
2025-05-25 23:32:34,027 INFO \U0001f4e9 \u0623\u0631\u0633\u0644\u0646\u0627 \u0631\u0633\u0627\u0644\u0629 \u0625\u0644\u0649 +201026362647 \u0641\u064a 23:32:34
2025-05-25 23:32:45,545 INFO \U0001f4e9 \u0623\u0631\u0633\u0644\u0646\u0627 \u0631\u0633\u0627\u0644\u0629 \u0625\u0644\u0649 +201114794206 \u0641\u064a 23:32:45
2025-05-25 23:32:56,996 INFO \U0001f4e9 \u0623\u0631\u0633\u0644\u0646\u0627 \u0631\u0633\u0627\u0644\u0629 \u0625\u0644\u0649 +201142864417 \u0641\u064a 23:32:56
2025-05-25 23:33:31,206 WARNING \u26a0\ufe0f \u062a\u0639\u0637\u0644 \u0627\u0644\u0625\u0631\u0633\u0627\u0644 \u0625\u0644\u0649 +201151598837: Message: 
Stacktrace:
	GetHandleVerifier [0x00007FF70D1ECF25+75717]
	GetHandleVerifier [0x00007FF70D1ECF80+75808]
	(No symbol) [0x00007FF70CFB8F9A]
	(No symbol) [0x00007FF70D00F4C6]
	(No symbol) [0x00007FF70D00F77C]
	(No symbol) [0x00007FF70D062577]
	(No symbol) [0x00007FF70D0373BF]
	(No symbol) [0x00007FF70D05F39C]
	(No symbol) [0x00007FF70D037153]
	(No symbol) [0x00007FF70D000421]
	(No symbol) [0x00007FF70D0011B3]
	GetHandleVerifier [0x00007FF70D4ED6FD+3223453]
	GetHandleVerifier [0x00007FF70D4E7CA2+3200322]
	GetHandleVerifier [0x00007FF70D505AD3+3322739]
	GetHandleVerifier [0x00007FF70D2069FA+180890]
	GetHandleVerifier [0x00007FF70D20E0FF+211359]
	GetHandleVerifier [0x00007FF70D1F5274+109332]
	GetHandleVerifier [0x00007FF70D1F5422+109762]
	GetHandleVerifier [0x00007FF70D1DBA39+4825]
	BaseThreadInitThunk [0x00007FFA1B837374+20]
	RtlUserThreadStart [0x00007FFA1BA1CC91+33]
 — \u0627\u0644\u0645\u062d\u0627\u0648\u0644\u0629 \u0628\u0625\u0639\u0627\u062f\u0629 \u062a\u0634\u063a\u064a\u0644 \u0627\u0644\u062c\u0644\u0633\u0629
2025-05-25 23:34:02,804 ERROR \u274c we couldn`t resend the message +201151598837: Message: 
Stacktrace:
	GetHandleVerifier [0x00007FF70D1ECF25+75717]
	GetHandleVerifier [0x00007FF70D1ECF80+75808]
	(No symbol) [0x00007FF70CFB8F9A]
	(No symbol) [0x00007FF70D00F4C6]
	(No symbol) [0x00007FF70D00F77C]
	(No symbol) [0x00007FF70D062577]
	(No symbol) [0x00007FF70D0373BF]
	(No symbol) [0x00007FF70D05F39C]
	(No symbol) [0x00007FF70D037153]
	(No symbol) [0x00007FF70D000421]
	(No symbol) [0x00007FF70D0011B3]
	GetHandleVerifier [0x00007FF70D4ED6FD+3223453]
	GetHandleVerifier [0x00007FF70D4E7CA2+3200322]
	GetHandleVerifier [0x00007FF70D505AD3+3322739]
	GetHandleVerifier [0x00007FF70D2069FA+180890]
	GetHandleVerifier [0x00007FF70D20E0FF+211359]
	GetHandleVerifier [0x00007FF70D1F5274+109332]
	GetHandleVerifier [0x00007FF70D1F5422+109762]
	GetHandleVerifier [0x00007FF70D1DBA39+4825]
	BaseThreadInitThunk [0x00007FFA1B837374+20]
	RtlUserThreadStart [0x00007FFA1BA1CC91+33]

2025-05-25 23:34:12,574 INFO \U0001f4e9 \u0623\u0631\u0633\u0644\u0646\u0627 \u0631\u0633\u0627\u0644\u0629 \u0625\u0644\u0649 +201153303592 \u0641\u064a 23:34:12
2025-05-25 23:34:23,797 INFO \U0001f4e9 \u0623\u0631\u0633\u0644\u0646\u0627 \u0631\u0633\u0627\u0644\u0629 \u0625\u0644\u0649 +201144285587 \u0641\u064a 23:34:23
2025-05-25 23:34:35,189 INFO \U0001f4e9 \u0623\u0631\u0633\u0644\u0646\u0627 \u0631\u0633\u0627\u0644\u0629 \u0625\u0644\u0649 +201125693962 \u0641\u064a 23:34:35
2025-05-25 23:34:46,984 INFO \U0001f4e9 \u0623\u0631\u0633\u0644\u0646\u0627 \u0631\u0633\u0627\u0644\u0629 \u0625\u0644\u0649 +201144285587 \u0641\u064a 23:34:46
2025-05-25 23:34:57,996 INFO \U0001f4e9 \u0623\u0631\u0633\u0644\u0646\u0627 \u0631\u0633\u0627\u0644\u0629 \u0625\u0644\u0649 +201113697202 \u0641\u064a 23:34:57
2025-05-25 23:35:09,335 INFO \U0001f4e9 \u0623\u0631\u0633\u0644\u0646\u0627 \u0631\u0633\u0627\u0644\u0629 \u0625\u0644\u0649 +201142576858 \u0641\u064a 23:35:09
2025-05-25 23:35:20,625 INFO \U0001f4e9 \u0623\u0631\u0633\u0644\u0646\u0627 \u0631\u0633\u0627\u0644\u0629 \u0625\u0644\u0649 +201121830877 \u0641\u064a 23:35:20
2025-05-25 23:35:31,943 INFO \U0001f4e9 \u0623\u0631\u0633\u0644\u0646\u0627 \u0631\u0633\u0627\u0644\u0629 \u0625\u0644\u0649 +201153937858 \u0641\u064a 23:35:31
2025-05-25 23:36:06,101 WARNING \u26a0\ufe0f \u062a\u0639\u0637\u0644 \u0627\u0644\u0625\u0631\u0633\u0627\u0644 \u0625\u0644\u0649 +201143552445: Message: 
Stacktrace:
	GetHandleVerifier [0x00007FF70D1ECF25+75717]
	GetHandleVerifier [0x00007FF70D1ECF80+75808]
	(No symbol) [0x00007FF70CFB8F9A]
	(No symbol) [0x00007FF70D00F4C6]
	(No symbol) [0x00007FF70D00F77C]
	(No symbol) [0x00007FF70D062577]
	(No symbol) [0x00007FF70D0373BF]
	(No symbol) [0x00007FF70D05F39C]
	(No symbol) [0x00007FF70D037153]
	(No symbol) [0x00007FF70D000421]
	(No symbol) [0x00007FF70D0011B3]
	GetHandleVerifier [0x00007FF70D4ED6FD+3223453]
	GetHandleVerifier [0x00007FF70D4E7CA2+3200322]
	GetHandleVerifier [0x00007FF70D505AD3+3322739]
	GetHandleVerifier [0x00007FF70D2069FA+180890]
	GetHandleVerifier [0x00007FF70D20E0FF+211359]
	GetHandleVerifier [0x00007FF70D1F5274+109332]
	GetHandleVerifier [0x00007FF70D1F5422+109762]
	GetHandleVerifier [0x00007FF70D1DBA39+4825]
	BaseThreadInitThunk [0x00007FFA1B837374+20]
	RtlUserThreadStart [0x00007FFA1BA1CC91+33]
 — \u0627\u0644\u0645\u062d\u0627\u0648\u0644\u0629 \u0628\u0625\u0639\u0627\u062f\u0629 \u062a\u0634\u063a\u064a\u0644 \u0627\u0644\u062c\u0644\u0633\u0629
2025-05-25 23:36:37,682 ERROR \u274c we couldn`t resend the message +201143552445: Message: 
Stacktrace:
	GetHandleVerifier [0x00007FF70D1ECF25+75717]
	GetHandleVerifier [0x00007FF70D1ECF80+75808]
	(No symbol) [0x00007FF70CFB8F9A]
	(No symbol) [0x00007FF70D00F4C6]
	(No symbol) [0x00007FF70D00F77C]
	(No symbol) [0x00007FF70D062577]
	(No symbol) [0x00007FF70D0373BF]
	(No symbol) [0x00007FF70D05F39C]
	(No symbol) [0x00007FF70D037153]
	(No symbol) [0x00007FF70D000421]
	(No symbol) [0x00007FF70D0011B3]
	GetHandleVerifier [0x00007FF70D4ED6FD+3223453]
	GetHandleVerifier [0x00007FF70D4E7CA2+3200322]
	GetHandleVerifier [0x00007FF70D505AD3+3322739]
	GetHandleVerifier [0x00007FF70D2069FA+180890]
	GetHandleVerifier [0x00007FF70D20E0FF+211359]
	GetHandleVerifier [0x00007FF70D1F5274+109332]
	GetHandleVerifier [0x00007FF70D1F5422+109762]
	GetHandleVerifier [0x00007FF70D1DBA39+4825]
	BaseThreadInitThunk [0x00007FFA1B837374+20]
	RtlUserThreadStart [0x00007FFA1BA1CC91+33]

2025-05-25 23:37:10,097 INFO \U0001f4e9 \u0623\u0631\u0633\u0644\u0646\u0627 \u0631\u0633\u0627\u0644\u0629 \u0625\u0644\u0649 +201157809059 \u0641\u064a 23:37:10
2025-05-25 23:37:44,968 WARNING \u26a0\ufe0f \u062a\u0639\u0637\u0644 \u0627\u0644\u0625\u0631\u0633\u0627\u0644 \u0625\u0644\u0649 +201127506447: Message: 
Stacktrace:
	GetHandleVerifier [0x00007FF70D1ECF25+75717]
	GetHandleVerifier [0x00007FF70D1ECF80+75808]
	(No symbol) [0x00007FF70CFB8F9A]
	(No symbol) [0x00007FF70D00F4C6]
	(No symbol) [0x00007FF70D00F77C]
	(No symbol) [0x00007FF70D062577]
	(No symbol) [0x00007FF70D0373BF]
	(No symbol) [0x00007FF70D05F39C]
	(No symbol) [0x00007FF70D037153]
	(No symbol) [0x00007FF70D000421]
	(No symbol) [0x00007FF70D0011B3]
	GetHandleVerifier [0x00007FF70D4ED6FD+3223453]
	GetHandleVerifier [0x00007FF70D4E7CA2+3200322]
	GetHandleVerifier [0x00007FF70D505AD3+3322739]
	GetHandleVerifier [0x00007FF70D2069FA+180890]
	GetHandleVerifier [0x00007FF70D20E0FF+211359]
	GetHandleVerifier [0x00007FF70D1F5274+109332]
	GetHandleVerifier [0x00007FF70D1F5422+109762]
	GetHandleVerifier [0x00007FF70D1DBA39+4825]
	BaseThreadInitThunk [0x00007FFA1B837374+20]
	RtlUserThreadStart [0x00007FFA1BA1CC91+33]
 — \u0627\u0644\u0645\u062d\u0627\u0648\u0644\u0629 \u0628\u0625\u0639\u0627\u062f\u0629 \u062a\u0634\u063a\u064a\u0644 \u0627\u0644\u062c\u0644\u0633\u0629
2025-05-25 23:38:16,334 ERROR \u274c we couldn`t resend the message +201127506447: Message: 
Stacktrace:
	GetHandleVerifier [0x00007FF70D1ECF25+75717]
	GetHandleVerifier [0x00007FF70D1ECF80+75808]
	(No symbol) [0x00007FF70CFB8F9A]
	(No symbol) [0x00007FF70D00F4C6]
	(No symbol) [0x00007FF70D00F77C]
	(No symbol) [0x00007FF70D062577]
	(No symbol) [0x00007FF70D0373BF]
	(No symbol) [0x00007FF70D05F39C]
	(No symbol) [0x00007FF70D037153]
	(No symbol) [0x00007FF70D000421]
	(No symbol) [0x00007FF70D0011B3]
	GetHandleVerifier [0x00007FF70D4ED6FD+3223453]
	GetHandleVerifier [0x00007FF70D4E7CA2+3200322]
	GetHandleVerifier [0x00007FF70D505AD3+3322739]
	GetHandleVerifier [0x00007FF70D2069FA+180890]
	GetHandleVerifier [0x00007FF70D20E0FF+211359]
	GetHandleVerifier [0x00007FF70D1F5274+109332]
	GetHandleVerifier [0x00007FF70D1F5422+109762]
	GetHandleVerifier [0x00007FF70D1DBA39+4825]
	BaseThreadInitThunk [0x00007FFA1B837374+20]
	RtlUserThreadStart [0x00007FFA1BA1CC91+33]

2025-05-25 23:38:29,800 INFO \U0001f4e9 \u0623\u0631\u0633\u0644\u0646\u0627 \u0631\u0633\u0627\u0644\u0629 \u0625\u0644\u0649 +201127506447 \u0641\u064a 23:38:29
2025-05-25 23:39:08,272 WARNING \u26a0\ufe0f \u062a\u0639\u0637\u0644 \u0627\u0644\u0625\u0631\u0633\u0627\u0644 \u0625\u0644\u0649 +201096485859: Message: 
Stacktrace:
	GetHandleVerifier [0x00007FF70D1ECF25+75717]
	GetHandleVerifier [0x00007FF70D1ECF80+75808]
	(No symbol) [0x00007FF70CFB8F9A]
	(No symbol) [0x00007FF70D00F4C6]
	(No symbol) [0x00007FF70D00F77C]
	(No symbol) [0x00007FF70D062577]
	(No symbol) [0x00007FF70D0373BF]
	(No symbol) [0x00007FF70D05F39C]
	(No symbol) [0x00007FF70D037153]
	(No symbol) [0x00007FF70D000421]
	(No symbol) [0x00007FF70D0011B3]
	GetHandleVerifier [0x00007FF70D4ED6FD+3223453]
	GetHandleVerifier [0x00007FF70D4E7CA2+3200322]
	GetHandleVerifier [0x00007FF70D505AD3+3322739]
	GetHandleVerifier [0x00007FF70D2069FA+180890]
	GetHandleVerifier [0x00007FF70D20E0FF+211359]
	GetHandleVerifier [0x00007FF70D1F5274+109332]
	GetHandleVerifier [0x00007FF70D1F5422+109762]
	GetHandleVerifier [0x00007FF70D1DBA39+4825]
	BaseThreadInitThunk [0x00007FFA1B837374+20]
	RtlUserThreadStart [0x00007FFA1BA1CC91+33]
 — \u0627\u0644\u0645\u062d\u0627\u0648\u0644\u0629 \u0628\u0625\u0639\u0627\u062f\u0629 \u062a\u0634\u063a\u064a\u0644 \u0627\u0644\u062c\u0644\u0633\u0629
2025-05-25 23:39:43,925 ERROR \u274c we couldn`t resend the message +201096485859: Message: 
Stacktrace:
	GetHandleVerifier [0x00007FF70D1ECF25+75717]
	GetHandleVerifier [0x00007FF70D1ECF80+75808]
	(No symbol) [0x00007FF70CFB8F9A]
	(No symbol) [0x00007FF70D00F4C6]
	(No symbol) [0x00007FF70D00F77C]
	(No symbol) [0x00007FF70D062577]
	(No symbol) [0x00007FF70D0373BF]
	(No symbol) [0x00007FF70D05F39C]
	(No symbol) [0x00007FF70D037153]
	(No symbol) [0x00007FF70D000421]
	(No symbol) [0x00007FF70D0011B3]
	GetHandleVerifier [0x00007FF70D4ED6FD+3223453]
	GetHandleVerifier [0x00007FF70D4E7CA2+3200322]
	GetHandleVerifier [0x00007FF70D505AD3+3322739]
	GetHandleVerifier [0x00007FF70D2069FA+180890]
	GetHandleVerifier [0x00007FF70D20E0FF+211359]
	GetHandleVerifier [0x00007FF70D1F5274+109332]
	GetHandleVerifier [0x00007FF70D1F5422+109762]
	GetHandleVerifier [0x00007FF70D1DBA39+4825]
	BaseThreadInitThunk [0x00007FFA1B837374+20]
	RtlUserThreadStart [0x00007FFA1BA1CC91+33]

2025-05-25 23:39:57,805 INFO \U0001f4e9 \u0623\u0631\u0633\u0644\u0646\u0627 \u0631\u0633\u0627\u0644\u0629 \u0625\u0644\u0649 +201152466131 \u0641\u064a 23:39:57
2025-05-25 23:40:11,355 INFO \U0001f4e9 \u0623\u0631\u0633\u0644\u0646\u0627 \u0631\u0633\u0627\u0644\u0629 \u0625\u0644\u0649 +201128968523 \u0641\u064a 23:40:11
2025-05-25 23:40:25,177 INFO \U0001f4e9 \u0623\u0631\u0633\u0644\u0646\u0627 \u0631\u0633\u0627\u0644\u0629 \u0625\u0644\u0649 +201124526733 \u0641\u064a 23:40:25
2025-05-25 23:40:59,716 WARNING \u26a0\ufe0f \u062a\u0639\u0637\u0644 \u0627\u0644\u0625\u0631\u0633\u0627\u0644 \u0625\u0644\u0649 +201156065327: Message: 
Stacktrace:
	GetHandleVerifier [0x00007FF70D1ECF25+75717]
	GetHandleVerifier [0x00007FF70D1ECF80+75808]
	(No symbol) [0x00007FF70CFB8F9A]
	(No symbol) [0x00007FF70D00F4C6]
	(No symbol) [0x00007FF70D00F77C]
	(No symbol) [0x00007FF70D062577]
	(No symbol) [0x00007FF70D0373BF]
	(No symbol) [0x00007FF70D05F39C]
	(No symbol) [0x00007FF70D037153]
	(No symbol) [0x00007FF70D000421]
	(No symbol) [0x00007FF70D0011B3]
	GetHandleVerifier [0x00007FF70D4ED6FD+3223453]
	GetHandleVerifier [0x00007FF70D4E7CA2+3200322]
	GetHandleVerifier [0x00007FF70D505AD3+3322739]
	GetHandleVerifier [0x00007FF70D2069FA+180890]
	GetHandleVerifier [0x00007FF70D20E0FF+211359]
	GetHandleVerifier [0x00007FF70D1F5274+109332]
	GetHandleVerifier [0x00007FF70D1F5422+109762]
	GetHandleVerifier [0x00007FF70D1DBA39+4825]
	BaseThreadInitThunk [0x00007FFA1B837374+20]
	RtlUserThreadStart [0x00007FFA1BA1CC91+33]
 — \u0627\u0644\u0645\u062d\u0627\u0648\u0644\u0629 \u0628\u0625\u0639\u0627\u062f\u0629 \u062a\u0634\u063a\u064a\u0644 \u0627\u0644\u062c\u0644\u0633\u0629
2025-05-25 23:41:31,667 ERROR \u274c we couldn`t resend the message +201156065327: Message: 
Stacktrace:
	GetHandleVerifier [0x00007FF70D1ECF25+75717]
	GetHandleVerifier [0x00007FF70D1ECF80+75808]
	(No symbol) [0x00007FF70CFB8F9A]
	(No symbol) [0x00007FF70D00F4C6]
	(No symbol) [0x00007FF70D00F77C]
	(No symbol) [0x00007FF70D062577]
	(No symbol) [0x00007FF70D0373BF]
	(No symbol) [0x00007FF70D05F39C]
	(No symbol) [0x00007FF70D037153]
	(No symbol) [0x00007FF70D000421]
	(No symbol) [0x00007FF70D0011B3]
	GetHandleVerifier [0x00007FF70D4ED6FD+3223453]
	GetHandleVerifier [0x00007FF70D4E7CA2+3200322]
	GetHandleVerifier [0x00007FF70D505AD3+3322739]
	GetHandleVerifier [0x00007FF70D2069FA+180890]
	GetHandleVerifier [0x00007FF70D20E0FF+211359]
	GetHandleVerifier [0x00007FF70D1F5274+109332]
	GetHandleVerifier [0x00007FF70D1F5422+109762]
	GetHandleVerifier [0x00007FF70D1DBA39+4825]
	BaseThreadInitThunk [0x00007FFA1B837374+20]
	RtlUserThreadStart [0x00007FFA1BA1CC91+33]

2025-05-25 23:41:44,330 INFO \U0001f4e9 \u0623\u0631\u0633\u0644\u0646\u0627 \u0631\u0633\u0627\u0644\u0629 \u0625\u0644\u0649 +201115396872 \u0641\u064a 23:41:44
2025-05-25 23:42:18,719 WARNING \u26a0\ufe0f \u062a\u0639\u0637\u0644 \u0627\u0644\u0625\u0631\u0633\u0627\u0644 \u0625\u0644\u0649 +201503663561: Message: 
Stacktrace:
	GetHandleVerifier [0x00007FF70D1ECF25+75717]
	GetHandleVerifier [0x00007FF70D1ECF80+75808]
	(No symbol) [0x00007FF70CFB8F9A]
	(No symbol) [0x00007FF70D00F4C6]
	(No symbol) [0x00007FF70D00F77C]
	(No symbol) [0x00007FF70D062577]
	(No symbol) [0x00007FF70D0373BF]
	(No symbol) [0x00007FF70D05F39C]
	(No symbol) [0x00007FF70D037153]
	(No symbol) [0x00007FF70D000421]
	(No symbol) [0x00007FF70D0011B3]
	GetHandleVerifier [0x00007FF70D4ED6FD+3223453]
	GetHandleVerifier [0x00007FF70D4E7CA2+3200322]
	GetHandleVerifier [0x00007FF70D505AD3+3322739]
	GetHandleVerifier [0x00007FF70D2069FA+180890]
	GetHandleVerifier [0x00007FF70D20E0FF+211359]
	GetHandleVerifier [0x00007FF70D1F5274+109332]
	GetHandleVerifier [0x00007FF70D1F5422+109762]
	GetHandleVerifier [0x00007FF70D1DBA39+4825]
	BaseThreadInitThunk [0x00007FFA1B837374+20]
	RtlUserThreadStart [0x00007FFA1BA1CC91+33]
 — \u0627\u0644\u0645\u062d\u0627\u0648\u0644\u0629 \u0628\u0625\u0639\u0627\u062f\u0629 \u062a\u0634\u063a\u064a\u0644 \u0627\u0644\u062c\u0644\u0633\u0629
2025-05-25 23:42:50,236 ERROR \u274c we couldn`t resend the message +201503663561: Message: 
Stacktrace:
	GetHandleVerifier [0x00007FF70D1ECF25+75717]
	GetHandleVerifier [0x00007FF70D1ECF80+75808]
	(No symbol) [0x00007FF70CFB8F9A]
	(No symbol) [0x00007FF70D00F4C6]
	(No symbol) [0x00007FF70D00F77C]
	(No symbol) [0x00007FF70D062577]
	(No symbol) [0x00007FF70D0373BF]
	(No symbol) [0x00007FF70D05F39C]
	(No symbol) [0x00007FF70D037153]
	(No symbol) [0x00007FF70D000421]
	(No symbol) [0x00007FF70D0011B3]
	GetHandleVerifier [0x00007FF70D4ED6FD+3223453]
	GetHandleVerifier [0x00007FF70D4E7CA2+3200322]
	GetHandleVerifier [0x00007FF70D505AD3+3322739]
	GetHandleVerifier [0x00007FF70D2069FA+180890]
	GetHandleVerifier [0x00007FF70D20E0FF+211359]
	GetHandleVerifier [0x00007FF70D1F5274+109332]
	GetHandleVerifier [0x00007FF70D1F5422+109762]
	GetHandleVerifier [0x00007FF70D1DBA39+4825]
	BaseThreadInitThunk [0x00007FFA1B837374+20]
	RtlUserThreadStart [0x00007FFA1BA1CC91+33]

2025-05-25 23:43:22,575 WARNING \u26a0\ufe0f \u062a\u0639\u0637\u0644 \u0627\u0644\u0625\u0631\u0633\u0627\u0644 \u0625\u0644\u0649 +201142421389: Message: 
Stacktrace:
	GetHandleVerifier [0x00007FF70D1ECF25+75717]
	GetHandleVerifier [0x00007FF70D1ECF80+75808]
	(No symbol) [0x00007FF70CFB8F9A]
	(No symbol) [0x00007FF70D00F4C6]
	(No symbol) [0x00007FF70D00F77C]
	(No symbol) [0x00007FF70D062577]
	(No symbol) [0x00007FF70D0373BF]
	(No symbol) [0x00007FF70D05F39C]
	(No symbol) [0x00007FF70D037153]
	(No symbol) [0x00007FF70D000421]
	(No symbol) [0x00007FF70D0011B3]
	GetHandleVerifier [0x00007FF70D4ED6FD+3223453]
	GetHandleVerifier [0x00007FF70D4E7CA2+3200322]
	GetHandleVerifier [0x00007FF70D505AD3+3322739]
	GetHandleVerifier [0x00007FF70D2069FA+180890]
	GetHandleVerifier [0x00007FF70D20E0FF+211359]
	GetHandleVerifier [0x00007FF70D1F5274+109332]
	GetHandleVerifier [0x00007FF70D1F5422+109762]
	GetHandleVerifier [0x00007FF70D1DBA39+4825]
	BaseThreadInitThunk [0x00007FFA1B837374+20]
	RtlUserThreadStart [0x00007FFA1BA1CC91+33]
 — \u0627\u0644\u0645\u062d\u0627\u0648\u0644\u0629 \u0628\u0625\u0639\u0627\u062f\u0629 \u062a\u0634\u063a\u064a\u0644 \u0627\u0644\u062c\u0644\u0633\u0629
2025-05-25 23:43:54,166 ERROR \u274c we couldn`t resend the message +201142421389: Message: 
Stacktrace:
	GetHandleVerifier [0x00007FF70D1ECF25+75717]
	GetHandleVerifier [0x00007FF70D1ECF80+75808]
	(No symbol) [0x00007FF70CFB8F9A]
	(No symbol) [0x00007FF70D00F4C6]
	(No symbol) [0x00007FF70D00F77C]
	(No symbol) [0x00007FF70D062577]
	(No symbol) [0x00007FF70D0373BF]
	(No symbol) [0x00007FF70D05F39C]
	(No symbol) [0x00007FF70D037153]
	(No symbol) [0x00007FF70D000421]
	(No symbol) [0x00007FF70D0011B3]
	GetHandleVerifier [0x00007FF70D4ED6FD+3223453]
	GetHandleVerifier [0x00007FF70D4E7CA2+3200322]
	GetHandleVerifier [0x00007FF70D505AD3+3322739]
	GetHandleVerifier [0x00007FF70D2069FA+180890]
	GetHandleVerifier [0x00007FF70D20E0FF+211359]
	GetHandleVerifier [0x00007FF70D1F5274+109332]
	GetHandleVerifier [0x00007FF70D1F5422+109762]
	GetHandleVerifier [0x00007FF70D1DBA39+4825]
	BaseThreadInitThunk [0x00007FFA1B837374+20]
	RtlUserThreadStart [0x00007FFA1BA1CC91+33]

2025-05-25 23:44:26,601 WARNING \u26a0\ufe0f \u062a\u0639\u0637\u0644 \u0627\u0644\u0625\u0631\u0633\u0627\u0644 \u0625\u0644\u0649 +201142421389: Message: 
Stacktrace:
	GetHandleVerifier [0x00007FF70D1ECF25+75717]
	GetHandleVerifier [0x00007FF70D1ECF80+75808]
	(No symbol) [0x00007FF70CFB8F9A]
	(No symbol) [0x00007FF70D00F4C6]
	(No symbol) [0x00007FF70D00F77C]
	(No symbol) [0x00007FF70D062577]
	(No symbol) [0x00007FF70D0373BF]
	(No symbol) [0x00007FF70D05F39C]
	(No symbol) [0x00007FF70D037153]
	(No symbol) [0x00007FF70D000421]
	(No symbol) [0x00007FF70D0011B3]
	GetHandleVerifier [0x00007FF70D4ED6FD+3223453]
	GetHandleVerifier [0x00007FF70D4E7CA2+3200322]
	GetHandleVerifier [0x00007FF70D505AD3+3322739]
	GetHandleVerifier [0x00007FF70D2069FA+180890]
	GetHandleVerifier [0x00007FF70D20E0FF+211359]
	GetHandleVerifier [0x00007FF70D1F5274+109332]
	GetHandleVerifier [0x00007FF70D1F5422+109762]
	GetHandleVerifier [0x00007FF70D1DBA39+4825]
	BaseThreadInitThunk [0x00007FFA1B837374+20]
	RtlUserThreadStart [0x00007FFA1BA1CC91+33]
 — \u0627\u0644\u0645\u062d\u0627\u0648\u0644\u0629 \u0628\u0625\u0639\u0627\u062f\u0629 \u062a\u0634\u063a\u064a\u0644 \u0627\u0644\u062c\u0644\u0633\u0629
2025-05-25 23:44:57,661 ERROR \u274c we couldn`t resend the message +201142421389: Message: 
Stacktrace:
	GetHandleVerifier [0x00007FF70D1ECF25+75717]
	GetHandleVerifier [0x00007FF70D1ECF80+75808]
	(No symbol) [0x00007FF70CFB8F9A]
	(No symbol) [0x00007FF70D00F4C6]
	(No symbol) [0x00007FF70D00F77C]
	(No symbol) [0x00007FF70D062577]
	(No symbol) [0x00007FF70D0373BF]
	(No symbol) [0x00007FF70D05F39C]
	(No symbol) [0x00007FF70D037153]
	(No symbol) [0x00007FF70D000421]
	(No symbol) [0x00007FF70D0011B3]
	GetHandleVerifier [0x00007FF70D4ED6FD+3223453]
	GetHandleVerifier [0x00007FF70D4E7CA2+3200322]
	GetHandleVerifier [0x00007FF70D505AD3+3322739]
	GetHandleVerifier [0x00007FF70D2069FA+180890]
	GetHandleVerifier [0x00007FF70D20E0FF+211359]
	GetHandleVerifier [0x00007FF70D1F5274+109332]
	GetHandleVerifier [0x00007FF70D1F5422+109762]
	GetHandleVerifier [0x00007FF70D1DBA39+4825]
	BaseThreadInitThunk [0x00007FFA1B837374+20]
	RtlUserThreadStart [0x00007FFA1BA1CC91+33]

2025-05-25 23:45:08,205 INFO \U0001f4e9 \u0623\u0631\u0633\u0644\u0646\u0627 \u0631\u0633\u0627\u0644\u0629 \u0625\u0644\u0649 +201124343771 \u0641\u064a 23:45:08
2025-05-25 23:45:21,992 INFO \U0001f4e9 \u0623\u0631\u0633\u0644\u0646\u0627 \u0631\u0633\u0627\u0644\u0629 \u0625\u0644\u0649 +201148973347 \u0641\u064a 23:45:21
2025-05-25 23:45:56,524 WARNING \u26a0\ufe0f \u062a\u0639\u0637\u0644 \u0627\u0644\u0625\u0631\u0633\u0627\u0644 \u0625\u0644\u0649 +201147315833: Message: 
Stacktrace:
	GetHandleVerifier [0x00007FF70D1ECF25+75717]
	GetHandleVerifier [0x00007FF70D1ECF80+75808]
	(No symbol) [0x00007FF70CFB8F9A]
	(No symbol) [0x00007FF70D00F4C6]
	(No symbol) [0x00007FF70D00F77C]
	(No symbol) [0x00007FF70D062577]
	(No symbol) [0x00007FF70D0373BF]
	(No symbol) [0x00007FF70D05F39C]
	(No symbol) [0x00007FF70D037153]
	(No symbol) [0x00007FF70D000421]
	(No symbol) [0x00007FF70D0011B3]
	GetHandleVerifier [0x00007FF70D4ED6FD+3223453]
	GetHandleVerifier [0x00007FF70D4E7CA2+3200322]
	GetHandleVerifier [0x00007FF70D505AD3+3322739]
	GetHandleVerifier [0x00007FF70D2069FA+180890]
	GetHandleVerifier [0x00007FF70D20E0FF+211359]
	GetHandleVerifier [0x00007FF70D1F5274+109332]
	GetHandleVerifier [0x00007FF70D1F5422+109762]
	GetHandleVerifier [0x00007FF70D1DBA39+4825]
	BaseThreadInitThunk [0x00007FFA1B837374+20]
	RtlUserThreadStart [0x00007FFA1BA1CC91+33]
 — \u0627\u0644\u0645\u062d\u0627\u0648\u0644\u0629 \u0628\u0625\u0639\u0627\u062f\u0629 \u062a\u0634\u063a\u064a\u0644 \u0627\u0644\u062c\u0644\u0633\u0629
2025-05-25 23:46:27,665 ERROR \u274c we couldn`t resend the message +201147315833: Message: 
Stacktrace:
	GetHandleVerifier [0x00007FF70D1ECF25+75717]
	GetHandleVerifier [0x00007FF70D1ECF80+75808]
	(No symbol) [0x00007FF70CFB8F9A]
	(No symbol) [0x00007FF70D00F4C6]
	(No symbol) [0x00007FF70D00F77C]
	(No symbol) [0x00007FF70D062577]
	(No symbol) [0x00007FF70D0373BF]
	(No symbol) [0x00007FF70D05F39C]
	(No symbol) [0x00007FF70D037153]
	(No symbol) [0x00007FF70D000421]
	(No symbol) [0x00007FF70D0011B3]
	GetHandleVerifier [0x00007FF70D4ED6FD+3223453]
	GetHandleVerifier [0x00007FF70D4E7CA2+3200322]
	GetHandleVerifier [0x00007FF70D505AD3+3322739]
	GetHandleVerifier [0x00007FF70D2069FA+180890]
	GetHandleVerifier [0x00007FF70D20E0FF+211359]
	GetHandleVerifier [0x00007FF70D1F5274+109332]
	GetHandleVerifier [0x00007FF70D1F5422+109762]
	GetHandleVerifier [0x00007FF70D1DBA39+4825]
	BaseThreadInitThunk [0x00007FFA1B837374+20]
	RtlUserThreadStart [0x00007FFA1BA1CC91+33]

2025-05-25 23:46:38,903 INFO \U0001f4e9 \u0623\u0631\u0633\u0644\u0646\u0627 \u0631\u0633\u0627\u0644\u0629 \u0625\u0644\u0649 +201002798650 \u0641\u064a 23:46:38
2025-05-25 23:46:51,180 INFO \U0001f4e9 \u0623\u0631\u0633\u0644\u0646\u0627 \u0631\u0633\u0627\u0644\u0629 \u0625\u0644\u0649 +201123242825 \u0641\u064a 23:46:51
2025-05-25 23:47:05,661 INFO \U0001f4e9 \u0623\u0631\u0633\u0644\u0646\u0627 \u0631\u0633\u0627\u0644\u0629 \u0625\u0644\u0649 +201124175306 \u0641\u064a 23:47:05
2025-05-25 23:47:38,018 INFO \U0001f4e9 \u0623\u0631\u0633\u0644\u0646\u0627 \u0631\u0633\u0627\u0644\u0629 \u0625\u0644\u0649 +201154705766 \u0641\u064a 23:47:38
2025-05-25 23:47:49,797 INFO \U0001f4e9 \u0623\u0631\u0633\u0644\u0646\u0627 \u0631\u0633\u0627\u0644\u0629 \u0625\u0644\u0649 +201146196200 \u0641\u064a 23:47:49
2025-05-25 23:48:04,250 INFO \U0001f4e9 \u0623\u0631\u0633\u0644\u0646\u0627 \u0631\u0633\u0627\u0644\u0629 \u0625\u0644\u0649 +201100784324 \u0641\u064a 23:48:04
2025-05-25 23:48:17,381 INFO \U0001f4e9 \u0623\u0631\u0633\u0644\u0646\u0627 \u0631\u0633\u0627\u0644\u0629 \u0625\u0644\u0649 +201020690622 \u0641\u064a 23:48:17
2025-05-25 23:48:51,758 WARNING \u26a0\ufe0f \u062a\u0639\u0637\u0644 \u0627\u0644\u0625\u0631\u0633\u0627\u0644 \u0625\u0644\u0649 +201123665267: Message: 
Stacktrace:
	GetHandleVerifier [0x00007FF70D1ECF25+75717]
	GetHandleVerifier [0x00007FF70D1ECF80+75808]
	(No symbol) [0x00007FF70CFB8F9A]
	(No symbol) [0x00007FF70D00F4C6]
	(No symbol) [0x00007FF70D00F77C]
	(No symbol) [0x00007FF70D062577]
	(No symbol) [0x00007FF70D0373BF]
	(No symbol) [0x00007FF70D05F39C]
	(No symbol) [0x00007FF70D037153]
	(No symbol) [0x00007FF70D000421]
	(No symbol) [0x00007FF70D0011B3]
	GetHandleVerifier [0x00007FF70D4ED6FD+3223453]
	GetHandleVerifier [0x00007FF70D4E7CA2+3200322]
	GetHandleVerifier [0x00007FF70D505AD3+3322739]
	GetHandleVerifier [0x00007FF70D2069FA+180890]
	GetHandleVerifier [0x00007FF70D20E0FF+211359]
	GetHandleVerifier [0x00007FF70D1F5274+109332]
	GetHandleVerifier [0x00007FF70D1F5422+109762]
	GetHandleVerifier [0x00007FF70D1DBA39+4825]
	BaseThreadInitThunk [0x00007FFA1B837374+20]
	RtlUserThreadStart [0x00007FFA1BA1CC91+33]
 — \u0627\u0644\u0645\u062d\u0627\u0648\u0644\u0629 \u0628\u0625\u0639\u0627\u062f\u0629 \u062a\u0634\u063a\u064a\u0644 \u0627\u0644\u062c\u0644\u0633\u0629
2025-05-25 23:49:22,234 ERROR \u274c we couldn`t resend the message +201123665267: Message: 
Stacktrace:
	GetHandleVerifier [0x00007FF70D1ECF25+75717]
	GetHandleVerifier [0x00007FF70D1ECF80+75808]
	(No symbol) [0x00007FF70CFB8F9A]
	(No symbol) [0x00007FF70D00F4C6]
	(No symbol) [0x00007FF70D00F77C]
	(No symbol) [0x00007FF70D062577]
	(No symbol) [0x00007FF70D0373BF]
	(No symbol) [0x00007FF70D05F39C]
	(No symbol) [0x00007FF70D037153]
	(No symbol) [0x00007FF70D000421]
	(No symbol) [0x00007FF70D0011B3]
	GetHandleVerifier [0x00007FF70D4ED6FD+3223453]
	GetHandleVerifier [0x00007FF70D4E7CA2+3200322]
	GetHandleVerifier [0x00007FF70D505AD3+3322739]
	GetHandleVerifier [0x00007FF70D2069FA+180890]
	GetHandleVerifier [0x00007FF70D20E0FF+211359]
	GetHandleVerifier [0x00007FF70D1F5274+109332]
	GetHandleVerifier [0x00007FF70D1F5422+109762]
	GetHandleVerifier [0x00007FF70D1DBA39+4825]
	BaseThreadInitThunk [0x00007FFA1B837374+20]
	RtlUserThreadStart [0x00007FFA1BA1CC91+33]

2025-05-26 12:45:05,909 INFO Watching for file changes with StatReloader
2025-05-26 12:45:11,885 WARNING Not Found: /favicon.ico
2025-05-26 12:45:36,411 INFO C:\Users\Abdo\Desktop\students-manager\v2student_manager\students\admin.py changed, reloading.
2025-05-26 12:45:38,492 INFO Watching for file changes with StatReloader
2025-05-26 12:46:02,476 INFO C:\Users\Abdo\Desktop\students-manager\v2student_manager\students\admin.py changed, reloading.
2025-05-26 12:46:04,660 INFO Watching for file changes with StatReloader
2025-05-27 12:04:27,410 INFO Watching for file changes with StatReloader
2025-05-27 12:11:33,415 INFO C:\Users\Abdo\Desktop\students-manager\v2student_manager\students\models.py changed, reloading.
2025-05-27 12:11:35,757 INFO Watching for file changes with StatReloader
2025-05-27 12:12:02,730 INFO Watching for file changes with StatReloader
2025-05-27 12:13:53,619 INFO C:\Users\Abdo\Desktop\students-manager\v2student_manager\students\views.py changed, reloading.
2025-05-27 12:13:55,873 INFO Watching for file changes with StatReloader
2025-05-27 12:14:13,160 INFO C:\Users\Abdo\Desktop\students-manager\v2student_manager\students\views.py changed, reloading.
2025-05-27 12:14:15,257 INFO Watching for file changes with StatReloader
2025-05-27 12:14:28,504 INFO C:\Users\Abdo\Desktop\students-manager\v2student_manager\students\views.py changed, reloading.
2025-05-27 12:14:31,041 INFO Watching for file changes with StatReloader
2025-05-27 12:14:37,137 INFO C:\Users\Abdo\Desktop\students-manager\v2student_manager\students\views.py changed, reloading.
2025-05-27 12:14:39,566 INFO Watching for file changes with StatReloader
2025-05-27 12:15:16,332 INFO C:\Users\Abdo\Desktop\students-manager\v2student_manager\students\views.py changed, reloading.
2025-05-27 12:15:18,627 INFO Watching for file changes with StatReloader
2025-05-27 12:15:52,074 INFO C:\Users\Abdo\Desktop\students-manager\v2student_manager\students\views.py changed, reloading.
2025-05-27 12:15:54,375 INFO Watching for file changes with StatReloader
2025-05-27 12:15:56,443 INFO C:\Users\Abdo\Desktop\students-manager\v2student_manager\students\views.py changed, reloading.
2025-05-27 12:15:58,793 INFO Watching for file changes with StatReloader
2025-05-27 12:16:04,418 INFO C:\Users\Abdo\Desktop\students-manager\v2student_manager\students\views.py changed, reloading.
2025-05-27 12:16:06,357 INFO Watching for file changes with StatReloader
2025-05-27 12:16:09,421 INFO C:\Users\Abdo\Desktop\students-manager\v2student_manager\students\views.py changed, reloading.
2025-05-27 12:16:11,578 INFO Watching for file changes with StatReloader
2025-05-27 12:16:15,380 INFO C:\Users\Abdo\Desktop\students-manager\v2student_manager\students\views.py changed, reloading.
2025-05-27 12:16:17,531 INFO Watching for file changes with StatReloader
2025-05-27 12:16:20,541 INFO C:\Users\Abdo\Desktop\students-manager\v2student_manager\students\views.py changed, reloading.
2025-05-27 12:16:23,154 INFO Watching for file changes with StatReloader
2025-05-27 12:17:13,132 WARNING Not Found: /favicon.ico
2025-05-27 12:51:57,404 INFO C:\Users\Abdo\Desktop\students-manager\v2student_manager\students\views.py changed, reloading.
2025-05-27 12:52:00,652 INFO Watching for file changes with StatReloader
2025-05-27 12:52:14,154 INFO Watching for file changes with StatReloader
2025-05-27 12:53:48,733 INFO C:\Users\Abdo\Desktop\students-manager\v2student_manager\students\urls.py changed, reloading.
2025-05-27 12:53:50,941 INFO Watching for file changes with StatReloader
2025-05-27 12:53:53,589 INFO C:\Users\Abdo\Desktop\students-manager\v2student_manager\students\urls.py changed, reloading.
2025-05-27 12:53:55,632 INFO Watching for file changes with StatReloader
2025-05-27 12:53:59,516 INFO C:\Users\Abdo\Desktop\students-manager\v2student_manager\students\urls.py changed, reloading.
2025-05-27 12:54:02,628 INFO Watching for file changes with StatReloader
2025-05-27 12:54:07,552 INFO C:\Users\Abdo\Desktop\students-manager\v2student_manager\students\urls.py changed, reloading.
2025-05-27 12:54:09,552 INFO Watching for file changes with StatReloader
2025-05-27 12:54:13,228 INFO C:\Users\Abdo\Desktop\students-manager\v2student_manager\students\urls.py changed, reloading.
2025-05-27 12:54:15,134 INFO Watching for file changes with StatReloader
2025-05-27 12:54:23,784 INFO C:\Users\Abdo\Desktop\students-manager\v2student_manager\students\urls.py changed, reloading.
2025-05-27 12:54:25,986 INFO Watching for file changes with StatReloader
2025-05-27 12:55:27,438 ERROR Internal Server Error: /income/
Traceback (most recent call last):
  File "C:\Users\Abdo\Desktop\students-manager\Lib\site-packages\django\core\handlers\exception.py", line 55, in inner
    response = get_response(request)
  File "C:\Users\Abdo\Desktop\students-manager\Lib\site-packages\django\core\handlers\base.py", line 197, in _get_response
    response = wrapped_callback(request, *callback_args, **callback_kwargs)
  File "C:\Users\Abdo\Desktop\students-manager\v2student_manager\students\views.py", line 420, in income_report_view
    return render(request, 'students/templates/income.html', context)
  File "C:\Users\Abdo\Desktop\students-manager\Lib\site-packages\django\shortcuts.py", line 25, in render
    content = loader.render_to_string(template_name, context, request, using=using)
  File "C:\Users\Abdo\Desktop\students-manager\Lib\site-packages\django\template\loader.py", line 61, in render_to_string
    template = get_template(template_name, using=using)
  File "C:\Users\Abdo\Desktop\students-manager\Lib\site-packages\django\template\loader.py", line 19, in get_template
    raise TemplateDoesNotExist(template_name, chain=chain)
django.template.exceptions.TemplateDoesNotExist: students/templates/income.html
2025-05-27 12:55:44,200 INFO Watching for file changes with StatReloader
2025-05-27 12:55:45,016 ERROR Internal Server Error: /income/
Traceback (most recent call last):
  File "C:\Users\Abdo\Desktop\students-manager\Lib\site-packages\django\core\handlers\exception.py", line 55, in inner
    response = get_response(request)
  File "C:\Users\Abdo\Desktop\students-manager\Lib\site-packages\django\core\handlers\base.py", line 197, in _get_response
    response = wrapped_callback(request, *callback_args, **callback_kwargs)
  File "C:\Users\Abdo\Desktop\students-manager\v2student_manager\students\views.py", line 420, in income_report_view
    return render(request, 'students/templates/income.html', context)
  File "C:\Users\Abdo\Desktop\students-manager\Lib\site-packages\django\shortcuts.py", line 25, in render
    content = loader.render_to_string(template_name, context, request, using=using)
  File "C:\Users\Abdo\Desktop\students-manager\Lib\site-packages\django\template\loader.py", line 61, in render_to_string
    template = get_template(template_name, using=using)
  File "C:\Users\Abdo\Desktop\students-manager\Lib\site-packages\django\template\loader.py", line 19, in get_template
    raise TemplateDoesNotExist(template_name, chain=chain)
django.template.exceptions.TemplateDoesNotExist: students/templates/income.html
2025-05-27 12:55:45,641 ERROR Internal Server Error: /income/
Traceback (most recent call last):
  File "C:\Users\Abdo\Desktop\students-manager\Lib\site-packages\django\core\handlers\exception.py", line 55, in inner
    response = get_response(request)
  File "C:\Users\Abdo\Desktop\students-manager\Lib\site-packages\django\core\handlers\base.py", line 197, in _get_response
    response = wrapped_callback(request, *callback_args, **callback_kwargs)
  File "C:\Users\Abdo\Desktop\students-manager\v2student_manager\students\views.py", line 420, in income_report_view
    return render(request, 'students/templates/income.html', context)
  File "C:\Users\Abdo\Desktop\students-manager\Lib\site-packages\django\shortcuts.py", line 25, in render
    content = loader.render_to_string(template_name, context, request, using=using)
  File "C:\Users\Abdo\Desktop\students-manager\Lib\site-packages\django\template\loader.py", line 61, in render_to_string
    template = get_template(template_name, using=using)
  File "C:\Users\Abdo\Desktop\students-manager\Lib\site-packages\django\template\loader.py", line 19, in get_template
    raise TemplateDoesNotExist(template_name, chain=chain)
django.template.exceptions.TemplateDoesNotExist: students/templates/income.html
2025-05-27 12:55:46,020 ERROR Internal Server Error: /income/
Traceback (most recent call last):
  File "C:\Users\Abdo\Desktop\students-manager\Lib\site-packages\django\core\handlers\exception.py", line 55, in inner
    response = get_response(request)
  File "C:\Users\Abdo\Desktop\students-manager\Lib\site-packages\django\core\handlers\base.py", line 197, in _get_response
    response = wrapped_callback(request, *callback_args, **callback_kwargs)
  File "C:\Users\Abdo\Desktop\students-manager\v2student_manager\students\views.py", line 420, in income_report_view
    return render(request, 'students/templates/income.html', context)
  File "C:\Users\Abdo\Desktop\students-manager\Lib\site-packages\django\shortcuts.py", line 25, in render
    content = loader.render_to_string(template_name, context, request, using=using)
  File "C:\Users\Abdo\Desktop\students-manager\Lib\site-packages\django\template\loader.py", line 61, in render_to_string
    template = get_template(template_name, using=using)
  File "C:\Users\Abdo\Desktop\students-manager\Lib\site-packages\django\template\loader.py", line 19, in get_template
    raise TemplateDoesNotExist(template_name, chain=chain)
django.template.exceptions.TemplateDoesNotExist: students/templates/income.html
2025-05-27 12:55:46,355 ERROR Internal Server Error: /income/
Traceback (most recent call last):
  File "C:\Users\Abdo\Desktop\students-manager\Lib\site-packages\django\core\handlers\exception.py", line 55, in inner
    response = get_response(request)
  File "C:\Users\Abdo\Desktop\students-manager\Lib\site-packages\django\core\handlers\base.py", line 197, in _get_response
    response = wrapped_callback(request, *callback_args, **callback_kwargs)
  File "C:\Users\Abdo\Desktop\students-manager\v2student_manager\students\views.py", line 420, in income_report_view
    return render(request, 'students/templates/income.html', context)
  File "C:\Users\Abdo\Desktop\students-manager\Lib\site-packages\django\shortcuts.py", line 25, in render
    content = loader.render_to_string(template_name, context, request, using=using)
  File "C:\Users\Abdo\Desktop\students-manager\Lib\site-packages\django\template\loader.py", line 61, in render_to_string
    template = get_template(template_name, using=using)
  File "C:\Users\Abdo\Desktop\students-manager\Lib\site-packages\django\template\loader.py", line 19, in get_template
    raise TemplateDoesNotExist(template_name, chain=chain)
django.template.exceptions.TemplateDoesNotExist: students/templates/income.html
2025-05-27 12:55:46,668 ERROR Internal Server Error: /income/
Traceback (most recent call last):
  File "C:\Users\Abdo\Desktop\students-manager\Lib\site-packages\django\core\handlers\exception.py", line 55, in inner
    response = get_response(request)
  File "C:\Users\Abdo\Desktop\students-manager\Lib\site-packages\django\core\handlers\base.py", line 197, in _get_response
    response = wrapped_callback(request, *callback_args, **callback_kwargs)
  File "C:\Users\Abdo\Desktop\students-manager\v2student_manager\students\views.py", line 420, in income_report_view
    return render(request, 'students/templates/income.html', context)
  File "C:\Users\Abdo\Desktop\students-manager\Lib\site-packages\django\shortcuts.py", line 25, in render
    content = loader.render_to_string(template_name, context, request, using=using)
  File "C:\Users\Abdo\Desktop\students-manager\Lib\site-packages\django\template\loader.py", line 61, in render_to_string
    template = get_template(template_name, using=using)
  File "C:\Users\Abdo\Desktop\students-manager\Lib\site-packages\django\template\loader.py", line 19, in get_template
    raise TemplateDoesNotExist(template_name, chain=chain)
django.template.exceptions.TemplateDoesNotExist: students/templates/income.html
2025-05-27 12:56:12,667 INFO C:\Users\Abdo\Desktop\students-manager\v2student_manager\students\views.py changed, reloading.
2025-05-27 12:56:14,687 INFO Watching for file changes with StatReloader
2025-05-27 12:56:15,172 ERROR Internal Server Error: /income/
Traceback (most recent call last):
  File "C:\Users\Abdo\Desktop\students-manager\Lib\site-packages\django\core\handlers\exception.py", line 55, in inner
    response = get_response(request)
  File "C:\Users\Abdo\Desktop\students-manager\Lib\site-packages\django\core\handlers\base.py", line 197, in _get_response
    response = wrapped_callback(request, *callback_args, **callback_kwargs)
  File "C:\Users\Abdo\Desktop\students-manager\v2student_manager\students\views.py", line 420, in income_report_view
    return render(request, 'income.html', context)
  File "C:\Users\Abdo\Desktop\students-manager\Lib\site-packages\django\shortcuts.py", line 25, in render
    content = loader.render_to_string(template_name, context, request, using=using)
  File "C:\Users\Abdo\Desktop\students-manager\Lib\site-packages\django\template\loader.py", line 62, in render_to_string
    return template.render(context, request)
           ~~~~~~~~~~~~~~~^^^^^^^^^^^^^^^^^^
  File "C:\Users\Abdo\Desktop\students-manager\Lib\site-packages\django\template\backends\django.py", line 107, in render
    return self.template.render(context)
           ~~~~~~~~~~~~~~~~~~~~^^^^^^^^^
  File "C:\Users\Abdo\Desktop\students-manager\Lib\site-packages\django\template\base.py", line 171, in render
    return self._render(context)
           ~~~~~~~~~~~~^^^^^^^^^
  File "C:\Users\Abdo\Desktop\students-manager\Lib\site-packages\django\template\base.py", line 163, in _render
    return self.nodelist.render(context)
           ~~~~~~~~~~~~~~~~~~~~^^^^^^^^^
  File "C:\Users\Abdo\Desktop\students-manager\Lib\site-packages\django\template\base.py", line 1016, in render
    return SafeString("".join([node.render_annotated(context) for node in self]))
                               ~~~~~~~~~~~~~~~~~~~~~^^^^^^^^^
  File "C:\Users\Abdo\Desktop\students-manager\Lib\site-packages\django\template\base.py", line 977, in render_annotated
    return self.render(context)
           ~~~~~~~~~~~^^^^^^^^^
  File "C:\Users\Abdo\Desktop\students-manager\Lib\site-packages\django\template\defaulttags.py", line 480, in render
    url = reverse(view_name, args=args, kwargs=kwargs, current_app=current_app)
  File "C:\Users\Abdo\Desktop\students-manager\Lib\site-packages\django\urls\base.py", line 98, in reverse
    resolved_url = resolver._reverse_with_prefix(view, prefix, *args, **kwargs)
  File "C:\Users\Abdo\Desktop\students-manager\Lib\site-packages\django\urls\resolvers.py", line 831, in _reverse_with_prefix
    raise NoReverseMatch(msg)
django.urls.exceptions.NoReverseMatch: Reverse for 'attendance' not found. 'attendance' is not a valid view function or pattern name.
2025-05-27 12:56:15,976 ERROR Internal Server Error: /income/
Traceback (most recent call last):
  File "C:\Users\Abdo\Desktop\students-manager\Lib\site-packages\django\core\handlers\exception.py", line 55, in inner
    response = get_response(request)
  File "C:\Users\Abdo\Desktop\students-manager\Lib\site-packages\django\core\handlers\base.py", line 197, in _get_response
    response = wrapped_callback(request, *callback_args, **callback_kwargs)
  File "C:\Users\Abdo\Desktop\students-manager\v2student_manager\students\views.py", line 420, in income_report_view
    return render(request, 'income.html', context)
  File "C:\Users\Abdo\Desktop\students-manager\Lib\site-packages\django\shortcuts.py", line 25, in render
    content = loader.render_to_string(template_name, context, request, using=using)
  File "C:\Users\Abdo\Desktop\students-manager\Lib\site-packages\django\template\loader.py", line 62, in render_to_string
    return template.render(context, request)
           ~~~~~~~~~~~~~~~^^^^^^^^^^^^^^^^^^
  File "C:\Users\Abdo\Desktop\students-manager\Lib\site-packages\django\template\backends\django.py", line 107, in render
    return self.template.render(context)
           ~~~~~~~~~~~~~~~~~~~~^^^^^^^^^
  File "C:\Users\Abdo\Desktop\students-manager\Lib\site-packages\django\template\base.py", line 171, in render
    return self._render(context)
           ~~~~~~~~~~~~^^^^^^^^^
  File "C:\Users\Abdo\Desktop\students-manager\Lib\site-packages\django\template\base.py", line 163, in _render
    return self.nodelist.render(context)
           ~~~~~~~~~~~~~~~~~~~~^^^^^^^^^
  File "C:\Users\Abdo\Desktop\students-manager\Lib\site-packages\django\template\base.py", line 1016, in render
    return SafeString("".join([node.render_annotated(context) for node in self]))
                               ~~~~~~~~~~~~~~~~~~~~~^^^^^^^^^
  File "C:\Users\Abdo\Desktop\students-manager\Lib\site-packages\django\template\base.py", line 977, in render_annotated
    return self.render(context)
           ~~~~~~~~~~~^^^^^^^^^
  File "C:\Users\Abdo\Desktop\students-manager\Lib\site-packages\django\template\defaulttags.py", line 480, in render
    url = reverse(view_name, args=args, kwargs=kwargs, current_app=current_app)
  File "C:\Users\Abdo\Desktop\students-manager\Lib\site-packages\django\urls\base.py", line 98, in reverse
    resolved_url = resolver._reverse_with_prefix(view, prefix, *args, **kwargs)
  File "C:\Users\Abdo\Desktop\students-manager\Lib\site-packages\django\urls\resolvers.py", line 831, in _reverse_with_prefix
    raise NoReverseMatch(msg)
django.urls.exceptions.NoReverseMatch: Reverse for 'attendance' not found. 'attendance' is not a valid view function or pattern name.
2025-05-27 12:56:16,775 ERROR Internal Server Error: /income/
Traceback (most recent call last):
  File "C:\Users\Abdo\Desktop\students-manager\Lib\site-packages\django\core\handlers\exception.py", line 55, in inner
    response = get_response(request)
  File "C:\Users\Abdo\Desktop\students-manager\Lib\site-packages\django\core\handlers\base.py", line 197, in _get_response
    response = wrapped_callback(request, *callback_args, **callback_kwargs)
  File "C:\Users\Abdo\Desktop\students-manager\v2student_manager\students\views.py", line 420, in income_report_view
    return render(request, 'income.html', context)
  File "C:\Users\Abdo\Desktop\students-manager\Lib\site-packages\django\shortcuts.py", line 25, in render
    content = loader.render_to_string(template_name, context, request, using=using)
  File "C:\Users\Abdo\Desktop\students-manager\Lib\site-packages\django\template\loader.py", line 62, in render_to_string
    return template.render(context, request)
           ~~~~~~~~~~~~~~~^^^^^^^^^^^^^^^^^^
  File "C:\Users\Abdo\Desktop\students-manager\Lib\site-packages\django\template\backends\django.py", line 107, in render
    return self.template.render(context)
           ~~~~~~~~~~~~~~~~~~~~^^^^^^^^^
  File "C:\Users\Abdo\Desktop\students-manager\Lib\site-packages\django\template\base.py", line 171, in render
    return self._render(context)
           ~~~~~~~~~~~~^^^^^^^^^
  File "C:\Users\Abdo\Desktop\students-manager\Lib\site-packages\django\template\base.py", line 163, in _render
    return self.nodelist.render(context)
           ~~~~~~~~~~~~~~~~~~~~^^^^^^^^^
  File "C:\Users\Abdo\Desktop\students-manager\Lib\site-packages\django\template\base.py", line 1016, in render
    return SafeString("".join([node.render_annotated(context) for node in self]))
                               ~~~~~~~~~~~~~~~~~~~~~^^^^^^^^^
  File "C:\Users\Abdo\Desktop\students-manager\Lib\site-packages\django\template\base.py", line 977, in render_annotated
    return self.render(context)
           ~~~~~~~~~~~^^^^^^^^^
  File "C:\Users\Abdo\Desktop\students-manager\Lib\site-packages\django\template\defaulttags.py", line 480, in render
    url = reverse(view_name, args=args, kwargs=kwargs, current_app=current_app)
  File "C:\Users\Abdo\Desktop\students-manager\Lib\site-packages\django\urls\base.py", line 98, in reverse
    resolved_url = resolver._reverse_with_prefix(view, prefix, *args, **kwargs)
  File "C:\Users\Abdo\Desktop\students-manager\Lib\site-packages\django\urls\resolvers.py", line 831, in _reverse_with_prefix
    raise NoReverseMatch(msg)
django.urls.exceptions.NoReverseMatch: Reverse for 'attendance' not found. 'attendance' is not a valid view function or pattern name.
2025-05-27 12:56:17,544 ERROR Internal Server Error: /income/
Traceback (most recent call last):
  File "C:\Users\Abdo\Desktop\students-manager\Lib\site-packages\django\core\handlers\exception.py", line 55, in inner
    response = get_response(request)
  File "C:\Users\Abdo\Desktop\students-manager\Lib\site-packages\django\core\handlers\base.py", line 197, in _get_response
    response = wrapped_callback(request, *callback_args, **callback_kwargs)
  File "C:\Users\Abdo\Desktop\students-manager\v2student_manager\students\views.py", line 420, in income_report_view
    return render(request, 'income.html', context)
  File "C:\Users\Abdo\Desktop\students-manager\Lib\site-packages\django\shortcuts.py", line 25, in render
    content = loader.render_to_string(template_name, context, request, using=using)
  File "C:\Users\Abdo\Desktop\students-manager\Lib\site-packages\django\template\loader.py", line 62, in render_to_string
    return template.render(context, request)
           ~~~~~~~~~~~~~~~^^^^^^^^^^^^^^^^^^
  File "C:\Users\Abdo\Desktop\students-manager\Lib\site-packages\django\template\backends\django.py", line 107, in render
    return self.template.render(context)
           ~~~~~~~~~~~~~~~~~~~~^^^^^^^^^
  File "C:\Users\Abdo\Desktop\students-manager\Lib\site-packages\django\template\base.py", line 171, in render
    return self._render(context)
           ~~~~~~~~~~~~^^^^^^^^^
  File "C:\Users\Abdo\Desktop\students-manager\Lib\site-packages\django\template\base.py", line 163, in _render
    return self.nodelist.render(context)
           ~~~~~~~~~~~~~~~~~~~~^^^^^^^^^
  File "C:\Users\Abdo\Desktop\students-manager\Lib\site-packages\django\template\base.py", line 1016, in render
    return SafeString("".join([node.render_annotated(context) for node in self]))
                               ~~~~~~~~~~~~~~~~~~~~~^^^^^^^^^
  File "C:\Users\Abdo\Desktop\students-manager\Lib\site-packages\django\template\base.py", line 977, in render_annotated
    return self.render(context)
           ~~~~~~~~~~~^^^^^^^^^
  File "C:\Users\Abdo\Desktop\students-manager\Lib\site-packages\django\template\defaulttags.py", line 480, in render
    url = reverse(view_name, args=args, kwargs=kwargs, current_app=current_app)
  File "C:\Users\Abdo\Desktop\students-manager\Lib\site-packages\django\urls\base.py", line 98, in reverse
    resolved_url = resolver._reverse_with_prefix(view, prefix, *args, **kwargs)
  File "C:\Users\Abdo\Desktop\students-manager\Lib\site-packages\django\urls\resolvers.py", line 831, in _reverse_with_prefix
    raise NoReverseMatch(msg)
django.urls.exceptions.NoReverseMatch: Reverse for 'attendance' not found. 'attendance' is not a valid view function or pattern name.
2025-05-27 12:56:19,215 ERROR Internal Server Error: /income/
Traceback (most recent call last):
  File "C:\Users\Abdo\Desktop\students-manager\Lib\site-packages\django\core\handlers\exception.py", line 55, in inner
    response = get_response(request)
  File "C:\Users\Abdo\Desktop\students-manager\Lib\site-packages\django\core\handlers\base.py", line 197, in _get_response
    response = wrapped_callback(request, *callback_args, **callback_kwargs)
  File "C:\Users\Abdo\Desktop\students-manager\v2student_manager\students\views.py", line 420, in income_report_view
    return render(request, 'income.html', context)
  File "C:\Users\Abdo\Desktop\students-manager\Lib\site-packages\django\shortcuts.py", line 25, in render
    content = loader.render_to_string(template_name, context, request, using=using)
  File "C:\Users\Abdo\Desktop\students-manager\Lib\site-packages\django\template\loader.py", line 62, in render_to_string
    return template.render(context, request)
           ~~~~~~~~~~~~~~~^^^^^^^^^^^^^^^^^^
  File "C:\Users\Abdo\Desktop\students-manager\Lib\site-packages\django\template\backends\django.py", line 107, in render
    return self.template.render(context)
           ~~~~~~~~~~~~~~~~~~~~^^^^^^^^^
  File "C:\Users\Abdo\Desktop\students-manager\Lib\site-packages\django\template\base.py", line 171, in render
    return self._render(context)
           ~~~~~~~~~~~~^^^^^^^^^
  File "C:\Users\Abdo\Desktop\students-manager\Lib\site-packages\django\template\base.py", line 163, in _render
    return self.nodelist.render(context)
           ~~~~~~~~~~~~~~~~~~~~^^^^^^^^^
  File "C:\Users\Abdo\Desktop\students-manager\Lib\site-packages\django\template\base.py", line 1016, in render
    return SafeString("".join([node.render_annotated(context) for node in self]))
                               ~~~~~~~~~~~~~~~~~~~~~^^^^^^^^^
  File "C:\Users\Abdo\Desktop\students-manager\Lib\site-packages\django\template\base.py", line 977, in render_annotated
    return self.render(context)
           ~~~~~~~~~~~^^^^^^^^^
  File "C:\Users\Abdo\Desktop\students-manager\Lib\site-packages\django\template\defaulttags.py", line 480, in render
    url = reverse(view_name, args=args, kwargs=kwargs, current_app=current_app)
  File "C:\Users\Abdo\Desktop\students-manager\Lib\site-packages\django\urls\base.py", line 98, in reverse
    resolved_url = resolver._reverse_with_prefix(view, prefix, *args, **kwargs)
  File "C:\Users\Abdo\Desktop\students-manager\Lib\site-packages\django\urls\resolvers.py", line 831, in _reverse_with_prefix
    raise NoReverseMatch(msg)
django.urls.exceptions.NoReverseMatch: Reverse for 'attendance' not found. 'attendance' is not a valid view function or pattern name.
2025-05-27 12:56:39,977 ERROR Internal Server Error: /income/
Traceback (most recent call last):
  File "C:\Users\Abdo\Desktop\students-manager\Lib\site-packages\django\core\handlers\exception.py", line 55, in inner
    response = get_response(request)
  File "C:\Users\Abdo\Desktop\students-manager\Lib\site-packages\django\core\handlers\base.py", line 197, in _get_response
    response = wrapped_callback(request, *callback_args, **callback_kwargs)
  File "C:\Users\Abdo\Desktop\students-manager\v2student_manager\students\views.py", line 420, in income_report_view
    return render(request, 'income.html', context)
  File "C:\Users\Abdo\Desktop\students-manager\Lib\site-packages\django\shortcuts.py", line 25, in render
    content = loader.render_to_string(template_name, context, request, using=using)
  File "C:\Users\Abdo\Desktop\students-manager\Lib\site-packages\django\template\loader.py", line 62, in render_to_string
    return template.render(context, request)
           ~~~~~~~~~~~~~~~^^^^^^^^^^^^^^^^^^
  File "C:\Users\Abdo\Desktop\students-manager\Lib\site-packages\django\template\backends\django.py", line 107, in render
    return self.template.render(context)
           ~~~~~~~~~~~~~~~~~~~~^^^^^^^^^
  File "C:\Users\Abdo\Desktop\students-manager\Lib\site-packages\django\template\base.py", line 171, in render
    return self._render(context)
           ~~~~~~~~~~~~^^^^^^^^^
  File "C:\Users\Abdo\Desktop\students-manager\Lib\site-packages\django\template\base.py", line 163, in _render
    return self.nodelist.render(context)
           ~~~~~~~~~~~~~~~~~~~~^^^^^^^^^
  File "C:\Users\Abdo\Desktop\students-manager\Lib\site-packages\django\template\base.py", line 1016, in render
    return SafeString("".join([node.render_annotated(context) for node in self]))
                               ~~~~~~~~~~~~~~~~~~~~~^^^^^^^^^
  File "C:\Users\Abdo\Desktop\students-manager\Lib\site-packages\django\template\base.py", line 977, in render_annotated
    return self.render(context)
           ~~~~~~~~~~~^^^^^^^^^
  File "C:\Users\Abdo\Desktop\students-manager\Lib\site-packages\django\template\defaulttags.py", line 480, in render
    url = reverse(view_name, args=args, kwargs=kwargs, current_app=current_app)
  File "C:\Users\Abdo\Desktop\students-manager\Lib\site-packages\django\urls\base.py", line 98, in reverse
    resolved_url = resolver._reverse_with_prefix(view, prefix, *args, **kwargs)
  File "C:\Users\Abdo\Desktop\students-manager\Lib\site-packages\django\urls\resolvers.py", line 831, in _reverse_with_prefix
    raise NoReverseMatch(msg)
django.urls.exceptions.NoReverseMatch: Reverse for 'attendance' not found. 'attendance' is not a valid view function or pattern name.
2025-05-27 12:56:40,096 INFO C:\Users\Abdo\Desktop\students-manager\v2student_manager\students\urls.py changed, reloading.
2025-05-27 12:56:42,524 INFO Watching for file changes with StatReloader
2025-05-27 12:56:49,132 ERROR Internal Server Error: /attendance/
Traceback (most recent call last):
  File "C:\Users\Abdo\Desktop\students-manager\Lib\site-packages\django\core\handlers\exception.py", line 55, in inner
    response = get_response(request)
  File "C:\Users\Abdo\Desktop\students-manager\Lib\site-packages\django\core\handlers\base.py", line 197, in _get_response
    response = wrapped_callback(request, *callback_args, **callback_kwargs)
  File "C:\Users\Abdo\Desktop\students-manager\v2student_manager\students\views.py", line 172, in barcode_attendance_view
    return render(request, 'attendance.html', context)
  File "C:\Users\Abdo\Desktop\students-manager\Lib\site-packages\django\shortcuts.py", line 25, in render
    content = loader.render_to_string(template_name, context, request, using=using)
  File "C:\Users\Abdo\Desktop\students-manager\Lib\site-packages\django\template\loader.py", line 62, in render_to_string
    return template.render(context, request)
           ~~~~~~~~~~~~~~~^^^^^^^^^^^^^^^^^^
  File "C:\Users\Abdo\Desktop\students-manager\Lib\site-packages\django\template\backends\django.py", line 107, in render
    return self.template.render(context)
           ~~~~~~~~~~~~~~~~~~~~^^^^^^^^^
  File "C:\Users\Abdo\Desktop\students-manager\Lib\site-packages\django\template\base.py", line 171, in render
    return self._render(context)
           ~~~~~~~~~~~~^^^^^^^^^
  File "C:\Users\Abdo\Desktop\students-manager\Lib\site-packages\django\template\base.py", line 163, in _render
    return self.nodelist.render(context)
           ~~~~~~~~~~~~~~~~~~~~^^^^^^^^^
  File "C:\Users\Abdo\Desktop\students-manager\Lib\site-packages\django\template\base.py", line 1016, in render
    return SafeString("".join([node.render_annotated(context) for node in self]))
                               ~~~~~~~~~~~~~~~~~~~~~^^^^^^^^^
  File "C:\Users\Abdo\Desktop\students-manager\Lib\site-packages\django\template\base.py", line 977, in render_annotated
    return self.render(context)
           ~~~~~~~~~~~^^^^^^^^^
  File "C:\Users\Abdo\Desktop\students-manager\Lib\site-packages\django\template\defaulttags.py", line 480, in render
    url = reverse(view_name, args=args, kwargs=kwargs, current_app=current_app)
  File "C:\Users\Abdo\Desktop\students-manager\Lib\site-packages\django\urls\base.py", line 98, in reverse
    resolved_url = resolver._reverse_with_prefix(view, prefix, *args, **kwargs)
  File "C:\Users\Abdo\Desktop\students-manager\Lib\site-packages\django\urls\resolvers.py", line 831, in _reverse_with_prefix
    raise NoReverseMatch(msg)
django.urls.exceptions.NoReverseMatch: Reverse for 'barcode_attendance' not found. 'barcode_attendance' is not a valid view function or pattern name.
2025-05-27 12:56:50,548 ERROR Internal Server Error: /attendance/
Traceback (most recent call last):
  File "C:\Users\Abdo\Desktop\students-manager\Lib\site-packages\django\core\handlers\exception.py", line 55, in inner
    response = get_response(request)
  File "C:\Users\Abdo\Desktop\students-manager\Lib\site-packages\django\core\handlers\base.py", line 197, in _get_response
    response = wrapped_callback(request, *callback_args, **callback_kwargs)
  File "C:\Users\Abdo\Desktop\students-manager\v2student_manager\students\views.py", line 172, in barcode_attendance_view
    return render(request, 'attendance.html', context)
  File "C:\Users\Abdo\Desktop\students-manager\Lib\site-packages\django\shortcuts.py", line 25, in render
    content = loader.render_to_string(template_name, context, request, using=using)
  File "C:\Users\Abdo\Desktop\students-manager\Lib\site-packages\django\template\loader.py", line 62, in render_to_string
    return template.render(context, request)
           ~~~~~~~~~~~~~~~^^^^^^^^^^^^^^^^^^
  File "C:\Users\Abdo\Desktop\students-manager\Lib\site-packages\django\template\backends\django.py", line 107, in render
    return self.template.render(context)
           ~~~~~~~~~~~~~~~~~~~~^^^^^^^^^
  File "C:\Users\Abdo\Desktop\students-manager\Lib\site-packages\django\template\base.py", line 171, in render
    return self._render(context)
           ~~~~~~~~~~~~^^^^^^^^^
  File "C:\Users\Abdo\Desktop\students-manager\Lib\site-packages\django\template\base.py", line 163, in _render
    return self.nodelist.render(context)
           ~~~~~~~~~~~~~~~~~~~~^^^^^^^^^
  File "C:\Users\Abdo\Desktop\students-manager\Lib\site-packages\django\template\base.py", line 1016, in render
    return SafeString("".join([node.render_annotated(context) for node in self]))
                               ~~~~~~~~~~~~~~~~~~~~~^^^^^^^^^
  File "C:\Users\Abdo\Desktop\students-manager\Lib\site-packages\django\template\base.py", line 977, in render_annotated
    return self.render(context)
           ~~~~~~~~~~~^^^^^^^^^
  File "C:\Users\Abdo\Desktop\students-manager\Lib\site-packages\django\template\defaulttags.py", line 480, in render
    url = reverse(view_name, args=args, kwargs=kwargs, current_app=current_app)
  File "C:\Users\Abdo\Desktop\students-manager\Lib\site-packages\django\urls\base.py", line 98, in reverse
    resolved_url = resolver._reverse_with_prefix(view, prefix, *args, **kwargs)
  File "C:\Users\Abdo\Desktop\students-manager\Lib\site-packages\django\urls\resolvers.py", line 831, in _reverse_with_prefix
    raise NoReverseMatch(msg)
django.urls.exceptions.NoReverseMatch: Reverse for 'barcode_attendance' not found. 'barcode_attendance' is not a valid view function or pattern name.
2025-05-27 12:57:04,444 INFO C:\Users\Abdo\Desktop\students-manager\v2student_manager\students\urls.py changed, reloading.
2025-05-27 12:57:06,489 INFO Watching for file changes with StatReloader
2025-05-27 12:58:00,630 INFO Attempting to queue WhatsApp message to 01142344943 for student \u062a\u062c\u0631\u064a\u0628 (type: payment_confirmation_and_attendance)
2025-05-27 12:58:14,028 WARNING The chromedriver version (136.0.7103.92) detected in PATH at C:\webdrivers\chromedriver.exe might not be compatible with the detected chrome version (137.0.7151.41); currently, chromedriver 137.0.7151.40 is recommended for chrome 137.*, so it is advised to delete the driver in PATH and retry
2025-05-27 12:58:36,953 INFO \u231b \u0627\u0646\u062a\u0638\u0631 \u0645\u0633\u062d QR \u0641\u064a WhatsApp Web …
2025-05-27 12:58:40,574 INFO \u2705 \u062c\u0627\u0647\u0632 \u0644\u0625\u0631\u0633\u0627\u0644 \u0627\u0644\u0631\u0633\u0627\u0626\u0644.
2025-05-27 12:58:43,361 WARNING Not Found: /\u0627\u062e\u0629\u062b/
2025-05-27 12:58:50,152 INFO \U0001f4e9 \u0623\u0631\u0633\u0644\u0646\u0627 \u0631\u0633\u0627\u0644\u0629 \u0625\u0644\u0649 +201142344943 \u0641\u064a 12:58:50
2025-05-27 12:58:52,067 WARNING Not Found: /home
2025-05-27 12:58:55,911 WARNING Not Found: /home/
2025-05-27 13:02:30,721 INFO C:\Users\Abdo\Desktop\students-manager\v2student_manager\students\urls.py changed, reloading.
2025-05-27 13:02:33,058 INFO Watching for file changes with StatReloader
2025-05-27 13:02:34,608 INFO C:\Users\Abdo\Desktop\students-manager\v2student_manager\students\urls.py changed, reloading.
2025-05-27 13:02:36,840 INFO Watching for file changes with StatReloader
2025-05-27 13:03:46,104 INFO C:\Users\Abdo\Desktop\students-manager\v2student_manager\students\views.py changed, reloading.
2025-05-27 13:03:48,089 INFO Watching for file changes with StatReloader
2025-05-27 13:04:07,321 INFO C:\Users\Abdo\Desktop\students-manager\v2student_manager\students\views.py changed, reloading.
2025-05-27 13:04:09,346 INFO Watching for file changes with StatReloader
2025-05-27 13:04:11,888 INFO C:\Users\Abdo\Desktop\students-manager\v2student_manager\students\views.py changed, reloading.
2025-05-27 13:04:13,997 INFO Watching for file changes with StatReloader
2025-05-27 13:04:15,636 INFO C:\Users\Abdo\Desktop\students-manager\v2student_manager\students\views.py changed, reloading.
2025-05-27 13:04:17,689 INFO Watching for file changes with StatReloader
2025-05-27 13:04:22,578 INFO C:\Users\Abdo\Desktop\students-manager\v2student_manager\students\views.py changed, reloading.
2025-05-27 13:04:24,960 INFO Watching for file changes with StatReloader
2025-05-27 14:00:06,110 INFO Watching for file changes with StatReloader
2025-05-27 14:02:24,742 WARNING Not Found: /favicon.ico
2025-05-27 14:36:43,222 INFO Watching for file changes with StatReloader
2025-05-27 14:36:47,759 WARNING Not Found: /favicon.ico
2025-05-27 14:38:01,513 ERROR Internal Server Error: /
Traceback (most recent call last):
  File "C:\Users\Abdo\Desktop\students-manager\Lib\site-packages\django\core\handlers\exception.py", line 55, in inner
    response = get_response(request)
  File "C:\Users\Abdo\Desktop\students-manager\Lib\site-packages\django\core\handlers\base.py", line 197, in _get_response
    response = wrapped_callback(request, *callback_args, **callback_kwargs)
  File "C:\Users\Abdo\Desktop\students-manager\v2student_manager\students\views.py", line 563, in home_view
    return render(request, 'home.html')
  File "C:\Users\Abdo\Desktop\students-manager\Lib\site-packages\django\shortcuts.py", line 25, in render
    content = loader.render_to_string(template_name, context, request, using=using)
  File "C:\Users\Abdo\Desktop\students-manager\Lib\site-packages\django\template\loader.py", line 62, in render_to_string
    return template.render(context, request)
           ~~~~~~~~~~~~~~~^^^^^^^^^^^^^^^^^^
  File "C:\Users\Abdo\Desktop\students-manager\Lib\site-packages\django\template\backends\django.py", line 107, in render
    return self.template.render(context)
           ~~~~~~~~~~~~~~~~~~~~^^^^^^^^^
  File "C:\Users\Abdo\Desktop\students-manager\Lib\site-packages\django\template\base.py", line 171, in render
    return self._render(context)
           ~~~~~~~~~~~~^^^^^^^^^
  File "C:\Users\Abdo\Desktop\students-manager\Lib\site-packages\django\template\base.py", line 163, in _render
    return self.nodelist.render(context)
           ~~~~~~~~~~~~~~~~~~~~^^^^^^^^^
  File "C:\Users\Abdo\Desktop\students-manager\Lib\site-packages\django\template\base.py", line 1016, in render
    return SafeString("".join([node.render_annotated(context) for node in self]))
                               ~~~~~~~~~~~~~~~~~~~~~^^^^^^^^^
  File "C:\Users\Abdo\Desktop\students-manager\Lib\site-packages\django\template\base.py", line 977, in render_annotated
    return self.render(context)
           ~~~~~~~~~~~^^^^^^^^^
  File "C:\Users\Abdo\Desktop\students-manager\Lib\site-packages\django\template\defaulttags.py", line 480, in render
    url = reverse(view_name, args=args, kwargs=kwargs, current_app=current_app)
  File "C:\Users\Abdo\Desktop\students-manager\Lib\site-packages\django\urls\base.py", line 98, in reverse
    resolved_url = resolver._reverse_with_prefix(view, prefix, *args, **kwargs)
  File "C:\Users\Abdo\Desktop\students-manager\Lib\site-packages\django\urls\resolvers.py", line 831, in _reverse_with_prefix
    raise NoReverseMatch(msg)
django.urls.exceptions.NoReverseMatch: Reverse for 'admin' not found. 'admin' is not a valid view function or pattern name.
2025-05-27 14:38:02,715 ERROR Internal Server Error: /
Traceback (most recent call last):
  File "C:\Users\Abdo\Desktop\students-manager\Lib\site-packages\django\core\handlers\exception.py", line 55, in inner
    response = get_response(request)
  File "C:\Users\Abdo\Desktop\students-manager\Lib\site-packages\django\core\handlers\base.py", line 197, in _get_response
    response = wrapped_callback(request, *callback_args, **callback_kwargs)
  File "C:\Users\Abdo\Desktop\students-manager\v2student_manager\students\views.py", line 563, in home_view
    return render(request, 'home.html')
  File "C:\Users\Abdo\Desktop\students-manager\Lib\site-packages\django\shortcuts.py", line 25, in render
    content = loader.render_to_string(template_name, context, request, using=using)
  File "C:\Users\Abdo\Desktop\students-manager\Lib\site-packages\django\template\loader.py", line 62, in render_to_string
    return template.render(context, request)
           ~~~~~~~~~~~~~~~^^^^^^^^^^^^^^^^^^
  File "C:\Users\Abdo\Desktop\students-manager\Lib\site-packages\django\template\backends\django.py", line 107, in render
    return self.template.render(context)
           ~~~~~~~~~~~~~~~~~~~~^^^^^^^^^
  File "C:\Users\Abdo\Desktop\students-manager\Lib\site-packages\django\template\base.py", line 171, in render
    return self._render(context)
           ~~~~~~~~~~~~^^^^^^^^^
  File "C:\Users\Abdo\Desktop\students-manager\Lib\site-packages\django\template\base.py", line 163, in _render
    return self.nodelist.render(context)
           ~~~~~~~~~~~~~~~~~~~~^^^^^^^^^
  File "C:\Users\Abdo\Desktop\students-manager\Lib\site-packages\django\template\base.py", line 1016, in render
    return SafeString("".join([node.render_annotated(context) for node in self]))
                               ~~~~~~~~~~~~~~~~~~~~~^^^^^^^^^
  File "C:\Users\Abdo\Desktop\students-manager\Lib\site-packages\django\template\base.py", line 977, in render_annotated
    return self.render(context)
           ~~~~~~~~~~~^^^^^^^^^
  File "C:\Users\Abdo\Desktop\students-manager\Lib\site-packages\django\template\defaulttags.py", line 480, in render
    url = reverse(view_name, args=args, kwargs=kwargs, current_app=current_app)
  File "C:\Users\Abdo\Desktop\students-manager\Lib\site-packages\django\urls\base.py", line 98, in reverse
    resolved_url = resolver._reverse_with_prefix(view, prefix, *args, **kwargs)
  File "C:\Users\Abdo\Desktop\students-manager\Lib\site-packages\django\urls\resolvers.py", line 831, in _reverse_with_prefix
    raise NoReverseMatch(msg)
django.urls.exceptions.NoReverseMatch: Reverse for 'admin' not found. 'admin' is not a valid view function or pattern name.
2025-05-27 14:38:03,352 ERROR Internal Server Error: /
Traceback (most recent call last):
  File "C:\Users\Abdo\Desktop\students-manager\Lib\site-packages\django\core\handlers\exception.py", line 55, in inner
    response = get_response(request)
  File "C:\Users\Abdo\Desktop\students-manager\Lib\site-packages\django\core\handlers\base.py", line 197, in _get_response
    response = wrapped_callback(request, *callback_args, **callback_kwargs)
  File "C:\Users\Abdo\Desktop\students-manager\v2student_manager\students\views.py", line 563, in home_view
    return render(request, 'home.html')
  File "C:\Users\Abdo\Desktop\students-manager\Lib\site-packages\django\shortcuts.py", line 25, in render
    content = loader.render_to_string(template_name, context, request, using=using)
  File "C:\Users\Abdo\Desktop\students-manager\Lib\site-packages\django\template\loader.py", line 62, in render_to_string
    return template.render(context, request)
           ~~~~~~~~~~~~~~~^^^^^^^^^^^^^^^^^^
  File "C:\Users\Abdo\Desktop\students-manager\Lib\site-packages\django\template\backends\django.py", line 107, in render
    return self.template.render(context)
           ~~~~~~~~~~~~~~~~~~~~^^^^^^^^^
  File "C:\Users\Abdo\Desktop\students-manager\Lib\site-packages\django\template\base.py", line 171, in render
    return self._render(context)
           ~~~~~~~~~~~~^^^^^^^^^
  File "C:\Users\Abdo\Desktop\students-manager\Lib\site-packages\django\template\base.py", line 163, in _render
    return self.nodelist.render(context)
           ~~~~~~~~~~~~~~~~~~~~^^^^^^^^^
  File "C:\Users\Abdo\Desktop\students-manager\Lib\site-packages\django\template\base.py", line 1016, in render
    return SafeString("".join([node.render_annotated(context) for node in self]))
                               ~~~~~~~~~~~~~~~~~~~~~^^^^^^^^^
  File "C:\Users\Abdo\Desktop\students-manager\Lib\site-packages\django\template\base.py", line 977, in render_annotated
    return self.render(context)
           ~~~~~~~~~~~^^^^^^^^^
  File "C:\Users\Abdo\Desktop\students-manager\Lib\site-packages\django\template\defaulttags.py", line 480, in render
    url = reverse(view_name, args=args, kwargs=kwargs, current_app=current_app)
  File "C:\Users\Abdo\Desktop\students-manager\Lib\site-packages\django\urls\base.py", line 98, in reverse
    resolved_url = resolver._reverse_with_prefix(view, prefix, *args, **kwargs)
  File "C:\Users\Abdo\Desktop\students-manager\Lib\site-packages\django\urls\resolvers.py", line 831, in _reverse_with_prefix
    raise NoReverseMatch(msg)
django.urls.exceptions.NoReverseMatch: Reverse for 'admin' not found. 'admin' is not a valid view function or pattern name.
2025-05-27 14:38:04,019 ERROR Internal Server Error: /
Traceback (most recent call last):
  File "C:\Users\Abdo\Desktop\students-manager\Lib\site-packages\django\core\handlers\exception.py", line 55, in inner
    response = get_response(request)
  File "C:\Users\Abdo\Desktop\students-manager\Lib\site-packages\django\core\handlers\base.py", line 197, in _get_response
    response = wrapped_callback(request, *callback_args, **callback_kwargs)
  File "C:\Users\Abdo\Desktop\students-manager\v2student_manager\students\views.py", line 563, in home_view
    return render(request, 'home.html')
  File "C:\Users\Abdo\Desktop\students-manager\Lib\site-packages\django\shortcuts.py", line 25, in render
    content = loader.render_to_string(template_name, context, request, using=using)
  File "C:\Users\Abdo\Desktop\students-manager\Lib\site-packages\django\template\loader.py", line 62, in render_to_string
    return template.render(context, request)
           ~~~~~~~~~~~~~~~^^^^^^^^^^^^^^^^^^
  File "C:\Users\Abdo\Desktop\students-manager\Lib\site-packages\django\template\backends\django.py", line 107, in render
    return self.template.render(context)
           ~~~~~~~~~~~~~~~~~~~~^^^^^^^^^
  File "C:\Users\Abdo\Desktop\students-manager\Lib\site-packages\django\template\base.py", line 171, in render
    return self._render(context)
           ~~~~~~~~~~~~^^^^^^^^^
  File "C:\Users\Abdo\Desktop\students-manager\Lib\site-packages\django\template\base.py", line 163, in _render
    return self.nodelist.render(context)
           ~~~~~~~~~~~~~~~~~~~~^^^^^^^^^
  File "C:\Users\Abdo\Desktop\students-manager\Lib\site-packages\django\template\base.py", line 1016, in render
    return SafeString("".join([node.render_annotated(context) for node in self]))
                               ~~~~~~~~~~~~~~~~~~~~~^^^^^^^^^
  File "C:\Users\Abdo\Desktop\students-manager\Lib\site-packages\django\template\base.py", line 977, in render_annotated
    return self.render(context)
           ~~~~~~~~~~~^^^^^^^^^
  File "C:\Users\Abdo\Desktop\students-manager\Lib\site-packages\django\template\defaulttags.py", line 480, in render
    url = reverse(view_name, args=args, kwargs=kwargs, current_app=current_app)
  File "C:\Users\Abdo\Desktop\students-manager\Lib\site-packages\django\urls\base.py", line 98, in reverse
    resolved_url = resolver._reverse_with_prefix(view, prefix, *args, **kwargs)
  File "C:\Users\Abdo\Desktop\students-manager\Lib\site-packages\django\urls\resolvers.py", line 831, in _reverse_with_prefix
    raise NoReverseMatch(msg)
django.urls.exceptions.NoReverseMatch: Reverse for 'admin' not found. 'admin' is not a valid view function or pattern name.
2025-05-27 14:43:20,102 ERROR Internal Server Error: /admin/students/basics/
Traceback (most recent call last):
  File "C:\Users\Abdo\Desktop\students-manager\Lib\site-packages\django\db\models\options.py", line 683, in get_field
    return self.fields_map[field_name]
           ~~~~~~~~~~~~~~~^^^^^^^^^^^^
KeyError: 'action_checkbox'

During handling of the above exception, another exception occurred:

Traceback (most recent call last):
  File "C:\Users\Abdo\Desktop\students-manager\Lib\site-packages\django\contrib\admin\utils.py", line 290, in lookup_field
    f = _get_non_gfk_field(opts, name)
  File "C:\Users\Abdo\Desktop\students-manager\Lib\site-packages\django\contrib\admin\utils.py", line 330, in _get_non_gfk_field
    field = opts.get_field(name)
  File "C:\Users\Abdo\Desktop\students-manager\Lib\site-packages\django\db\models\options.py", line 685, in get_field
    raise FieldDoesNotExist(
        "%s has no field named '%s'" % (self.object_name, field_name)
    )
django.core.exceptions.FieldDoesNotExist: Basics has no field named 'action_checkbox'

During handling of the above exception, another exception occurred:

Traceback (most recent call last):
  File "C:\Users\Abdo\Desktop\students-manager\Lib\site-packages\django\core\handlers\exception.py", line 55, in inner
    response = get_response(request)
  File "C:\Users\Abdo\Desktop\students-manager\Lib\site-packages\django\core\handlers\base.py", line 220, in _get_response
    response = response.render()
  File "C:\Users\Abdo\Desktop\students-manager\Lib\site-packages\django\template\response.py", line 114, in render
    self.content = self.rendered_content
                   ^^^^^^^^^^^^^^^^^^^^^
  File "C:\Users\Abdo\Desktop\students-manager\Lib\site-packages\django\template\response.py", line 92, in rendered_content
    return template.render(context, self._request)
           ~~~~~~~~~~~~~~~^^^^^^^^^^^^^^^^^^^^^^^^
  File "C:\Users\Abdo\Desktop\students-manager\Lib\site-packages\django\template\backends\django.py", line 107, in render
    return self.template.render(context)
           ~~~~~~~~~~~~~~~~~~~~^^^^^^^^^
  File "C:\Users\Abdo\Desktop\students-manager\Lib\site-packages\django\template\base.py", line 171, in render
    return self._render(context)
           ~~~~~~~~~~~~^^^^^^^^^
  File "C:\Users\Abdo\Desktop\students-manager\Lib\site-packages\django\template\base.py", line 163, in _render
    return self.nodelist.render(context)
           ~~~~~~~~~~~~~~~~~~~~^^^^^^^^^
  File "C:\Users\Abdo\Desktop\students-manager\Lib\site-packages\django\template\base.py", line 1016, in render
    return SafeString("".join([node.render_annotated(context) for node in self]))
                               ~~~~~~~~~~~~~~~~~~~~~^^^^^^^^^
  File "C:\Users\Abdo\Desktop\students-manager\Lib\site-packages\django\template\base.py", line 977, in render_annotated
    return self.render(context)
           ~~~~~~~~~~~^^^^^^^^^
  File "C:\Users\Abdo\Desktop\students-manager\Lib\site-packages\django\template\loader_tags.py", line 159, in render
    return compiled_parent._render(context)
           ~~~~~~~~~~~~~~~~~~~~~~~^^^^^^^^^
  File "C:\Users\Abdo\Desktop\students-manager\Lib\site-packages\django\template\base.py", line 163, in _render
    return self.nodelist.render(context)
           ~~~~~~~~~~~~~~~~~~~~^^^^^^^^^
  File "C:\Users\Abdo\Desktop\students-manager\Lib\site-packages\django\template\base.py", line 1016, in render
    return SafeString("".join([node.render_annotated(context) for node in self]))
                               ~~~~~~~~~~~~~~~~~~~~~^^^^^^^^^
  File "C:\Users\Abdo\Desktop\students-manager\Lib\site-packages\django\template\base.py", line 977, in render_annotated
    return self.render(context)
           ~~~~~~~~~~~^^^^^^^^^
  File "C:\Users\Abdo\Desktop\students-manager\Lib\site-packages\django\template\loader_tags.py", line 159, in render
    return compiled_parent._render(context)
           ~~~~~~~~~~~~~~~~~~~~~~~^^^^^^^^^
  File "C:\Users\Abdo\Desktop\students-manager\Lib\site-packages\django\template\base.py", line 163, in _render
    return self.nodelist.render(context)
           ~~~~~~~~~~~~~~~~~~~~^^^^^^^^^
  File "C:\Users\Abdo\Desktop\students-manager\Lib\site-packages\django\template\base.py", line 1016, in render
    return SafeString("".join([node.render_annotated(context) for node in self]))
                               ~~~~~~~~~~~~~~~~~~~~~^^^^^^^^^
  File "C:\Users\Abdo\Desktop\students-manager\Lib\site-packages\django\template\base.py", line 977, in render_annotated
    return self.render(context)
           ~~~~~~~~~~~^^^^^^^^^
  File "C:\Users\Abdo\Desktop\students-manager\Lib\site-packages\django\template\loader_tags.py", line 65, in render
    result = block.nodelist.render(context)
  File "C:\Users\Abdo\Desktop\students-manager\Lib\site-packages\django\template\base.py", line 1016, in render
    return SafeString("".join([node.render_annotated(context) for node in self]))
                               ~~~~~~~~~~~~~~~~~~~~~^^^^^^^^^
  File "C:\Users\Abdo\Desktop\students-manager\Lib\site-packages\django\template\base.py", line 977, in render_annotated
    return self.render(context)
           ~~~~~~~~~~~^^^^^^^^^
  File "C:\Users\Abdo\Desktop\students-manager\Lib\site-packages\django\template\loader_tags.py", line 65, in render
    result = block.nodelist.render(context)
  File "C:\Users\Abdo\Desktop\students-manager\Lib\site-packages\django\template\base.py", line 1016, in render
    return SafeString("".join([node.render_annotated(context) for node in self]))
                               ~~~~~~~~~~~~~~~~~~~~~^^^^^^^^^
  File "C:\Users\Abdo\Desktop\students-manager\Lib\site-packages\django\template\base.py", line 977, in render_annotated
    return self.render(context)
           ~~~~~~~~~~~^^^^^^^^^
  File "C:\Users\Abdo\Desktop\students-manager\Lib\site-packages\django\contrib\admin\templatetags\base.py", line 45, in render
    return super().render(context)
           ~~~~~~~~~~~~~~^^^^^^^^^
  File "C:\Users\Abdo\Desktop\students-manager\Lib\site-packages\django\template\library.py", line 359, in render
    _dict = self.func(*resolved_args, **resolved_kwargs)
  File "C:\Users\Abdo\Desktop\students-manager\Lib\site-packages\django\contrib\admin\templatetags\admin_list.py", line 354, in result_list
    "results": list(results(cl)),
               ~~~~^^^^^^^^^^^^^
  File "C:\Users\Abdo\Desktop\students-manager\Lib\site-packages\django\contrib\admin\templatetags\admin_list.py", line 330, in results
    yield ResultList(None, items_for_result(cl, res, None))
          ~~~~~~~~~~^^^^^^^^^^^^^^^^^^^^^^^^^^^^^^^^^^^^^^^
  File "C:\Users\Abdo\Desktop\students-manager\Lib\site-packages\django\contrib\admin\templatetags\admin_list.py", line 321, in __init__
    super().__init__(*items)
    ~~~~~~~~~~~~~~~~^^^^^^^^
  File "C:\Users\Abdo\Desktop\students-manager\Lib\site-packages\django\contrib\admin\templatetags\admin_list.py", line 219, in items_for_result
    f, attr, value = lookup_field(field_name, result, cl.model_admin)
                     ~~~~~~~~~~~~^^^^^^^^^^^^^^^^^^^^^^^^^^^^^^^^^^^^
  File "C:\Users\Abdo\Desktop\students-manager\Lib\site-packages\django\contrib\admin\utils.py", line 299, in lookup_field
    value = attr(obj)
  File "C:\Users\Abdo\Desktop\students-manager\Lib\site-packages\django\contrib\admin\options.py", line 1031, in action_checkbox
    _("Select this object for an action - {}"), str(obj)
                                                ~~~^^^^^
  File "C:\Users\Abdo\Desktop\students-manager\v2student_manager\students\models.py", line 20, in __str__
    return f"{self.last_time} – {self.month_price}"
              ^^^^^^^^^^^^^^
AttributeError: 'Basics' object has no attribute 'last_time'
2025-05-27 14:43:54,787 INFO C:\Users\Abdo\Desktop\students-manager\v2student_manager\students\models.py changed, reloading.
2025-05-27 14:43:56,829 INFO Watching for file changes with StatReloader
2025-05-27 14:48:18,730 INFO Watching for file changes with StatReloader
2025-05-27 15:14:29,610 INFO Watching for file changes with StatReloader
2025-05-27 15:18:02,332 WARNING Not Found: /.well-known/appspecific/com.chrome.devtools.json
2025-05-27 15:40:07,766 WARNING Not Found: /.well-known/appspecific/com.chrome.devtools.json
2025-05-27 15:40:08,239 WARNING Not Found: /.well-known/appspecific/com.chrome.devtools.json
2025-05-27 15:40:08,698 WARNING Not Found: /.well-known/appspecific/com.chrome.devtools.json
2025-05-27 15:40:09,254 WARNING Not Found: /.well-known/appspecific/com.chrome.devtools.json
2025-05-27 15:40:09,727 WARNING Not Found: /.well-known/appspecific/com.chrome.devtools.json
2025-05-27 15:40:10,407 WARNING Not Found: /.well-known/appspecific/com.chrome.devtools.json
2025-05-27 15:40:10,904 WARNING Not Found: /.well-known/appspecific/com.chrome.devtools.json
2025-05-27 15:40:11,412 WARNING Not Found: /.well-known/appspecific/com.chrome.devtools.json
2025-05-27 15:40:12,133 WARNING Not Found: /.well-known/appspecific/com.chrome.devtools.json
2025-05-27 15:40:14,244 WARNING Not Found: /.well-known/appspecific/com.chrome.devtools.json
2025-05-27 15:40:19,972 WARNING Not Found: /.well-known/appspecific/com.chrome.devtools.json
2025-05-27 15:40:20,033 WARNING Not Found: /.well-known/appspecific/com.chrome.devtools.json
2025-05-27 15:40:21,850 WARNING Not Found: /.well-known/appspecific/com.chrome.devtools.json
2025-05-27 15:40:25,836 WARNING Not Found: /.well-known/appspecific/com.chrome.devtools.json
2025-05-27 15:40:25,879 WARNING Not Found: /.well-known/appspecific/com.chrome.devtools.json
2025-05-27 15:40:26,663 WARNING Not Found: /.well-known/appspecific/com.chrome.devtools.json
2025-05-27 15:40:27,624 WARNING Not Found: /.well-known/appspecific/com.chrome.devtools.json
2025-05-27 15:40:27,669 WARNING Not Found: /.well-known/appspecific/com.chrome.devtools.json
2025-05-27 15:40:28,604 WARNING Not Found: /.well-known/appspecific/com.chrome.devtools.json
2025-05-27 15:40:30,408 WARNING Not Found: /.well-known/appspecific/com.chrome.devtools.json
2025-05-27 15:40:30,468 WARNING Not Found: /.well-known/appspecific/com.chrome.devtools.json
2025-05-27 20:17:25,214 INFO Watching for file changes with StatReloader
2025-05-27 20:17:25,634 WARNING Not Found: /favicon.ico
2025-05-27 20:36:03,196 INFO C:\Users\Abdo\Desktop\students-manager\v2student_manager\students\utils\whatsapp_Sel.py changed, reloading.
2025-05-27 20:36:10,837 INFO Watching for file changes with StatReloader
2025-05-27 20:36:33,284 INFO C:\Users\Abdo\Desktop\students-manager\v2student_manager\students\utils\whatsapp_queue.py changed, reloading.
2025-05-27 20:36:41,469 INFO Watching for file changes with StatReloader
2025-05-27 20:37:45,468 INFO C:\Users\Abdo\Desktop\students-manager\v2student_manager\students\views.py changed, reloading.
2025-05-27 20:37:47,752 INFO Watching for file changes with StatReloader
2025-05-27 20:42:45,635 INFO C:\Users\Abdo\Desktop\students-manager\v2student_manager\students\views.py changed, reloading.
2025-05-27 20:42:47,812 INFO Watching for file changes with StatReloader
2025-05-27 20:48:39,193 INFO Watching for file changes with StatReloader
2025-05-27 20:49:42,422 ERROR Internal Server Error: /attendance/
Traceback (most recent call last):
  File "C:\Users\Abdo\Desktop\students-manager\Lib\site-packages\django\core\handlers\exception.py", line 55, in inner
    response = get_response(request)
  File "C:\Users\Abdo\Desktop\students-manager\Lib\site-packages\django\core\handlers\base.py", line 197, in _get_response
    response = wrapped_callback(request, *callback_args, **callback_kwargs)
  File "C:\Users\Abdo\Desktop\students-manager\v2student_manager\students\views.py", line 98, in barcode_attendance_view
    if student.father_phone and student.has_whatsapp:
                                ^^^^^^^^^^^^^^^^^^^^
AttributeError: 'Students' object has no attribute 'has_whatsapp'
2025-05-27 20:51:11,957 INFO C:\Users\Abdo\Desktop\students-manager\v2student_manager\students\models.py changed, reloading.
2025-05-27 20:51:23,682 INFO Watching for file changes with StatReloader
2025-05-27 20:51:25,796 INFO C:\Users\Abdo\Desktop\students-manager\v2student_manager\students\models.py changed, reloading.
2025-05-27 20:51:32,128 INFO Watching for file changes with StatReloader
2025-05-27 20:51:34,431 INFO C:\Users\Abdo\Desktop\students-manager\v2student_manager\students\models.py changed, reloading.
2025-05-27 20:51:41,085 INFO Watching for file changes with StatReloader
2025-05-27 20:51:43,151 INFO C:\Users\Abdo\Desktop\students-manager\v2student_manager\students\models.py changed, reloading.
2025-05-27 20:51:48,741 INFO Watching for file changes with StatReloader
2025-05-27 20:52:08,245 INFO Watching for file changes with StatReloader
2025-05-27 20:52:23,935 WARNING The chromedriver version (136.0.7103.92) detected in PATH at C:\webdrivers\chromedriver.exe might not be compatible with the detected chrome version (137.0.7151.41); currently, chromedriver 137.0.7151.40 is recommended for chrome 137.*, so it is advised to delete the driver in PATH and retry
2025-05-27 20:52:42,836 INFO \u231b \u0627\u0646\u062a\u0638\u0631 \u0645\u0633\u062d QR \u0641\u064a WhatsApp Web …
2025-05-27 20:52:46,922 INFO \u2705 \u062c\u0627\u0647\u0632 \u0644\u0625\u0631\u0633\u0627\u0644 \u0627\u0644\u0631\u0633\u0627\u0626\u0644.
2025-05-27 20:52:55,732 INFO \U0001f4e9 \u0623\u0631\u0633\u0644\u0646\u0627 \u0631\u0633\u0627\u0644\u0629 \u0625\u0644\u0649 +201142344948 \u0641\u064a 20:52:55
2025-05-27 20:53:08,684 INFO \U0001f4e9 \u0623\u0631\u0633\u0644\u0646\u0627 \u0631\u0633\u0627\u0644\u0629 \u0625\u0644\u0649 +201142344948 \u0641\u064a 20:53:08
2025-05-27 20:54:41,484 WARNING Initial WhatsApp send attempt failed for phone +201142344941. Reason: Initial send failed, possibly invalid number/no WhatsApp. Details: Message: 
Stacktrace:
	GetHandleVerifier [0x00007FF62C9CCF25+75717]
	GetHandleVerifier [0x00007FF62C9CCF80+75808]
	(No symbol) [0x00007FF62C798F9A]
	(No symbol) [0x00007FF62C7EF4C6]
	(No symbol) [0x00007FF62C7EF77C]
	(No symbol) [0x00007FF62C842577]
	(No symbol) [0x00007FF62C8173BF]
	(No symbol) [0x00007FF62C83F39C]
	(No symbol) [0x00007FF62C817153]
	(No symbol) [0x00007FF62C7E0421]
	(No symbol) [0x00007FF62C7E11B3]
	GetHandleVerifier [0x00007FF62CCCD6FD+3223453]
	GetHandleVerifier [0x00007FF62CCC7CA2+3200322]
	GetHandleVerifier [0x00007FF62CCE5AD3+3322739]
	GetHandleVerifier [0x00007FF62C9E69FA+180890]
	GetHandleVerifier [0x00007FF62C9EE0FF+211359]
	GetHandleVerifier [0x00007FF62C9D5274+109332]
	GetHandleVerifier [0x00007FF62C9D5422+109762]
	GetHandleVerifier [0x00007FF62C9BBA39+4825]
	BaseThreadInitThunk [0x00007FFA849B7374+20]
	RtlUserThreadStart [0x00007FFA8605CC91+33]

2025-05-27 20:54:41,543 WARNING \u26a0\ufe0f \u062a\u0639\u0637\u0644 \u0627\u0644\u0625\u0631\u0633\u0627\u0644 \u0625\u0644\u0649 +201142344941: Message: 
Stacktrace:
	GetHandleVerifier [0x00007FF62C9CCF25+75717]
	GetHandleVerifier [0x00007FF62C9CCF80+75808]
	(No symbol) [0x00007FF62C798F9A]
	(No symbol) [0x00007FF62C7EF4C6]
	(No symbol) [0x00007FF62C7EF77C]
	(No symbol) [0x00007FF62C842577]
	(No symbol) [0x00007FF62C8173BF]
	(No symbol) [0x00007FF62C83F39C]
	(No symbol) [0x00007FF62C817153]
	(No symbol) [0x00007FF62C7E0421]
	(No symbol) [0x00007FF62C7E11B3]
	GetHandleVerifier [0x00007FF62CCCD6FD+3223453]
	GetHandleVerifier [0x00007FF62CCC7CA2+3200322]
	GetHandleVerifier [0x00007FF62CCE5AD3+3322739]
	GetHandleVerifier [0x00007FF62C9E69FA+180890]
	GetHandleVerifier [0x00007FF62C9EE0FF+211359]
	GetHandleVerifier [0x00007FF62C9D5274+109332]
	GetHandleVerifier [0x00007FF62C9D5422+109762]
	GetHandleVerifier [0x00007FF62C9BBA39+4825]
	BaseThreadInitThunk [0x00007FFA849B7374+20]
	RtlUserThreadStart [0x00007FFA8605CC91+33]
 — \u0627\u0644\u0645\u062d\u0627\u0648\u0644\u0629 \u0628\u0625\u0639\u0627\u062f\u0629 \u062a\u0634\u063a\u064a\u0644 \u0627\u0644\u062c\u0644\u0633\u0629
2025-05-27 20:55:13,800 ERROR Retry WhatsApp send attempt failed for phone +201142344941. Reason: Retry send failed, possibly invalid number/no WhatsApp. Details: Message: 
Stacktrace:
	GetHandleVerifier [0x00007FF62C9CCF25+75717]
	GetHandleVerifier [0x00007FF62C9CCF80+75808]
	(No symbol) [0x00007FF62C798F9A]
	(No symbol) [0x00007FF62C7EF4C6]
	(No symbol) [0x00007FF62C7EF77C]
	(No symbol) [0x00007FF62C842577]
	(No symbol) [0x00007FF62C8173BF]
	(No symbol) [0x00007FF62C83F39C]
	(No symbol) [0x00007FF62C817153]
	(No symbol) [0x00007FF62C7E0421]
	(No symbol) [0x00007FF62C7E11B3]
	GetHandleVerifier [0x00007FF62CCCD6FD+3223453]
	GetHandleVerifier [0x00007FF62CCC7CA2+3200322]
	GetHandleVerifier [0x00007FF62CCE5AD3+3322739]
	GetHandleVerifier [0x00007FF62C9E69FA+180890]
	GetHandleVerifier [0x00007FF62C9EE0FF+211359]
	GetHandleVerifier [0x00007FF62C9D5274+109332]
	GetHandleVerifier [0x00007FF62C9D5422+109762]
	GetHandleVerifier [0x00007FF62C9BBA39+4825]
	BaseThreadInitThunk [0x00007FFA849B7374+20]
	RtlUserThreadStart [0x00007FFA8605CC91+33]

2025-05-27 20:55:13,838 ERROR \u274c we couldn`t resend the message +201142344941: Message: 
Stacktrace:
	GetHandleVerifier [0x00007FF62C9CCF25+75717]
	GetHandleVerifier [0x00007FF62C9CCF80+75808]
	(No symbol) [0x00007FF62C798F9A]
	(No symbol) [0x00007FF62C7EF4C6]
	(No symbol) [0x00007FF62C7EF77C]
	(No symbol) [0x00007FF62C842577]
	(No symbol) [0x00007FF62C8173BF]
	(No symbol) [0x00007FF62C83F39C]
	(No symbol) [0x00007FF62C817153]
	(No symbol) [0x00007FF62C7E0421]
	(No symbol) [0x00007FF62C7E11B3]
	GetHandleVerifier [0x00007FF62CCCD6FD+3223453]
	GetHandleVerifier [0x00007FF62CCC7CA2+3200322]
	GetHandleVerifier [0x00007FF62CCE5AD3+3322739]
	GetHandleVerifier [0x00007FF62C9E69FA+180890]
	GetHandleVerifier [0x00007FF62C9EE0FF+211359]
	GetHandleVerifier [0x00007FF62C9D5274+109332]
	GetHandleVerifier [0x00007FF62C9D5422+109762]
	GetHandleVerifier [0x00007FF62C9BBA39+4825]
	BaseThreadInitThunk [0x00007FFA849B7374+20]
	RtlUserThreadStart [0x00007FFA8605CC91+33]

2025-05-27 20:55:46,056 WARNING Initial WhatsApp send attempt failed for phone +201142344941. Reason: Initial send failed, possibly invalid number/no WhatsApp. Details: Message: 
Stacktrace:
	GetHandleVerifier [0x00007FF62C9CCF25+75717]
	GetHandleVerifier [0x00007FF62C9CCF80+75808]
	(No symbol) [0x00007FF62C798F9A]
	(No symbol) [0x00007FF62C7EF4C6]
	(No symbol) [0x00007FF62C7EF77C]
	(No symbol) [0x00007FF62C842577]
	(No symbol) [0x00007FF62C8173BF]
	(No symbol) [0x00007FF62C83F39C]
	(No symbol) [0x00007FF62C817153]
	(No symbol) [0x00007FF62C7E0421]
	(No symbol) [0x00007FF62C7E11B3]
	GetHandleVerifier [0x00007FF62CCCD6FD+3223453]
	GetHandleVerifier [0x00007FF62CCC7CA2+3200322]
	GetHandleVerifier [0x00007FF62CCE5AD3+3322739]
	GetHandleVerifier [0x00007FF62C9E69FA+180890]
	GetHandleVerifier [0x00007FF62C9EE0FF+211359]
	GetHandleVerifier [0x00007FF62C9D5274+109332]
	GetHandleVerifier [0x00007FF62C9D5422+109762]
	GetHandleVerifier [0x00007FF62C9BBA39+4825]
	BaseThreadInitThunk [0x00007FFA849B7374+20]
	RtlUserThreadStart [0x00007FFA8605CC91+33]

2025-05-27 20:55:46,082 WARNING \u26a0\ufe0f \u062a\u0639\u0637\u0644 \u0627\u0644\u0625\u0631\u0633\u0627\u0644 \u0625\u0644\u0649 +201142344941: Message: 
Stacktrace:
	GetHandleVerifier [0x00007FF62C9CCF25+75717]
	GetHandleVerifier [0x00007FF62C9CCF80+75808]
	(No symbol) [0x00007FF62C798F9A]
	(No symbol) [0x00007FF62C7EF4C6]
	(No symbol) [0x00007FF62C7EF77C]
	(No symbol) [0x00007FF62C842577]
	(No symbol) [0x00007FF62C8173BF]
	(No symbol) [0x00007FF62C83F39C]
	(No symbol) [0x00007FF62C817153]
	(No symbol) [0x00007FF62C7E0421]
	(No symbol) [0x00007FF62C7E11B3]
	GetHandleVerifier [0x00007FF62CCCD6FD+3223453]
	GetHandleVerifier [0x00007FF62CCC7CA2+3200322]
	GetHandleVerifier [0x00007FF62CCE5AD3+3322739]
	GetHandleVerifier [0x00007FF62C9E69FA+180890]
	GetHandleVerifier [0x00007FF62C9EE0FF+211359]
	GetHandleVerifier [0x00007FF62C9D5274+109332]
	GetHandleVerifier [0x00007FF62C9D5422+109762]
	GetHandleVerifier [0x00007FF62C9BBA39+4825]
	BaseThreadInitThunk [0x00007FFA849B7374+20]
	RtlUserThreadStart [0x00007FFA8605CC91+33]
 — \u0627\u0644\u0645\u062d\u0627\u0648\u0644\u0629 \u0628\u0625\u0639\u0627\u062f\u0629 \u062a\u0634\u063a\u064a\u0644 \u0627\u0644\u062c\u0644\u0633\u0629
2025-05-27 20:56:18,051 ERROR Retry WhatsApp send attempt failed for phone +201142344941. Reason: Retry send failed, possibly invalid number/no WhatsApp. Details: Message: 
Stacktrace:
	GetHandleVerifier [0x00007FF62C9CCF25+75717]
	GetHandleVerifier [0x00007FF62C9CCF80+75808]
	(No symbol) [0x00007FF62C798F9A]
	(No symbol) [0x00007FF62C7EF4C6]
	(No symbol) [0x00007FF62C7EF77C]
	(No symbol) [0x00007FF62C842577]
	(No symbol) [0x00007FF62C8173BF]
	(No symbol) [0x00007FF62C83F39C]
	(No symbol) [0x00007FF62C817153]
	(No symbol) [0x00007FF62C7E0421]
	(No symbol) [0x00007FF62C7E11B3]
	GetHandleVerifier [0x00007FF62CCCD6FD+3223453]
	GetHandleVerifier [0x00007FF62CCC7CA2+3200322]
	GetHandleVerifier [0x00007FF62CCE5AD3+3322739]
	GetHandleVerifier [0x00007FF62C9E69FA+180890]
	GetHandleVerifier [0x00007FF62C9EE0FF+211359]
	GetHandleVerifier [0x00007FF62C9D5274+109332]
	GetHandleVerifier [0x00007FF62C9D5422+109762]
	GetHandleVerifier [0x00007FF62C9BBA39+4825]
	BaseThreadInitThunk [0x00007FFA849B7374+20]
	RtlUserThreadStart [0x00007FFA8605CC91+33]

2025-05-27 20:56:18,083 ERROR \u274c we couldn`t resend the message +201142344941: Message: 
Stacktrace:
	GetHandleVerifier [0x00007FF62C9CCF25+75717]
	GetHandleVerifier [0x00007FF62C9CCF80+75808]
	(No symbol) [0x00007FF62C798F9A]
	(No symbol) [0x00007FF62C7EF4C6]
	(No symbol) [0x00007FF62C7EF77C]
	(No symbol) [0x00007FF62C842577]
	(No symbol) [0x00007FF62C8173BF]
	(No symbol) [0x00007FF62C83F39C]
	(No symbol) [0x00007FF62C817153]
	(No symbol) [0x00007FF62C7E0421]
	(No symbol) [0x00007FF62C7E11B3]
	GetHandleVerifier [0x00007FF62CCCD6FD+3223453]
	GetHandleVerifier [0x00007FF62CCC7CA2+3200322]
	GetHandleVerifier [0x00007FF62CCE5AD3+3322739]
	GetHandleVerifier [0x00007FF62C9E69FA+180890]
	GetHandleVerifier [0x00007FF62C9EE0FF+211359]
	GetHandleVerifier [0x00007FF62C9D5274+109332]
	GetHandleVerifier [0x00007FF62C9D5422+109762]
	GetHandleVerifier [0x00007FF62C9BBA39+4825]
	BaseThreadInitThunk [0x00007FFA849B7374+20]
	RtlUserThreadStart [0x00007FFA8605CC91+33]

2025-05-27 21:22:19,619 INFO Watching for file changes with StatReloader
2025-05-27 21:23:30,974 WARNING The chromedriver version (136.0.7103.92) detected in PATH at C:\webdrivers\chromedriver.exe might not be compatible with the detected chrome version (137.0.7151.41); currently, chromedriver 137.0.7151.40 is recommended for chrome 137.*, so it is advised to delete the driver in PATH and retry
2025-05-27 21:23:35,510 INFO \u231b \u0627\u0646\u062a\u0638\u0631 \u0645\u0633\u062d QR \u0641\u064a WhatsApp Web …
2025-05-27 21:23:42,782 INFO \u2705 \u062c\u0627\u0647\u0632 \u0644\u0625\u0631\u0633\u0627\u0644 \u0627\u0644\u0631\u0633\u0627\u0626\u0644.
2025-05-27 21:24:13,889 WARNING Initial WhatsApp send attempt failed.
2025-05-27 21:24:13,890 WARNING \u26a0\ufe0f \u062a\u0639\u0637\u0644 \u0627\u0644\u0625\u0631\u0633\u0627\u0644 \u0625\u0644\u0649 +201142344941: Message: 
Stacktrace:
	GetHandleVerifier [0x00007FF62C9CCF25+75717]
	GetHandleVerifier [0x00007FF62C9CCF80+75808]
	(No symbol) [0x00007FF62C798F9A]
	(No symbol) [0x00007FF62C7EF4C6]
	(No symbol) [0x00007FF62C7EF77C]
	(No symbol) [0x00007FF62C842577]
	(No symbol) [0x00007FF62C8173BF]
	(No symbol) [0x00007FF62C83F39C]
	(No symbol) [0x00007FF62C817153]
	(No symbol) [0x00007FF62C7E0421]
	(No symbol) [0x00007FF62C7E11B3]
	GetHandleVerifier [0x00007FF62CCCD6FD+3223453]
	GetHandleVerifier [0x00007FF62CCC7CA2+3200322]
	GetHandleVerifier [0x00007FF62CCE5AD3+3322739]
	GetHandleVerifier [0x00007FF62C9E69FA+180890]
	GetHandleVerifier [0x00007FF62C9EE0FF+211359]
	GetHandleVerifier [0x00007FF62C9D5274+109332]
	GetHandleVerifier [0x00007FF62C9D5422+109762]
	GetHandleVerifier [0x00007FF62C9BBA39+4825]
	BaseThreadInitThunk [0x00007FFA849B7374+20]
	RtlUserThreadStart [0x00007FFA8605CC91+33]
 — \u0627\u0644\u0645\u062d\u0627\u0648\u0644\u0629 \u0628\u0625\u0639\u0627\u062f\u0629 \u062a\u0634\u063a\u064a\u0644 \u0627\u0644\u062c\u0644\u0633\u0629
2025-05-27 21:24:45,063 ERROR Retry WhatsApp send attempt failed.
2025-05-27 21:24:45,063 ERROR \u274c we couldn`t resend the message +201142344941: Message: 
Stacktrace:
	GetHandleVerifier [0x00007FF62C9CCF25+75717]
	GetHandleVerifier [0x00007FF62C9CCF80+75808]
	(No symbol) [0x00007FF62C798F9A]
	(No symbol) [0x00007FF62C7EF4C6]
	(No symbol) [0x00007FF62C7EF77C]
	(No symbol) [0x00007FF62C842577]
	(No symbol) [0x00007FF62C8173BF]
	(No symbol) [0x00007FF62C83F39C]
	(No symbol) [0x00007FF62C817153]
	(No symbol) [0x00007FF62C7E0421]
	(No symbol) [0x00007FF62C7E11B3]
	GetHandleVerifier [0x00007FF62CCCD6FD+3223453]
	GetHandleVerifier [0x00007FF62CCC7CA2+3200322]
	GetHandleVerifier [0x00007FF62CCE5AD3+3322739]
	GetHandleVerifier [0x00007FF62C9E69FA+180890]
	GetHandleVerifier [0x00007FF62C9EE0FF+211359]
	GetHandleVerifier [0x00007FF62C9D5274+109332]
	GetHandleVerifier [0x00007FF62C9D5422+109762]
	GetHandleVerifier [0x00007FF62C9BBA39+4825]
	BaseThreadInitThunk [0x00007FFA849B7374+20]
	RtlUserThreadStart [0x00007FFA8605CC91+33]

2025-05-27 21:25:17,339 WARNING Initial WhatsApp send attempt failed.
2025-05-27 21:25:17,339 WARNING \u26a0\ufe0f \u062a\u0639\u0637\u0644 \u0627\u0644\u0625\u0631\u0633\u0627\u0644 \u0625\u0644\u0649 +201142344941: Message: 
Stacktrace:
	GetHandleVerifier [0x00007FF62C9CCF25+75717]
	GetHandleVerifier [0x00007FF62C9CCF80+75808]
	(No symbol) [0x00007FF62C798F9A]
	(No symbol) [0x00007FF62C7EF4C6]
	(No symbol) [0x00007FF62C7EF77C]
	(No symbol) [0x00007FF62C842577]
	(No symbol) [0x00007FF62C8173BF]
	(No symbol) [0x00007FF62C83F39C]
	(No symbol) [0x00007FF62C817153]
	(No symbol) [0x00007FF62C7E0421]
	(No symbol) [0x00007FF62C7E11B3]
	GetHandleVerifier [0x00007FF62CCCD6FD+3223453]
	GetHandleVerifier [0x00007FF62CCC7CA2+3200322]
	GetHandleVerifier [0x00007FF62CCE5AD3+3322739]
	GetHandleVerifier [0x00007FF62C9E69FA+180890]
	GetHandleVerifier [0x00007FF62C9EE0FF+211359]
	GetHandleVerifier [0x00007FF62C9D5274+109332]
	GetHandleVerifier [0x00007FF62C9D5422+109762]
	GetHandleVerifier [0x00007FF62C9BBA39+4825]
	BaseThreadInitThunk [0x00007FFA849B7374+20]
	RtlUserThreadStart [0x00007FFA8605CC91+33]
 — \u0627\u0644\u0645\u062d\u0627\u0648\u0644\u0629 \u0628\u0625\u0639\u0627\u062f\u0629 \u062a\u0634\u063a\u064a\u0644 \u0627\u0644\u062c\u0644\u0633\u0629
2025-05-27 21:25:48,763 ERROR Retry WhatsApp send attempt failed.
2025-05-27 21:25:48,763 ERROR \u274c we couldn`t resend the message +201142344941: Message: 
Stacktrace:
	GetHandleVerifier [0x00007FF62C9CCF25+75717]
	GetHandleVerifier [0x00007FF62C9CCF80+75808]
	(No symbol) [0x00007FF62C798F9A]
	(No symbol) [0x00007FF62C7EF4C6]
	(No symbol) [0x00007FF62C7EF77C]
	(No symbol) [0x00007FF62C842577]
	(No symbol) [0x00007FF62C8173BF]
	(No symbol) [0x00007FF62C83F39C]
	(No symbol) [0x00007FF62C817153]
	(No symbol) [0x00007FF62C7E0421]
	(No symbol) [0x00007FF62C7E11B3]
	GetHandleVerifier [0x00007FF62CCCD6FD+3223453]
	GetHandleVerifier [0x00007FF62CCC7CA2+3200322]
	GetHandleVerifier [0x00007FF62CCE5AD3+3322739]
	GetHandleVerifier [0x00007FF62C9E69FA+180890]
	GetHandleVerifier [0x00007FF62C9EE0FF+211359]
	GetHandleVerifier [0x00007FF62C9D5274+109332]
	GetHandleVerifier [0x00007FF62C9D5422+109762]
	GetHandleVerifier [0x00007FF62C9BBA39+4825]
	BaseThreadInitThunk [0x00007FFA849B7374+20]
	RtlUserThreadStart [0x00007FFA8605CC91+33]

2025-05-27 21:25:56,697 WARNING Initial WhatsApp send attempt failed.
2025-05-27 21:25:56,697 WARNING \u26a0\ufe0f \u062a\u0639\u0637\u0644 \u0627\u0644\u0625\u0631\u0633\u0627\u0644 \u0625\u0644\u0649 +201142344948: Message: target frame detached
  (failed to check if window was closed: disconnected: Unable to receive message from renderer)
  (Session info: chrome=137.0.7151.41)
Stacktrace:
	GetHandleVerifier [0x00007FF62C9CCF25+75717]
	GetHandleVerifier [0x00007FF62C9CCF80+75808]
	(No symbol) [0x00007FF62C798DCC]
	(No symbol) [0x00007FF62C78617B]
	(No symbol) [0x00007FF62C78503E]
	(No symbol) [0x00007FF62C7A9DB4]
	(No symbol) [0x00007FF62C81EE75]
	(No symbol) [0x00007FF62C83ECC2]
	(No symbol) [0x00007FF62C817153]
	(No symbol) [0x00007FF62C7E0421]
	(No symbol) [0x00007FF62C7E11B3]
	GetHandleVerifier [0x00007FF62CCCD6FD+3223453]
	GetHandleVerifier [0x00007FF62CCC7CA2+3200322]
	GetHandleVerifier [0x00007FF62CCE5AD3+3322739]
	GetHandleVerifier [0x00007FF62C9E69FA+180890]
	GetHandleVerifier [0x00007FF62C9EE0FF+211359]
	GetHandleVerifier [0x00007FF62C9D5274+109332]
	GetHandleVerifier [0x00007FF62C9D5422+109762]
	GetHandleVerifier [0x00007FF62C9BBA39+4825]
	BaseThreadInitThunk [0x00007FFA849B7374+20]
	RtlUserThreadStart [0x00007FFA8605CC91+33]
 — \u0627\u0644\u0645\u062d\u0627\u0648\u0644\u0629 \u0628\u0625\u0639\u0627\u062f\u0629 \u062a\u0634\u063a\u064a\u0644 \u0627\u0644\u062c\u0644\u0633\u0629
2025-05-27 21:25:57,089 ERROR Retry WhatsApp send attempt failed.
2025-05-27 21:25:57,089 ERROR \u274c we couldn`t resend the message +201142344948: Message: invalid session id: session deleted as the browser has closed the connection
from disconnected: not connected to DevTools
  (Session info: chrome=137.0.7151.41)
Stacktrace:
	GetHandleVerifier [0x00007FF62C9CCF25+75717]
	GetHandleVerifier [0x00007FF62C9CCF80+75808]
	(No symbol) [0x00007FF62C798F9A]
	(No symbol) [0x00007FF62C784E35]
	(No symbol) [0x00007FF62C7A9DB4]
	(No symbol) [0x00007FF62C81EE75]
	(No symbol) [0x00007FF62C83ECC2]
	(No symbol) [0x00007FF62C817153]
	(No symbol) [0x00007FF62C7E0421]
	(No symbol) [0x00007FF62C7E11B3]
	GetHandleVerifier [0x00007FF62CCCD6FD+3223453]
	GetHandleVerifier [0x00007FF62CCC7CA2+3200322]
	GetHandleVerifier [0x00007FF62CCE5AD3+3322739]
	GetHandleVerifier [0x00007FF62C9E69FA+180890]
	GetHandleVerifier [0x00007FF62C9EE0FF+211359]
	GetHandleVerifier [0x00007FF62C9D5274+109332]
	GetHandleVerifier [0x00007FF62C9D5422+109762]
	GetHandleVerifier [0x00007FF62C9BBA39+4825]
	BaseThreadInitThunk [0x00007FFA849B7374+20]
	RtlUserThreadStart [0x00007FFA8605CC91+33]

2025-05-27 21:25:58,093 WARNING Initial WhatsApp send attempt failed.
2025-05-27 21:25:58,094 WARNING \u26a0\ufe0f \u062a\u0639\u0637\u0644 \u0627\u0644\u0625\u0631\u0633\u0627\u0644 \u0625\u0644\u0649 +201142344948: Message: invalid session id
Stacktrace:
	GetHandleVerifier [0x00007FF62C9CCF25+75717]
	GetHandleVerifier [0x00007FF62C9CCF80+75808]
	(No symbol) [0x00007FF62C798DCC]
	(No symbol) [0x00007FF62C7DF54F]
	(No symbol) [0x00007FF62C817242]
	(No symbol) [0x00007FF62C811C63]
	(No symbol) [0x00007FF62C810D29]
	(No symbol) [0x00007FF62C765A55]
	GetHandleVerifier [0x00007FF62CCCD6FD+3223453]
	GetHandleVerifier [0x00007FF62CCC7CA2+3200322]
	GetHandleVerifier [0x00007FF62CCE5AD3+3322739]
	GetHandleVerifier [0x00007FF62C9E69FA+180890]
	GetHandleVerifier [0x00007FF62C9EE0FF+211359]
	(No symbol) [0x00007FF62C764AC8]
	GetHandleVerifier [0x00007FF62CDB6FA8+4180040]
	BaseThreadInitThunk [0x00007FFA849B7374+20]
	RtlUserThreadStart [0x00007FFA8605CC91+33]
 — \u0627\u0644\u0645\u062d\u0627\u0648\u0644\u0629 \u0628\u0625\u0639\u0627\u062f\u0629 \u062a\u0634\u063a\u064a\u0644 \u0627\u0644\u062c\u0644\u0633\u0629
2025-05-27 21:25:58,097 ERROR Retry WhatsApp send attempt failed.
2025-05-27 21:25:58,098 ERROR \u274c we couldn`t resend the message +201142344948: Message: invalid session id
Stacktrace:
	GetHandleVerifier [0x00007FF62C9CCF25+75717]
	GetHandleVerifier [0x00007FF62C9CCF80+75808]
	(No symbol) [0x00007FF62C798DCC]
	(No symbol) [0x00007FF62C7DF54F]
	(No symbol) [0x00007FF62C817242]
	(No symbol) [0x00007FF62C811C63]
	(No symbol) [0x00007FF62C810D29]
	(No symbol) [0x00007FF62C765A55]
	GetHandleVerifier [0x00007FF62CCCD6FD+3223453]
	GetHandleVerifier [0x00007FF62CCC7CA2+3200322]
	GetHandleVerifier [0x00007FF62CCE5AD3+3322739]
	GetHandleVerifier [0x00007FF62C9E69FA+180890]
	GetHandleVerifier [0x00007FF62C9EE0FF+211359]
	(No symbol) [0x00007FF62C764AC8]
	GetHandleVerifier [0x00007FF62CDB6FA8+4180040]
	BaseThreadInitThunk [0x00007FFA849B7374+20]
	RtlUserThreadStart [0x00007FFA8605CC91+33]

2025-05-27 21:25:59,102 WARNING Initial WhatsApp send attempt failed.
2025-05-27 21:25:59,102 WARNING \u26a0\ufe0f \u062a\u0639\u0637\u0644 \u0627\u0644\u0625\u0631\u0633\u0627\u0644 \u0625\u0644\u0649 +201142344943: Message: invalid session id
Stacktrace:
	GetHandleVerifier [0x00007FF62C9CCF25+75717]
	GetHandleVerifier [0x00007FF62C9CCF80+75808]
	(No symbol) [0x00007FF62C798DCC]
	(No symbol) [0x00007FF62C7DF54F]
	(No symbol) [0x00007FF62C817242]
	(No symbol) [0x00007FF62C811C63]
	(No symbol) [0x00007FF62C810D29]
	(No symbol) [0x00007FF62C765A55]
	GetHandleVerifier [0x00007FF62CCCD6FD+3223453]
	GetHandleVerifier [0x00007FF62CCC7CA2+3200322]
	GetHandleVerifier [0x00007FF62CCE5AD3+3322739]
	GetHandleVerifier [0x00007FF62C9E69FA+180890]
	GetHandleVerifier [0x00007FF62C9EE0FF+211359]
	(No symbol) [0x00007FF62C764AC8]
	GetHandleVerifier [0x00007FF62CDB6FA8+4180040]
	BaseThreadInitThunk [0x00007FFA849B7374+20]
	RtlUserThreadStart [0x00007FFA8605CC91+33]
 — \u0627\u0644\u0645\u062d\u0627\u0648\u0644\u0629 \u0628\u0625\u0639\u0627\u062f\u0629 \u062a\u0634\u063a\u064a\u0644 \u0627\u0644\u062c\u0644\u0633\u0629
2025-05-27 21:25:59,105 ERROR Retry WhatsApp send attempt failed.
2025-05-27 21:25:59,105 ERROR \u274c we couldn`t resend the message +201142344943: Message: invalid session id
Stacktrace:
	GetHandleVerifier [0x00007FF62C9CCF25+75717]
	GetHandleVerifier [0x00007FF62C9CCF80+75808]
	(No symbol) [0x00007FF62C798DCC]
	(No symbol) [0x00007FF62C7DF54F]
	(No symbol) [0x00007FF62C817242]
	(No symbol) [0x00007FF62C811C63]
	(No symbol) [0x00007FF62C810D29]
	(No symbol) [0x00007FF62C765A55]
	GetHandleVerifier [0x00007FF62CCCD6FD+3223453]
	GetHandleVerifier [0x00007FF62CCC7CA2+3200322]
	GetHandleVerifier [0x00007FF62CCE5AD3+3322739]
	GetHandleVerifier [0x00007FF62C9E69FA+180890]
	GetHandleVerifier [0x00007FF62C9EE0FF+211359]
	(No symbol) [0x00007FF62C764AC8]
	GetHandleVerifier [0x00007FF62CDB6FA8+4180040]
	BaseThreadInitThunk [0x00007FFA849B7374+20]
	RtlUserThreadStart [0x00007FFA8605CC91+33]

2025-05-27 21:26:00,111 WARNING Initial WhatsApp send attempt failed.
2025-05-27 21:26:00,111 WARNING \u26a0\ufe0f \u062a\u0639\u0637\u0644 \u0627\u0644\u0625\u0631\u0633\u0627\u0644 \u0625\u0644\u0649 +201142344943: Message: invalid session id
Stacktrace:
	GetHandleVerifier [0x00007FF62C9CCF25+75717]
	GetHandleVerifier [0x00007FF62C9CCF80+75808]
	(No symbol) [0x00007FF62C798DCC]
	(No symbol) [0x00007FF62C7DF54F]
	(No symbol) [0x00007FF62C817242]
	(No symbol) [0x00007FF62C811C63]
	(No symbol) [0x00007FF62C810D29]
	(No symbol) [0x00007FF62C765A55]
	GetHandleVerifier [0x00007FF62CCCD6FD+3223453]
	GetHandleVerifier [0x00007FF62CCC7CA2+3200322]
	GetHandleVerifier [0x00007FF62CCE5AD3+3322739]
	GetHandleVerifier [0x00007FF62C9E69FA+180890]
	GetHandleVerifier [0x00007FF62C9EE0FF+211359]
	(No symbol) [0x00007FF62C764AC8]
	GetHandleVerifier [0x00007FF62CDB6FA8+4180040]
	BaseThreadInitThunk [0x00007FFA849B7374+20]
	RtlUserThreadStart [0x00007FFA8605CC91+33]
 — \u0627\u0644\u0645\u062d\u0627\u0648\u0644\u0629 \u0628\u0625\u0639\u0627\u062f\u0629 \u062a\u0634\u063a\u064a\u0644 \u0627\u0644\u062c\u0644\u0633\u0629
2025-05-27 21:26:00,114 ERROR Retry WhatsApp send attempt failed.
2025-05-27 21:26:00,115 ERROR \u274c we couldn`t resend the message +201142344943: Message: invalid session id
Stacktrace:
	GetHandleVerifier [0x00007FF62C9CCF25+75717]
	GetHandleVerifier [0x00007FF62C9CCF80+75808]
	(No symbol) [0x00007FF62C798DCC]
	(No symbol) [0x00007FF62C7DF54F]
	(No symbol) [0x00007FF62C817242]
	(No symbol) [0x00007FF62C811C63]
	(No symbol) [0x00007FF62C810D29]
	(No symbol) [0x00007FF62C765A55]
	GetHandleVerifier [0x00007FF62CCCD6FD+3223453]
	GetHandleVerifier [0x00007FF62CCC7CA2+3200322]
	GetHandleVerifier [0x00007FF62CCE5AD3+3322739]
	GetHandleVerifier [0x00007FF62C9E69FA+180890]
	GetHandleVerifier [0x00007FF62C9EE0FF+211359]
	(No symbol) [0x00007FF62C764AC8]
	GetHandleVerifier [0x00007FF62CDB6FA8+4180040]
	BaseThreadInitThunk [0x00007FFA849B7374+20]
	RtlUserThreadStart [0x00007FFA8605CC91+33]

2025-05-28 06:42:00,573 INFO Watching for file changes with StatReloader
2025-05-28 06:44:36,790 INFO Watching for file changes with StatReloader
2025-05-28 06:45:04,049 WARNING Not Found: /favicon.ico
2025-05-28 06:47:07,715 WARNING The chromedriver version (136.0.7103.92) detected in PATH at C:\webdrivers\chromedriver.exe might not be compatible with the detected chrome version (137.0.7151.41); currently, chromedriver 137.0.7151.55 is recommended for chrome 137.*, so it is advised to delete the driver in PATH and retry
2025-05-28 06:47:52,241 INFO \u231b \u0627\u0646\u062a\u0638\u0631 \u0645\u0633\u062d QR \u0641\u064a WhatsApp Web …
2025-05-28 06:48:34,025 INFO \u2705 \u062c\u0627\u0647\u0632 \u0644\u0625\u0631\u0633\u0627\u0644 \u0627\u0644\u0631\u0633\u0627\u0626\u0644.
2025-05-28 06:49:05,203 WARNING Initial WhatsApp send attempt failed.
2025-05-28 06:49:05,204 WARNING \u26a0\ufe0f \u062a\u0639\u0637\u0644 \u0627\u0644\u0625\u0631\u0633\u0627\u0644 \u0625\u0644\u0649 +201142344941: Message: 
Stacktrace:
	GetHandleVerifier [0x00007FF69E31CF25+75717]
	GetHandleVerifier [0x00007FF69E31CF80+75808]
	(No symbol) [0x00007FF69E0E8F9A]
	(No symbol) [0x00007FF69E13F4C6]
	(No symbol) [0x00007FF69E13F77C]
	(No symbol) [0x00007FF69E192577]
	(No symbol) [0x00007FF69E1673BF]
	(No symbol) [0x00007FF69E18F39C]
	(No symbol) [0x00007FF69E167153]
	(No symbol) [0x00007FF69E130421]
	(No symbol) [0x00007FF69E1311B3]
	GetHandleVerifier [0x00007FF69E61D6FD+3223453]
	GetHandleVerifier [0x00007FF69E617CA2+3200322]
	GetHandleVerifier [0x00007FF69E635AD3+3322739]
	GetHandleVerifier [0x00007FF69E3369FA+180890]
	GetHandleVerifier [0x00007FF69E33E0FF+211359]
	GetHandleVerifier [0x00007FF69E325274+109332]
	GetHandleVerifier [0x00007FF69E325422+109762]
	GetHandleVerifier [0x00007FF69E30BA39+4825]
	BaseThreadInitThunk [0x00007FF9FEB17374+20]
	RtlUserThreadStart [0x00007FFA0071CC91+33]
 — \u0627\u0644\u0645\u062d\u0627\u0648\u0644\u0629 \u0628\u0625\u0639\u0627\u062f\u0629 \u062a\u0634\u063a\u064a\u0644 \u0627\u0644\u062c\u0644\u0633\u0629
2025-05-28 06:49:41,018 ERROR Retry WhatsApp send attempt failed.
2025-05-28 06:49:41,018 ERROR \u274c we couldn`t resend the message +201142344941: Message: 
Stacktrace:
	GetHandleVerifier [0x00007FF69E31CF25+75717]
	GetHandleVerifier [0x00007FF69E31CF80+75808]
	(No symbol) [0x00007FF69E0E8F9A]
	(No symbol) [0x00007FF69E13F4C6]
	(No symbol) [0x00007FF69E13F77C]
	(No symbol) [0x00007FF69E192577]
	(No symbol) [0x00007FF69E1673BF]
	(No symbol) [0x00007FF69E18F39C]
	(No symbol) [0x00007FF69E167153]
	(No symbol) [0x00007FF69E130421]
	(No symbol) [0x00007FF69E1311B3]
	GetHandleVerifier [0x00007FF69E61D6FD+3223453]
	GetHandleVerifier [0x00007FF69E617CA2+3200322]
	GetHandleVerifier [0x00007FF69E635AD3+3322739]
	GetHandleVerifier [0x00007FF69E3369FA+180890]
	GetHandleVerifier [0x00007FF69E33E0FF+211359]
	GetHandleVerifier [0x00007FF69E325274+109332]
	GetHandleVerifier [0x00007FF69E325422+109762]
	GetHandleVerifier [0x00007FF69E30BA39+4825]
	BaseThreadInitThunk [0x00007FF9FEB17374+20]
	RtlUserThreadStart [0x00007FFA0071CC91+33]

2025-05-28 06:49:41,018 INFO WhatsApp not sent.
2025-05-28 06:50:09,669 INFO \U0001f4e9 \u0623\u0631\u0633\u0644\u0646\u0627 \u0631\u0633\u0627\u0644\u0629 \u0625\u0644\u0649 +201142344948 \u0641\u064a 06:50:09
2025-05-28 06:53:00,461 INFO C:\Users\Abdo\Desktop\students-manager\v2student_manager\students\views.py changed, reloading.
2025-05-28 06:53:03,371 INFO Watching for file changes with StatReloader
2025-05-28 06:53:10,506 INFO C:\Users\Abdo\Desktop\students-manager\v2student_manager\students\views.py changed, reloading.
2025-05-28 06:53:13,012 INFO Watching for file changes with StatReloader
2025-05-28 06:53:44,033 INFO C:\Users\Abdo\Desktop\students-manager\v2student_manager\students\views.py changed, reloading.
2025-05-28 06:53:46,560 INFO Watching for file changes with StatReloader
2025-05-28 06:54:06,972 INFO C:\Users\Abdo\Desktop\students-manager\v2student_manager\students\views.py changed, reloading.
2025-05-28 06:54:09,725 INFO Watching for file changes with StatReloader
2025-05-28 06:54:12,932 INFO C:\Users\Abdo\Desktop\students-manager\v2student_manager\students\views.py changed, reloading.
2025-05-28 06:54:15,591 INFO Watching for file changes with StatReloader
2025-05-28 06:55:02,550 WARNING The chromedriver version (136.0.7103.92) detected in PATH at C:\webdrivers\chromedriver.exe might not be compatible with the detected chrome version (137.0.7151.41); currently, chromedriver 137.0.7151.55 is recommended for chrome 137.*, so it is advised to delete the driver in PATH and retry
2025-05-28 06:55:06,211 ERROR \u0641\u0634\u0644 \u0625\u0646\u0634\u0627\u0621 \u062c\u0644\u0633\u0629 WhatsApp Web: Message: session not created: Chrome failed to start: crashed.
  (session not created: DevToolsActivePort file doesn't exist)
  (The process started from chrome location C:\Program Files\Google\Chrome\Application\chrome.exe is no longer running, so ChromeDriver is assuming that Chrome has crashed.)
Stacktrace:
	GetHandleVerifier [0x00007FF69E31CF25+75717]
	GetHandleVerifier [0x00007FF69E31CF80+75808]
	(No symbol) [0x00007FF69E0E8F9A]
	(No symbol) [0x00007FF69E125D55]
	(No symbol) [0x00007FF69E121ADD]
	(No symbol) [0x00007FF69E1752D8]
	(No symbol) [0x00007FF69E1748B0]
	(No symbol) [0x00007FF69E167153]
	(No symbol) [0x00007FF69E130421]
	(No symbol) [0x00007FF69E1311B3]
	GetHandleVerifier [0x00007FF69E61D6FD+3223453]
	GetHandleVerifier [0x00007FF69E617CA2+3200322]
	GetHandleVerifier [0x00007FF69E635AD3+3322739]
	GetHandleVerifier [0x00007FF69E3369FA+180890]
	GetHandleVerifier [0x00007FF69E33E0FF+211359]
	GetHandleVerifier [0x00007FF69E325274+109332]
	GetHandleVerifier [0x00007FF69E325422+109762]
	GetHandleVerifier [0x00007FF69E30BA39+4825]
	BaseThreadInitThunk [0x00007FF9FEB17374+20]
	RtlUserThreadStart [0x00007FFA0071CC91+33]

2025-05-28 06:55:06,211 ERROR \U0001f6a8 \u0644\u0627 \u062a\u0648\u062c\u062f \u062c\u0644\u0633\u0629 \u062c\u0627\u0647\u0632\u0629 \u0644\u0644\u0631\u0633\u0627\u0626\u0644.
2025-05-28 06:55:06,211 INFO WhatsApp not sent.
2025-05-28 06:56:31,470 INFO C:\Users\Abdo\Desktop\students-manager\v2student_manager\students\views.py changed, reloading.
2025-05-28 06:56:34,253 INFO Watching for file changes with StatReloader
2025-05-28 06:57:08,779 INFO C:\Users\Abdo\Desktop\students-manager\v2student_manager\students\views.py changed, reloading.
2025-05-28 06:57:11,371 INFO Watching for file changes with StatReloader
2025-05-28 06:57:16,306 INFO C:\Users\Abdo\Desktop\students-manager\v2student_manager\students\views.py changed, reloading.
2025-05-28 06:57:18,306 INFO Watching for file changes with StatReloader
2025-05-28 06:57:20,314 INFO C:\Users\Abdo\Desktop\students-manager\v2student_manager\students\views.py changed, reloading.
2025-05-28 06:57:22,571 INFO Watching for file changes with StatReloader
2025-05-28 06:57:25,888 INFO C:\Users\Abdo\Desktop\students-manager\v2student_manager\students\views.py changed, reloading.
2025-05-28 06:57:28,024 INFO Watching for file changes with StatReloader
2025-05-28 06:57:42,875 INFO C:\Users\Abdo\Desktop\students-manager\v2student_manager\students\views.py changed, reloading.
2025-05-28 06:57:45,256 INFO Watching for file changes with StatReloader
2025-05-28 06:57:49,308 INFO C:\Users\Abdo\Desktop\students-manager\v2student_manager\students\views.py changed, reloading.
2025-05-28 06:57:51,588 INFO Watching for file changes with StatReloader
2025-05-28 06:58:01,156 INFO C:\Users\Abdo\Desktop\students-manager\v2student_manager\students\views.py changed, reloading.
2025-05-28 06:58:03,677 INFO Watching for file changes with StatReloader
2025-05-28 06:58:15,801 INFO C:\Users\Abdo\Desktop\students-manager\v2student_manager\students\views.py changed, reloading.
2025-05-28 06:58:18,417 INFO Watching for file changes with StatReloader
2025-05-28 06:58:27,480 INFO C:\Users\Abdo\Desktop\students-manager\v2student_manager\students\views.py changed, reloading.
2025-05-28 06:58:29,776 INFO Watching for file changes with StatReloader
2025-05-28 06:58:31,807 INFO C:\Users\Abdo\Desktop\students-manager\v2student_manager\students\views.py changed, reloading.
2025-05-28 06:58:33,995 INFO Watching for file changes with StatReloader
2025-05-28 06:58:48,162 INFO C:\Users\Abdo\Desktop\students-manager\v2student_manager\students\views.py changed, reloading.
2025-05-28 06:58:50,541 INFO Watching for file changes with StatReloader
2025-05-28 06:58:54,441 INFO C:\Users\Abdo\Desktop\students-manager\v2student_manager\students\views.py changed, reloading.
2025-05-28 06:58:56,649 INFO Watching for file changes with StatReloader
2025-05-28 06:59:25,768 ERROR Internal Server Error: /attendance/
Traceback (most recent call last):
  File "C:\Users\Abdo\Desktop\students-manager\Lib\site-packages\django\core\handlers\exception.py", line 55, in inner
    response = get_response(request)
  File "C:\Users\Abdo\Desktop\students-manager\Lib\site-packages\django\core\handlers\base.py", line 197, in _get_response
    response = wrapped_callback(request, *callback_args, **callback_kwargs)
  File "C:\Users\Abdo\Desktop\students-manager\v2student_manager\students\views.py", line 122, in barcode_attendance_view
    _send_whatsapp_attendance(student, today)
    ~~~~~~~~~~~~~~~~~~~~~~~~~^^^^^^^^^^^^^^^^
  File "C:\Users\Abdo\Desktop\students-manager\v2student_manager\students\views.py", line 224, in _send_whatsapp_attendance
    queue_whatsapp_message(
    ~~~~~~~~~~~~~~~~~~~~~~^
        student.father_phone,
        ^^^^^^^^^^^^^^^^^^^^^
    ...<4 lines>...
        reason=''
        ^^^^^^^^^
    )
    ^
TypeError: queue_whatsapp_message() missing 1 required positional argument: 'text'
2025-05-28 07:00:08,182 INFO C:\Users\Abdo\Desktop\students-manager\v2student_manager\students\views.py changed, reloading.
2025-05-28 07:00:10,777 INFO Watching for file changes with StatReloader
2025-05-28 07:00:12,902 INFO C:\Users\Abdo\Desktop\students-manager\v2student_manager\students\views.py changed, reloading.
2025-05-28 07:00:15,395 INFO Watching for file changes with StatReloader
2025-05-28 07:00:19,531 INFO C:\Users\Abdo\Desktop\students-manager\v2student_manager\students\views.py changed, reloading.
2025-05-28 07:00:22,153 INFO Watching for file changes with StatReloader
2025-05-28 07:00:24,131 INFO C:\Users\Abdo\Desktop\students-manager\v2student_manager\students\views.py changed, reloading.
2025-05-28 07:00:26,236 INFO Watching for file changes with StatReloader
2025-05-28 07:00:33,651 INFO C:\Users\Abdo\Desktop\students-manager\v2student_manager\students\views.py changed, reloading.
2025-05-28 07:00:36,155 INFO Watching for file changes with StatReloader
2025-05-28 07:00:47,914 INFO C:\Users\Abdo\Desktop\students-manager\v2student_manager\students\views.py changed, reloading.
2025-05-28 07:00:50,310 INFO Watching for file changes with StatReloader
2025-05-28 07:21:56,855 INFO C:\Users\Abdo\Desktop\students-manager\v2student_manager\students\utils\whatsapp_queue.py changed, reloading.
2025-05-28 07:21:59,504 INFO Watching for file changes with StatReloader
2025-05-28 07:23:03,277 INFO C:\Users\Abdo\Desktop\students-manager\v2student_manager\students\views.py changed, reloading.
2025-05-28 07:23:07,648 INFO Watching for file changes with StatReloader
2025-05-28 07:23:44,825 INFO C:\Users\Abdo\Desktop\students-manager\v2student_manager\students\views.py changed, reloading.
2025-05-28 07:23:47,225 INFO Watching for file changes with StatReloader
2025-05-28 07:23:58,094 INFO C:\Users\Abdo\Desktop\students-manager\v2student_manager\students\views.py changed, reloading.
2025-05-28 07:24:00,471 INFO Watching for file changes with StatReloader
2025-05-28 07:24:02,603 INFO C:\Users\Abdo\Desktop\students-manager\v2student_manager\students\views.py changed, reloading.
2025-05-28 07:24:05,282 INFO Watching for file changes with StatReloader
2025-05-28 07:24:15,050 INFO C:\Users\Abdo\Desktop\students-manager\v2student_manager\students\views.py changed, reloading.
2025-05-28 07:24:17,763 INFO Watching for file changes with StatReloader
2025-05-28 07:24:22,071 INFO C:\Users\Abdo\Desktop\students-manager\v2student_manager\students\views.py changed, reloading.
2025-05-28 07:24:24,220 INFO Watching for file changes with StatReloader
2025-05-28 07:24:33,992 INFO C:\Users\Abdo\Desktop\students-manager\v2student_manager\students\views.py changed, reloading.
2025-05-28 07:24:36,831 INFO Watching for file changes with StatReloader
2025-05-28 07:24:39,160 INFO C:\Users\Abdo\Desktop\students-manager\v2student_manager\students\views.py changed, reloading.
2025-05-28 07:24:41,622 INFO Watching for file changes with StatReloader
2025-05-28 07:24:43,827 INFO C:\Users\Abdo\Desktop\students-manager\v2student_manager\students\views.py changed, reloading.
2025-05-28 07:24:46,039 INFO Watching for file changes with StatReloader
2025-05-28 07:24:55,437 WARNING The chromedriver version (136.0.7103.92) detected in PATH at C:\webdrivers\chromedriver.exe might not be compatible with the detected chrome version (137.0.7151.41); currently, chromedriver 137.0.7151.55 is recommended for chrome 137.*, so it is advised to delete the driver in PATH and retry
2025-05-28 07:24:59,425 INFO \u231b \u0627\u0646\u062a\u0638\u0631 \u0645\u0633\u062d QR \u0641\u064a WhatsApp Web …
2025-05-28 07:25:04,746 INFO \u2705 \u062c\u0627\u0647\u0632 \u0644\u0625\u0631\u0633\u0627\u0644 \u0627\u0644\u0631\u0633\u0627\u0626\u0644.
2025-05-28 07:25:12,138 INFO \U0001f4e9 \u0623\u0631\u0633\u0644\u0646\u0627 \u0631\u0633\u0627\u0644\u0629 \u0625\u0644\u0649 +201142344948 \u0641\u064a 07:25:12
2025-05-28 07:26:09,164 WARNING Initial WhatsApp send attempt failed.
2025-05-28 07:26:09,164 WARNING \u26a0\ufe0f \u062a\u0639\u0637\u0644 \u0627\u0644\u0625\u0631\u0633\u0627\u0644 \u0625\u0644\u0649 +201142344941: Message: 
Stacktrace:
	GetHandleVerifier [0x00007FF69E31CF25+75717]
	GetHandleVerifier [0x00007FF69E31CF80+75808]
	(No symbol) [0x00007FF69E0E8F9A]
	(No symbol) [0x00007FF69E13F4C6]
	(No symbol) [0x00007FF69E13F77C]
	(No symbol) [0x00007FF69E192577]
	(No symbol) [0x00007FF69E1673BF]
	(No symbol) [0x00007FF69E18F39C]
	(No symbol) [0x00007FF69E167153]
	(No symbol) [0x00007FF69E130421]
	(No symbol) [0x00007FF69E1311B3]
	GetHandleVerifier [0x00007FF69E61D6FD+3223453]
	GetHandleVerifier [0x00007FF69E617CA2+3200322]
	GetHandleVerifier [0x00007FF69E635AD3+3322739]
	GetHandleVerifier [0x00007FF69E3369FA+180890]
	GetHandleVerifier [0x00007FF69E33E0FF+211359]
	GetHandleVerifier [0x00007FF69E325274+109332]
	GetHandleVerifier [0x00007FF69E325422+109762]
	GetHandleVerifier [0x00007FF69E30BA39+4825]
	BaseThreadInitThunk [0x00007FF9FEB17374+20]
	RtlUserThreadStart [0x00007FFA0071CC91+33]
 — \u0627\u0644\u0645\u062d\u0627\u0648\u0644\u0629 \u0628\u0625\u0639\u0627\u062f\u0629 \u062a\u0634\u063a\u064a\u0644 \u0627\u0644\u062c\u0644\u0633\u0629
2025-05-28 07:26:43,495 ERROR Retry WhatsApp send attempt failed.
2025-05-28 07:26:43,496 ERROR \u274c we couldn`t resend the message +201142344941: Message: 
Stacktrace:
	GetHandleVerifier [0x00007FF69E31CF25+75717]
	GetHandleVerifier [0x00007FF69E31CF80+75808]
	(No symbol) [0x00007FF69E0E8F9A]
	(No symbol) [0x00007FF69E13F4C6]
	(No symbol) [0x00007FF69E13F77C]
	(No symbol) [0x00007FF69E192577]
	(No symbol) [0x00007FF69E1673BF]
	(No symbol) [0x00007FF69E18F39C]
	(No symbol) [0x00007FF69E167153]
	(No symbol) [0x00007FF69E130421]
	(No symbol) [0x00007FF69E1311B3]
	GetHandleVerifier [0x00007FF69E61D6FD+3223453]
	GetHandleVerifier [0x00007FF69E617CA2+3200322]
	GetHandleVerifier [0x00007FF69E635AD3+3322739]
	GetHandleVerifier [0x00007FF69E3369FA+180890]
	GetHandleVerifier [0x00007FF69E33E0FF+211359]
	GetHandleVerifier [0x00007FF69E325274+109332]
	GetHandleVerifier [0x00007FF69E325422+109762]
	GetHandleVerifier [0x00007FF69E30BA39+4825]
	BaseThreadInitThunk [0x00007FF9FEB17374+20]
	RtlUserThreadStart [0x00007FFA0071CC91+33]

2025-05-28 07:26:43,496 INFO WhatsApp not sent.
2025-05-28 07:29:45,989 INFO C:\Users\Abdo\Desktop\students-manager\v2student_manager\students\views.py changed, reloading.
2025-05-28 07:29:48,313 INFO Watching for file changes with StatReloader
2025-05-28 07:30:34,169 INFO C:\Users\Abdo\Desktop\students-manager\v2student_manager\students\views.py changed, reloading.
2025-05-28 07:30:36,689 INFO Watching for file changes with StatReloader
2025-05-28 07:30:39,515 INFO C:\Users\Abdo\Desktop\students-manager\v2student_manager\students\views.py changed, reloading.
2025-05-28 07:30:41,765 INFO Watching for file changes with StatReloader
2025-05-28 07:30:49,050 INFO C:\Users\Abdo\Desktop\students-manager\v2student_manager\students\views.py changed, reloading.
2025-05-28 07:30:51,337 INFO Watching for file changes with StatReloader
2025-05-28 07:30:55,220 INFO C:\Users\Abdo\Desktop\students-manager\v2student_manager\students\views.py changed, reloading.
2025-05-28 07:30:58,152 INFO Watching for file changes with StatReloader
2025-05-28 07:31:02,998 INFO C:\Users\Abdo\Desktop\students-manager\v2student_manager\students\views.py changed, reloading.
2025-05-28 07:31:05,369 INFO Watching for file changes with StatReloader
2025-05-28 07:31:16,945 INFO C:\Users\Abdo\Desktop\students-manager\v2student_manager\students\views.py changed, reloading.
2025-05-28 07:31:19,264 INFO Watching for file changes with StatReloader
2025-05-28 07:32:06,322 INFO C:\Users\Abdo\Desktop\students-manager\v2student_manager\students\views.py changed, reloading.
2025-05-28 07:32:08,556 INFO Watching for file changes with StatReloader
2025-05-28 07:32:13,720 INFO C:\Users\Abdo\Desktop\students-manager\v2student_manager\students\views.py changed, reloading.
2025-05-28 07:32:15,922 INFO Watching for file changes with StatReloader
2025-05-28 07:32:20,770 INFO C:\Users\Abdo\Desktop\students-manager\v2student_manager\students\views.py changed, reloading.
2025-05-28 07:32:23,011 INFO Watching for file changes with StatReloader
2025-05-28 07:32:25,957 INFO C:\Users\Abdo\Desktop\students-manager\v2student_manager\students\views.py changed, reloading.
2025-05-28 07:32:27,964 INFO Watching for file changes with StatReloader
2025-05-28 07:32:32,131 INFO C:\Users\Abdo\Desktop\students-manager\v2student_manager\students\views.py changed, reloading.
2025-05-28 07:32:34,705 INFO Watching for file changes with StatReloader
2025-05-28 07:32:41,848 INFO C:\Users\Abdo\Desktop\students-manager\v2student_manager\students\views.py changed, reloading.
2025-05-28 07:32:43,962 INFO Watching for file changes with StatReloader
2025-05-28 07:32:56,531 INFO C:\Users\Abdo\Desktop\students-manager\v2student_manager\students\views.py changed, reloading.
2025-05-28 07:32:58,919 INFO Watching for file changes with StatReloader
2025-05-28 07:33:00,795 INFO C:\Users\Abdo\Desktop\students-manager\v2student_manager\students\views.py changed, reloading.
2025-05-28 07:33:03,521 INFO Watching for file changes with StatReloader
2025-05-28 07:33:48,201 INFO C:\Users\Abdo\Desktop\students-manager\v2student_manager\students\views.py changed, reloading.
2025-05-28 07:33:50,929 INFO Watching for file changes with StatReloader
2025-05-28 07:34:19,060 INFO C:\Users\Abdo\Desktop\students-manager\v2student_manager\students\views.py changed, reloading.
2025-05-28 07:34:21,639 INFO Watching for file changes with StatReloader
2025-05-28 07:34:25,334 INFO C:\Users\Abdo\Desktop\students-manager\v2student_manager\students\views.py changed, reloading.
2025-05-28 07:34:27,570 INFO Watching for file changes with StatReloader
2025-05-28 07:35:10,201 WARNING The chromedriver version (136.0.7103.92) detected in PATH at C:\webdrivers\chromedriver.exe might not be compatible with the detected chrome version (137.0.7151.41); currently, chromedriver 137.0.7151.55 is recommended for chrome 137.*, so it is advised to delete the driver in PATH and retry
2025-05-28 07:35:14,753 INFO \u231b \u0627\u0646\u062a\u0638\u0631 \u0645\u0633\u062d QR \u0641\u064a WhatsApp Web …
2025-05-28 07:35:21,019 INFO \u2705 \u062c\u0627\u0647\u0632 \u0644\u0625\u0631\u0633\u0627\u0644 \u0627\u0644\u0631\u0633\u0627\u0626\u0644.
2025-05-28 07:35:52,514 WARNING Initial WhatsApp send attempt failed.
2025-05-28 07:35:52,515 WARNING \u26a0\ufe0f \u062a\u0639\u0637\u0644 \u0627\u0644\u0625\u0631\u0633\u0627\u0644 \u0625\u0644\u0649 +201142344941: Message: 
Stacktrace:
	GetHandleVerifier [0x00007FF69E31CF25+75717]
	GetHandleVerifier [0x00007FF69E31CF80+75808]
	(No symbol) [0x00007FF69E0E8F9A]
	(No symbol) [0x00007FF69E13F4C6]
	(No symbol) [0x00007FF69E13F77C]
	(No symbol) [0x00007FF69E192577]
	(No symbol) [0x00007FF69E1673BF]
	(No symbol) [0x00007FF69E18F39C]
	(No symbol) [0x00007FF69E167153]
	(No symbol) [0x00007FF69E130421]
	(No symbol) [0x00007FF69E1311B3]
	GetHandleVerifier [0x00007FF69E61D6FD+3223453]
	GetHandleVerifier [0x00007FF69E617CA2+3200322]
	GetHandleVerifier [0x00007FF69E635AD3+3322739]
	GetHandleVerifier [0x00007FF69E3369FA+180890]
	GetHandleVerifier [0x00007FF69E33E0FF+211359]
	GetHandleVerifier [0x00007FF69E325274+109332]
	GetHandleVerifier [0x00007FF69E325422+109762]
	GetHandleVerifier [0x00007FF69E30BA39+4825]
	BaseThreadInitThunk [0x00007FF9FEB17374+20]
	RtlUserThreadStart [0x00007FFA0071CC91+33]
 — \u0627\u0644\u0645\u062d\u0627\u0648\u0644\u0629 \u0628\u0625\u0639\u0627\u062f\u0629 \u062a\u0634\u063a\u064a\u0644 \u0627\u0644\u062c\u0644\u0633\u0629
2025-05-28 07:36:23,628 ERROR Retry WhatsApp send attempt failed.
2025-05-28 07:36:23,628 ERROR \u274c we couldn`t resend the message +201142344941: Message: 
Stacktrace:
	GetHandleVerifier [0x00007FF69E31CF25+75717]
	GetHandleVerifier [0x00007FF69E31CF80+75808]
	(No symbol) [0x00007FF69E0E8F9A]
	(No symbol) [0x00007FF69E13F4C6]
	(No symbol) [0x00007FF69E13F77C]
	(No symbol) [0x00007FF69E192577]
	(No symbol) [0x00007FF69E1673BF]
	(No symbol) [0x00007FF69E18F39C]
	(No symbol) [0x00007FF69E167153]
	(No symbol) [0x00007FF69E130421]
	(No symbol) [0x00007FF69E1311B3]
	GetHandleVerifier [0x00007FF69E61D6FD+3223453]
	GetHandleVerifier [0x00007FF69E617CA2+3200322]
	GetHandleVerifier [0x00007FF69E635AD3+3322739]
	GetHandleVerifier [0x00007FF69E3369FA+180890]
	GetHandleVerifier [0x00007FF69E33E0FF+211359]
	GetHandleVerifier [0x00007FF69E325274+109332]
	GetHandleVerifier [0x00007FF69E325422+109762]
	GetHandleVerifier [0x00007FF69E30BA39+4825]
	BaseThreadInitThunk [0x00007FF9FEB17374+20]
	RtlUserThreadStart [0x00007FFA0071CC91+33]

2025-05-28 07:36:23,628 INFO WhatsApp not sent.
2025-05-28 07:36:56,203 WARNING Initial WhatsApp send attempt failed.
2025-05-28 07:36:56,204 WARNING \u26a0\ufe0f \u062a\u0639\u0637\u0644 \u0627\u0644\u0625\u0631\u0633\u0627\u0644 \u0625\u0644\u0649 +201142344941: Message: 
Stacktrace:
	GetHandleVerifier [0x00007FF69E31CF25+75717]
	GetHandleVerifier [0x00007FF69E31CF80+75808]
	(No symbol) [0x00007FF69E0E8F9A]
	(No symbol) [0x00007FF69E13F4C6]
	(No symbol) [0x00007FF69E13F77C]
	(No symbol) [0x00007FF69E192577]
	(No symbol) [0x00007FF69E1673BF]
	(No symbol) [0x00007FF69E18F39C]
	(No symbol) [0x00007FF69E167153]
	(No symbol) [0x00007FF69E130421]
	(No symbol) [0x00007FF69E1311B3]
	GetHandleVerifier [0x00007FF69E61D6FD+3223453]
	GetHandleVerifier [0x00007FF69E617CA2+3200322]
	GetHandleVerifier [0x00007FF69E635AD3+3322739]
	GetHandleVerifier [0x00007FF69E3369FA+180890]
	GetHandleVerifier [0x00007FF69E33E0FF+211359]
	GetHandleVerifier [0x00007FF69E325274+109332]
	GetHandleVerifier [0x00007FF69E325422+109762]
	GetHandleVerifier [0x00007FF69E30BA39+4825]
	BaseThreadInitThunk [0x00007FF9FEB17374+20]
	RtlUserThreadStart [0x00007FFA0071CC91+33]
 — \u0627\u0644\u0645\u062d\u0627\u0648\u0644\u0629 \u0628\u0625\u0639\u0627\u062f\u0629 \u062a\u0634\u063a\u064a\u0644 \u0627\u0644\u062c\u0644\u0633\u0629
2025-05-28 07:37:27,666 ERROR Retry WhatsApp send attempt failed.
2025-05-28 07:37:27,667 ERROR \u274c we couldn`t resend the message +201142344941: Message: 
Stacktrace:
	GetHandleVerifier [0x00007FF69E31CF25+75717]
	GetHandleVerifier [0x00007FF69E31CF80+75808]
	(No symbol) [0x00007FF69E0E8F9A]
	(No symbol) [0x00007FF69E13F4C6]
	(No symbol) [0x00007FF69E13F77C]
	(No symbol) [0x00007FF69E192577]
	(No symbol) [0x00007FF69E1673BF]
	(No symbol) [0x00007FF69E18F39C]
	(No symbol) [0x00007FF69E167153]
	(No symbol) [0x00007FF69E130421]
	(No symbol) [0x00007FF69E1311B3]
	GetHandleVerifier [0x00007FF69E61D6FD+3223453]
	GetHandleVerifier [0x00007FF69E617CA2+3200322]
	GetHandleVerifier [0x00007FF69E635AD3+3322739]
	GetHandleVerifier [0x00007FF69E3369FA+180890]
	GetHandleVerifier [0x00007FF69E33E0FF+211359]
	GetHandleVerifier [0x00007FF69E325274+109332]
	GetHandleVerifier [0x00007FF69E325422+109762]
	GetHandleVerifier [0x00007FF69E30BA39+4825]
	BaseThreadInitThunk [0x00007FF9FEB17374+20]
	RtlUserThreadStart [0x00007FFA0071CC91+33]

2025-05-28 07:37:27,667 INFO WhatsApp not sent.
2025-05-28 07:37:38,189 INFO \U0001f4e9 \u0623\u0631\u0633\u0644\u0646\u0627 \u0631\u0633\u0627\u0644\u0629 \u0625\u0644\u0649 +201142344948 \u0641\u064a 07:37:38
2025-05-28 07:37:49,279 INFO \U0001f4e9 \u0623\u0631\u0633\u0644\u0646\u0627 \u0631\u0633\u0627\u0644\u0629 \u0625\u0644\u0649 +201142344948 \u0641\u064a 07:37:49
2025-05-28 07:44:11,130 INFO C:\Users\Abdo\Desktop\students-manager\v2student_manager\students\views.py changed, reloading.
2025-05-28 07:44:13,892 INFO Watching for file changes with StatReloader
2025-05-28 07:44:22,479 INFO C:\Users\Abdo\Desktop\students-manager\v2student_manager\students\views.py changed, reloading.
2025-05-28 07:44:24,719 INFO Watching for file changes with StatReloader
2025-05-28 07:45:37,433 INFO C:\Users\Abdo\Desktop\students-manager\v2student_manager\students\views.py changed, reloading.
2025-05-28 07:45:39,732 INFO Watching for file changes with StatReloader
2025-05-28 07:48:12,746 WARNING The chromedriver version (136.0.7103.92) detected in PATH at C:\webdrivers\chromedriver.exe might not be compatible with the detected chrome version (137.0.7151.41); currently, chromedriver 137.0.7151.55 is recommended for chrome 137.*, so it is advised to delete the driver in PATH and retry
2025-05-28 07:48:16,911 ERROR \u0641\u0634\u0644 \u0625\u0646\u0634\u0627\u0621 \u062c\u0644\u0633\u0629 WhatsApp Web: Message: session not created: Chrome failed to start: crashed.
  (session not created: DevToolsActivePort file doesn't exist)
  (The process started from chrome location C:\Program Files\Google\Chrome\Application\chrome.exe is no longer running, so ChromeDriver is assuming that Chrome has crashed.)
Stacktrace:
	GetHandleVerifier [0x00007FF69E31CF25+75717]
	GetHandleVerifier [0x00007FF69E31CF80+75808]
	(No symbol) [0x00007FF69E0E8F9A]
	(No symbol) [0x00007FF69E125D55]
	(No symbol) [0x00007FF69E121ADD]
	(No symbol) [0x00007FF69E1752D8]
	(No symbol) [0x00007FF69E1748B0]
	(No symbol) [0x00007FF69E167153]
	(No symbol) [0x00007FF69E130421]
	(No symbol) [0x00007FF69E1311B3]
	GetHandleVerifier [0x00007FF69E61D6FD+3223453]
	GetHandleVerifier [0x00007FF69E617CA2+3200322]
	GetHandleVerifier [0x00007FF69E635AD3+3322739]
	GetHandleVerifier [0x00007FF69E3369FA+180890]
	GetHandleVerifier [0x00007FF69E33E0FF+211359]
	GetHandleVerifier [0x00007FF69E325274+109332]
	GetHandleVerifier [0x00007FF69E325422+109762]
	GetHandleVerifier [0x00007FF69E30BA39+4825]
	BaseThreadInitThunk [0x00007FF9FEB17374+20]
	RtlUserThreadStart [0x00007FFA0071CC91+33]

2025-05-28 07:48:16,911 ERROR \U0001f6a8 \u0644\u0627 \u062a\u0648\u062c\u062f \u062c\u0644\u0633\u0629 \u062c\u0627\u0647\u0632\u0629 \u0644\u0644\u0631\u0633\u0627\u0626\u0644.
2025-05-28 07:48:16,912 INFO WhatsApp not sent.
2025-05-28 07:48:53,000 INFO Watching for file changes with StatReloader
2025-05-28 07:49:02,413 WARNING The chromedriver version (136.0.7103.92) detected in PATH at C:\webdrivers\chromedriver.exe might not be compatible with the detected chrome version (137.0.7151.41); currently, chromedriver 137.0.7151.55 is recommended for chrome 137.*, so it is advised to delete the driver in PATH and retry
2025-05-28 07:49:07,912 INFO \u231b \u0627\u0646\u062a\u0638\u0631 \u0645\u0633\u062d QR \u0641\u064a WhatsApp Web …
2025-05-28 07:49:14,587 INFO \u2705 \u062c\u0627\u0647\u0632 \u0644\u0625\u0631\u0633\u0627\u0644 \u0627\u0644\u0631\u0633\u0627\u0626\u0644.
2025-05-28 07:49:45,165 WARNING Initial WhatsApp send attempt failed.
2025-05-28 07:49:45,165 WARNING \u26a0\ufe0f \u062a\u0639\u0637\u0644 \u0627\u0644\u0625\u0631\u0633\u0627\u0644 \u0625\u0644\u0649 +201142344941: Message: 
Stacktrace:
	GetHandleVerifier [0x00007FF69E31CF25+75717]
	GetHandleVerifier [0x00007FF69E31CF80+75808]
	(No symbol) [0x00007FF69E0E8F9A]
	(No symbol) [0x00007FF69E13F4C6]
	(No symbol) [0x00007FF69E13F77C]
	(No symbol) [0x00007FF69E192577]
	(No symbol) [0x00007FF69E1673BF]
	(No symbol) [0x00007FF69E18F39C]
	(No symbol) [0x00007FF69E167153]
	(No symbol) [0x00007FF69E130421]
	(No symbol) [0x00007FF69E1311B3]
	GetHandleVerifier [0x00007FF69E61D6FD+3223453]
	GetHandleVerifier [0x00007FF69E617CA2+3200322]
	GetHandleVerifier [0x00007FF69E635AD3+3322739]
	GetHandleVerifier [0x00007FF69E3369FA+180890]
	GetHandleVerifier [0x00007FF69E33E0FF+211359]
	GetHandleVerifier [0x00007FF69E325274+109332]
	GetHandleVerifier [0x00007FF69E325422+109762]
	GetHandleVerifier [0x00007FF69E30BA39+4825]
	BaseThreadInitThunk [0x00007FF9FEB17374+20]
	RtlUserThreadStart [0x00007FFA0071CC91+33]
 — \u0627\u0644\u0645\u062d\u0627\u0648\u0644\u0629 \u0628\u0625\u0639\u0627\u062f\u0629 \u062a\u0634\u063a\u064a\u0644 \u0627\u0644\u062c\u0644\u0633\u0629
2025-05-28 07:50:16,756 ERROR Retry WhatsApp send attempt failed.
2025-05-28 07:50:16,757 ERROR \u274c we couldn`t resend the message +201142344941: Message: 
Stacktrace:
	GetHandleVerifier [0x00007FF69E31CF25+75717]
	GetHandleVerifier [0x00007FF69E31CF80+75808]
	(No symbol) [0x00007FF69E0E8F9A]
	(No symbol) [0x00007FF69E13F4C6]
	(No symbol) [0x00007FF69E13F77C]
	(No symbol) [0x00007FF69E192577]
	(No symbol) [0x00007FF69E1673BF]
	(No symbol) [0x00007FF69E18F39C]
	(No symbol) [0x00007FF69E167153]
	(No symbol) [0x00007FF69E130421]
	(No symbol) [0x00007FF69E1311B3]
	GetHandleVerifier [0x00007FF69E61D6FD+3223453]
	GetHandleVerifier [0x00007FF69E617CA2+3200322]
	GetHandleVerifier [0x00007FF69E635AD3+3322739]
	GetHandleVerifier [0x00007FF69E3369FA+180890]
	GetHandleVerifier [0x00007FF69E33E0FF+211359]
	GetHandleVerifier [0x00007FF69E325274+109332]
	GetHandleVerifier [0x00007FF69E325422+109762]
	GetHandleVerifier [0x00007FF69E30BA39+4825]
	BaseThreadInitThunk [0x00007FF9FEB17374+20]
	RtlUserThreadStart [0x00007FFA0071CC91+33]

2025-05-28 07:50:16,757 INFO WhatsApp not sent.
2025-05-28 07:51:18,700 INFO \U0001f4e9 \u0623\u0631\u0633\u0644\u0646\u0627 \u0631\u0633\u0627\u0644\u0629 \u0625\u0644\u0649 +201142344943 \u0641\u064a 07:51:18
2025-05-28 07:58:21,221 INFO C:\Users\Abdo\Desktop\students-manager\v2student_manager\students\views.py changed, reloading.
2025-05-28 07:58:24,066 INFO Watching for file changes with StatReloader
2025-05-28 07:58:37,731 INFO C:\Users\Abdo\Desktop\students-manager\v2student_manager\students\views.py changed, reloading.
2025-05-28 07:58:39,887 INFO Watching for file changes with StatReloader
2025-05-28 08:04:53,659 INFO C:\Users\Abdo\Desktop\students-manager\v2student_manager\students\views.py changed, reloading.
2025-05-28 08:04:56,082 INFO Watching for file changes with StatReloader
2025-05-28 08:05:02,041 INFO C:\Users\Abdo\Desktop\students-manager\v2student_manager\students\views.py changed, reloading.
2025-05-28 08:05:04,027 INFO Watching for file changes with StatReloader
2025-05-28 08:07:38,081 INFO C:\Users\Abdo\Desktop\students-manager\v2student_manager\students\views.py changed, reloading.
2025-05-28 08:07:40,436 INFO Watching for file changes with StatReloader
2025-05-28 08:08:04,255 INFO C:\Users\Abdo\Desktop\students-manager\v2student_manager\students\views.py changed, reloading.
2025-05-28 08:08:06,538 INFO Watching for file changes with StatReloader
2025-05-28 08:08:08,430 INFO C:\Users\Abdo\Desktop\students-manager\v2student_manager\students\views.py changed, reloading.
2025-05-28 08:08:11,369 INFO Watching for file changes with StatReloader
2025-05-28 08:08:14,007 INFO C:\Users\Abdo\Desktop\students-manager\v2student_manager\students\views.py changed, reloading.
2025-05-28 08:08:16,276 INFO Watching for file changes with StatReloader
2025-05-28 08:08:24,717 INFO C:\Users\Abdo\Desktop\students-manager\v2student_manager\students\views.py changed, reloading.
2025-05-28 08:08:27,095 INFO Watching for file changes with StatReloader
2025-05-28 08:10:00,138 INFO C:\Users\Abdo\Desktop\students-manager\v2student_manager\students\views.py changed, reloading.
2025-05-28 08:10:03,008 INFO Watching for file changes with StatReloader
2025-05-28 12:32:17,638 INFO Watching for file changes with StatReloader
2025-05-28 12:32:19,995 WARNING Not Found: /favicon.ico
2025-05-29 16:30:36,720 INFO Watching for file changes with StatReloader
2025-05-29 16:30:37,652 WARNING Not Found: /favicon.ico
2025-05-29 17:04:47,499 INFO Watching for file changes with StatReloader
2025-05-29 17:48:50,629 INFO C:\Users\Abdo\Desktop\students-manager\v2student_manager\students\views.py changed, reloading.
2025-05-29 17:48:53,503 INFO Watching for file changes with StatReloader
2025-05-29 17:48:55,547 INFO C:\Users\Abdo\Desktop\students-manager\v2student_manager\students\views.py changed, reloading.
2025-05-29 17:48:57,949 INFO Watching for file changes with StatReloader
2025-05-29 19:02:28,853 INFO Watching for file changes with StatReloader
2025-05-29 19:05:05,713 WARNING Not Found: /favicon.ico
2025-05-29 19:15:03,978 INFO C:\Users\Abdo\Desktop\students-manager\v2student_manager\students\views.py changed, reloading.
2025-05-29 19:15:06,749 INFO Watching for file changes with StatReloader
2025-05-29 19:15:37,118 ERROR Internal Server Error: /broadcast/
Traceback (most recent call last):
  File "C:\Users\Abdo\Desktop\students-manager\Lib\site-packages\django\core\handlers\exception.py", line 55, in inner
    response = get_response(request)
  File "C:\Users\Abdo\Desktop\students-manager\Lib\site-packages\django\core\handlers\base.py", line 197, in _get_response
    response = wrapped_callback(request, *callback_args, **callback_kwargs)
  File "C:\Users\Abdo\Desktop\students-manager\v2student_manager\students\views.py", line 629, in broadcast_message_view
    send_or_log(
    ~~~~~~~~~~~^
        phone,
        ^^^^^^
    ...<4 lines>...
        reason_for_send_or_log
        ^^^^^^^^^^^^^^^^^^^^^^
    )
    ^
TypeError: send_or_log() takes 3 positional arguments but 6 were given
2025-05-29 19:20:17,369 INFO C:\Users\Abdo\Desktop\students-manager\v2student_manager\students\views.py changed, reloading.
2025-05-29 19:20:20,083 INFO Watching for file changes with StatReloader
2025-05-29 19:20:39,501 WARNING The chromedriver version (136.0.7103.92) detected in PATH at C:\webdrivers\chromedriver.exe might not be compatible with the detected chrome version (137.0.7151.41); currently, chromedriver 137.0.7151.55 is recommended for chrome 137.*, so it is advised to delete the driver in PATH and retry
2025-05-29 19:21:18,125 INFO \u231b \u0627\u0646\u062a\u0638\u0631 \u0645\u0633\u062d QR \u0641\u064a WhatsApp Web …
2025-05-29 19:21:20,654 INFO \u2705 \u062c\u0627\u0647\u0632 \u0644\u0625\u0631\u0633\u0627\u0644 \u0627\u0644\u0631\u0633\u0627\u0626\u0644.
2025-05-29 19:21:43,550 INFO \U0001f4e9 \u0623\u0631\u0633\u0644\u0646\u0627 \u0631\u0633\u0627\u0644\u0629 \u0625\u0644\u0649 +201121692220 \u0641\u064a 19:21:43
2025-05-29 19:21:55,574 INFO \U0001f4e9 \u0623\u0631\u0633\u0644\u0646\u0627 \u0631\u0633\u0627\u0644\u0629 \u0625\u0644\u0649 +201114401631 \u0641\u064a 19:21:55
2025-05-29 19:22:07,876 INFO \U0001f4e9 \u0623\u0631\u0633\u0644\u0646\u0627 \u0631\u0633\u0627\u0644\u0629 \u0625\u0644\u0649 +201128190064 \u0641\u064a 19:22:07
2025-05-29 19:22:20,371 INFO \U0001f4e9 \u0623\u0631\u0633\u0644\u0646\u0627 \u0631\u0633\u0627\u0644\u0629 \u0625\u0644\u0649 +201128968523 \u0641\u064a 19:22:20
2025-05-29 19:22:32,393 INFO \U0001f4e9 \u0623\u0631\u0633\u0644\u0646\u0627 \u0631\u0633\u0627\u0644\u0629 \u0625\u0644\u0649 +201141740337 \u0641\u064a 19:22:32
2025-05-29 19:22:45,962 INFO \U0001f4e9 \u0623\u0631\u0633\u0644\u0646\u0627 \u0631\u0633\u0627\u0644\u0629 \u0625\u0644\u0649 +201153373253 \u0641\u064a 19:22:45
2025-05-29 19:22:58,621 INFO \U0001f4e9 \u0623\u0631\u0633\u0644\u0646\u0627 \u0631\u0633\u0627\u0644\u0629 \u0625\u0644\u0649 +201115139226 \u0641\u064a 19:22:58
2025-05-29 19:23:10,052 INFO \U0001f4e9 \u0623\u0631\u0633\u0644\u0646\u0627 \u0631\u0633\u0627\u0644\u0629 \u0625\u0644\u0649 +201144321079 \u0641\u064a 19:23:10
2025-05-29 19:23:46,650 WARNING Initial WhatsApp send attempt failed.
2025-05-29 19:23:46,651 WARNING \u26a0\ufe0f \u062a\u0639\u0637\u0644 \u0627\u0644\u0625\u0631\u0633\u0627\u0644 \u0625\u0644\u0649 +201050831891: Message: 
Stacktrace:
	GetHandleVerifier [0x00007FF77FC0CF25+75717]
	GetHandleVerifier [0x00007FF77FC0CF80+75808]
	(No symbol) [0x00007FF77F9D8F9A]
	(No symbol) [0x00007FF77FA2F4C6]
	(No symbol) [0x00007FF77FA2F77C]
	(No symbol) [0x00007FF77FA82577]
	(No symbol) [0x00007FF77FA573BF]
	(No symbol) [0x00007FF77FA7F39C]
	(No symbol) [0x00007FF77FA57153]
	(No symbol) [0x00007FF77FA20421]
	(No symbol) [0x00007FF77FA211B3]
	GetHandleVerifier [0x00007FF77FF0D6FD+3223453]
	GetHandleVerifier [0x00007FF77FF07CA2+3200322]
	GetHandleVerifier [0x00007FF77FF25AD3+3322739]
	GetHandleVerifier [0x00007FF77FC269FA+180890]
	GetHandleVerifier [0x00007FF77FC2E0FF+211359]
	GetHandleVerifier [0x00007FF77FC15274+109332]
	GetHandleVerifier [0x00007FF77FC15422+109762]
	GetHandleVerifier [0x00007FF77FBFBA39+4825]
	BaseThreadInitThunk [0x00007FFA74637374+20]
	RtlUserThreadStart [0x00007FFA7477CC91+33]
 — \u0627\u0644\u0645\u062d\u0627\u0648\u0644\u0629 \u0628\u0625\u0639\u0627\u062f\u0629 \u062a\u0634\u063a\u064a\u0644 \u0627\u0644\u062c\u0644\u0633\u0629
2025-05-29 19:24:17,898 ERROR Retry WhatsApp send attempt failed.
2025-05-29 19:24:17,899 ERROR \u274c we couldn`t resend the message +201050831891: Message: 
Stacktrace:
	GetHandleVerifier [0x00007FF77FC0CF25+75717]
	GetHandleVerifier [0x00007FF77FC0CF80+75808]
	(No symbol) [0x00007FF77F9D8F9A]
	(No symbol) [0x00007FF77FA2F4C6]
	(No symbol) [0x00007FF77FA2F77C]
	(No symbol) [0x00007FF77FA82577]
	(No symbol) [0x00007FF77FA573BF]
	(No symbol) [0x00007FF77FA7F39C]
	(No symbol) [0x00007FF77FA57153]
	(No symbol) [0x00007FF77FA20421]
	(No symbol) [0x00007FF77FA211B3]
	GetHandleVerifier [0x00007FF77FF0D6FD+3223453]
	GetHandleVerifier [0x00007FF77FF07CA2+3200322]
	GetHandleVerifier [0x00007FF77FF25AD3+3322739]
	GetHandleVerifier [0x00007FF77FC269FA+180890]
	GetHandleVerifier [0x00007FF77FC2E0FF+211359]
	GetHandleVerifier [0x00007FF77FC15274+109332]
	GetHandleVerifier [0x00007FF77FC15422+109762]
	GetHandleVerifier [0x00007FF77FBFBA39+4825]
	BaseThreadInitThunk [0x00007FFA74637374+20]
	RtlUserThreadStart [0x00007FFA7477CC91+33]

2025-05-29 19:24:17,899 INFO WhatsApp not sent.
2025-05-29 19:24:28,889 INFO \U0001f4e9 \u0623\u0631\u0633\u0644\u0646\u0627 \u0631\u0633\u0627\u0644\u0629 \u0625\u0644\u0649 +201102741242 \u0641\u064a 19:24:28
2025-05-29 19:24:41,136 INFO \U0001f4e9 \u0623\u0631\u0633\u0644\u0646\u0627 \u0631\u0633\u0627\u0644\u0629 \u0625\u0644\u0649 +201140119162 \u0641\u064a 19:24:41
2025-05-29 19:24:55,058 INFO \U0001f4e9 \u0623\u0631\u0633\u0644\u0646\u0627 \u0631\u0633\u0627\u0644\u0629 \u0625\u0644\u0649 +201017122864 \u0641\u064a 19:24:55
2025-05-29 19:25:07,343 INFO \U0001f4e9 \u0623\u0631\u0633\u0644\u0646\u0627 \u0631\u0633\u0627\u0644\u0629 \u0625\u0644\u0649 +201114794206 \u0641\u064a 19:25:07
2025-05-29 19:25:20,395 INFO \U0001f4e9 \u0623\u0631\u0633\u0644\u0646\u0627 \u0631\u0633\u0627\u0644\u0629 \u0625\u0644\u0649 +201121662413 \u0641\u064a 19:25:20
2025-05-29 19:25:32,881 INFO \U0001f4e9 \u0623\u0631\u0633\u0644\u0646\u0627 \u0631\u0633\u0627\u0644\u0629 \u0625\u0644\u0649 +201122871587 \u0641\u064a 19:25:32
2025-05-29 19:25:49,860 INFO \U0001f4e9 \u0623\u0631\u0633\u0644\u0646\u0627 \u0631\u0633\u0627\u0644\u0629 \u0625\u0644\u0649 +201114874885 \u0641\u064a 19:25:49
2025-05-29 19:26:02,080 INFO \U0001f4e9 \u0623\u0631\u0633\u0644\u0646\u0627 \u0631\u0633\u0627\u0644\u0629 \u0625\u0644\u0649 +201145279498 \u0641\u064a 19:26:02
2025-05-29 19:26:13,436 INFO \U0001f4e9 \u0623\u0631\u0633\u0644\u0646\u0627 \u0631\u0633\u0627\u0644\u0629 \u0625\u0644\u0649 +201143129469 \u0641\u064a 19:26:13
2025-05-29 19:26:25,401 INFO \U0001f4e9 \u0623\u0631\u0633\u0644\u0646\u0627 \u0631\u0633\u0627\u0644\u0629 \u0625\u0644\u0649 +201141292448 \u0641\u064a 19:26:25
2025-05-29 19:26:36,969 INFO \U0001f4e9 \u0623\u0631\u0633\u0644\u0646\u0627 \u0631\u0633\u0627\u0644\u0629 \u0625\u0644\u0649 +201154460081 \u0641\u064a 19:26:36
2025-05-30 12:38:12,132 INFO Watching for file changes with StatReloader
2025-05-30 12:38:19,781 WARNING Not Found: /favicon.ico
2025-05-31 02:33:35,824 INFO Watching for file changes with StatReloader
2025-05-31 02:34:01,394 WARNING Not Found: /favicon.ico
2025-05-31 08:09:01,213 INFO Watching for file changes with StatReloader
2025-05-31 08:09:14,913 WARNING Not Found: /favicon.ico
2025-05-31 08:33:13,969 ERROR Internal Server Error: /attendance/
Traceback (most recent call last):
  File "C:\Users\Abdo\Desktop\students-manager\Lib\site-packages\django\core\handlers\exception.py", line 55, in inner
    response = get_response(request)
  File "C:\Users\Abdo\Desktop\students-manager\Lib\site-packages\django\core\handlers\base.py", line 197, in _get_response
    response = wrapped_callback(request, *callback_args, **callback_kwargs)
  File "C:\Users\Abdo\Desktop\students-manager\v2student_manager\students\views.py", line 127, in barcode_attendance_view
    send_or_log(phone, lateness_message, student.id, student.name, 'Lateness Alert', reason)
    ~~~~~~~~~~~^^^^^^^^^^^^^^^^^^^^^^^^^^^^^^^^^^^^^^^^^^^^^^^^^^^^^^^^^^^^^^^^^^^^^^^^^^^^^
TypeError: send_or_log() takes 3 positional arguments but 6 were given
2025-05-31 08:33:38,802 ERROR Internal Server Error: /attendance/
Traceback (most recent call last):
  File "C:\Users\Abdo\Desktop\students-manager\Lib\site-packages\django\core\handlers\exception.py", line 55, in inner
    response = get_response(request)
  File "C:\Users\Abdo\Desktop\students-manager\Lib\site-packages\django\core\handlers\base.py", line 197, in _get_response
    response = wrapped_callback(request, *callback_args, **callback_kwargs)
  File "C:\Users\Abdo\Desktop\students-manager\v2student_manager\students\views.py", line 127, in barcode_attendance_view
    send_or_log(phone, lateness_message, student.id, student.name, 'Lateness Alert', reason)
    ~~~~~~~~~~~^^^^^^^^^^^^^^^^^^^^^^^^^^^^^^^^^^^^^^^^^^^^^^^^^^^^^^^^^^^^^^^^^^^^^^^^^^^^^
TypeError: send_or_log() takes 3 positional arguments but 6 were given
2025-05-31 08:34:01,206 INFO Watching for file changes with StatReloader
2025-05-31 08:34:23,122 ERROR Internal Server Error: /attendance/
Traceback (most recent call last):
  File "C:\Users\Abdo\Desktop\students-manager\Lib\site-packages\django\core\handlers\exception.py", line 55, in inner
    response = get_response(request)
  File "C:\Users\Abdo\Desktop\students-manager\Lib\site-packages\django\core\handlers\base.py", line 197, in _get_response
    response = wrapped_callback(request, *callback_args, **callback_kwargs)
  File "C:\Users\Abdo\Desktop\students-manager\v2student_manager\students\views.py", line 127, in barcode_attendance_view
    send_or_log(phone, lateness_message, student.id, student.name, 'Lateness Alert', reason)
    ~~~~~~~~~~~^^^^^^^^^^^^^^^^^^^^^^^^^^^^^^^^^^^^^^^^^^^^^^^^^^^^^^^^^^^^^^^^^^^^^^^^^^^^^
TypeError: send_or_log() takes 3 positional arguments but 6 were given
2025-05-31 08:34:57,607 ERROR Internal Server Error: /attendance/
Traceback (most recent call last):
  File "C:\Users\Abdo\Desktop\students-manager\Lib\site-packages\django\core\handlers\exception.py", line 55, in inner
    response = get_response(request)
  File "C:\Users\Abdo\Desktop\students-manager\Lib\site-packages\django\core\handlers\base.py", line 197, in _get_response
    response = wrapped_callback(request, *callback_args, **callback_kwargs)
  File "C:\Users\Abdo\Desktop\students-manager\v2student_manager\students\views.py", line 127, in barcode_attendance_view
    send_or_log(phone, lateness_message, student.id, student.name, 'Lateness Alert', reason)
    ~~~~~~~~~~~^^^^^^^^^^^^^^^^^^^^^^^^^^^^^^^^^^^^^^^^^^^^^^^^^^^^^^^^^^^^^^^^^^^^^^^^^^^^^
TypeError: send_or_log() takes 3 positional arguments but 6 were given
2025-05-31 08:35:07,991 ERROR Internal Server Error: /attendance/
Traceback (most recent call last):
  File "C:\Users\Abdo\Desktop\students-manager\Lib\site-packages\django\core\handlers\exception.py", line 55, in inner
    response = get_response(request)
  File "C:\Users\Abdo\Desktop\students-manager\Lib\site-packages\django\core\handlers\base.py", line 197, in _get_response
    response = wrapped_callback(request, *callback_args, **callback_kwargs)
  File "C:\Users\Abdo\Desktop\students-manager\v2student_manager\students\views.py", line 127, in barcode_attendance_view
    send_or_log(phone, lateness_message, student.id, student.name, 'Lateness Alert', reason)
    ~~~~~~~~~~~^^^^^^^^^^^^^^^^^^^^^^^^^^^^^^^^^^^^^^^^^^^^^^^^^^^^^^^^^^^^^^^^^^^^^^^^^^^^^
TypeError: send_or_log() takes 3 positional arguments but 6 were given
2025-05-31 08:35:39,480 INFO Watching for file changes with StatReloader
2025-05-31 08:38:36,305 INFO Watching for file changes with StatReloader
2025-05-31 08:38:42,910 WARNING Not Found: /favicon.ico
2025-05-31 03:01:43,343 INFO Watching for file changes with StatReloader
2025-05-31 03:02:09,133 WARNING Not Found: /favicon.ico
2025-05-31 09:19:36,504 ERROR Internal Server Error: /attendance/
Traceback (most recent call last):
  File "C:\Users\Abdo\Desktop\students-manager\Lib\site-packages\django\core\handlers\exception.py", line 55, in inner
    response = get_response(request)
  File "C:\Users\Abdo\Desktop\students-manager\Lib\site-packages\django\core\handlers\base.py", line 197, in _get_response
    response = wrapped_callback(request, *callback_args, **callback_kwargs)
  File "C:\Users\Abdo\Desktop\students-manager\v2student_manager\students\views.py", line 127, in barcode_attendance_view
    send_or_log(phone, lateness_message, student.id, student.name, 'Lateness Alert', reason)
    ~~~~~~~~~~~^^^^^^^^^^^^^^^^^^^^^^^^^^^^^^^^^^^^^^^^^^^^^^^^^^^^^^^^^^^^^^^^^^^^^^^^^^^^^
TypeError: send_or_log() takes 3 positional arguments but 6 were given
2025-05-31 09:22:10,311 INFO C:\Users\Abdo\Desktop\students-manager\v2student_manager\students\views.py changed, reloading.
2025-05-31 09:22:15,014 INFO Watching for file changes with StatReloader
2025-05-31 09:22:38,563 INFO C:\Users\Abdo\Desktop\students-manager\v2student_manager\students\views.py changed, reloading.
2025-05-31 09:22:41,083 INFO Watching for file changes with StatReloader
2025-05-31 09:22:48,916 INFO C:\Users\Abdo\Desktop\students-manager\v2student_manager\students\views.py changed, reloading.
2025-05-31 09:22:52,189 INFO Watching for file changes with StatReloader
2025-05-31 09:22:53,976 INFO C:\Users\Abdo\Desktop\students-manager\v2student_manager\students\views.py changed, reloading.
2025-05-31 09:22:56,356 INFO Watching for file changes with StatReloader
2025-05-31 09:23:04,882 INFO C:\Users\Abdo\Desktop\students-manager\v2student_manager\students\views.py changed, reloading.
2025-05-31 09:23:06,852 INFO Watching for file changes with StatReloader
2025-05-31 09:23:10,045 INFO C:\Users\Abdo\Desktop\students-manager\v2student_manager\students\views.py changed, reloading.
2025-05-31 09:23:12,434 INFO Watching for file changes with StatReloader
2025-05-31 09:23:23,714 ERROR \U0001f6ab \u0631\u0642\u0645 \u063a\u064a\u0631 \u0635\u0627\u0644\u062d: 011
2025-05-31 09:23:23,715 INFO WhatsApp not sent.
2025-05-31 09:23:32,052 ERROR \U0001f6ab \u0631\u0642\u0645 \u063a\u064a\u0631 \u0635\u0627\u0644\u062d: 011
2025-05-31 09:23:32,054 INFO WhatsApp not sent.
2025-05-31 09:29:11,235 WARNING Exception managing chrome: error decoding response body
2025-05-31 09:29:11,235 WARNING The chromedriver version (136.0.7103.92) detected in PATH at C:\webdrivers\chromedriver.exe might not be compatible with the detected chrome version (137.0.7151.41); currently, chromedriver  is recommended for chrome 137.*, so it is advised to delete the driver in PATH and retry
2025-05-31 09:29:16,677 INFO \u231b \u0627\u0646\u062a\u0638\u0631 \u0645\u0633\u062d QR \u0641\u064a WhatsApp Web …
2025-05-31 09:31:16,685 ERROR \u0641\u0634\u0644 \u0625\u0646\u0634\u0627\u0621 \u062c\u0644\u0633\u0629 WhatsApp Web: HTTPConnectionPool(host='localhost', port=1271): Read timed out. (read timeout=120)
2025-05-31 09:32:43,018 ERROR \U0001f6a8 \u0644\u0627 \u062a\u0648\u062c\u062f \u062c\u0644\u0633\u0629 \u062c\u0627\u0647\u0632\u0629 \u0644\u0644\u0631\u0633\u0627\u0626\u0644.
2025-05-31 09:32:43,018 INFO WhatsApp not sent.
2025-05-31 09:33:45,252 WARNING The chromedriver version (136.0.7103.92) detected in PATH at C:\webdrivers\chromedriver.exe might not be compatible with the detected chrome version (137.0.7151.41); currently, chromedriver 137.0.7151.55 is recommended for chrome 137.*, so it is advised to delete the driver in PATH and retry
2025-05-31 09:33:49,981 INFO \u231b \u0627\u0646\u062a\u0638\u0631 \u0645\u0633\u062d QR \u0641\u064a WhatsApp Web …
2025-05-31 09:33:58,087 INFO \u2705 \u062c\u0627\u0647\u0632 \u0644\u0625\u0631\u0633\u0627\u0644 \u0627\u0644\u0631\u0633\u0627\u0626\u0644.
2025-05-31 09:34:11,022 INFO \U0001f4e9 \u0623\u0631\u0633\u0644\u0646\u0627 \u0631\u0633\u0627\u0644\u0629 \u0625\u0644\u0649 +201144351280 \u0641\u064a 09:34:11
2025-05-31 09:34:24,979 INFO \U0001f4e9 \u0623\u0631\u0633\u0644\u0646\u0627 \u0631\u0633\u0627\u0644\u0629 \u0625\u0644\u0649 +201125967696 \u0641\u064a 09:34:24
2025-05-31 09:34:31,983 WARNING Initial WhatsApp send attempt failed.
2025-05-31 09:34:31,984 WARNING \u26a0\ufe0f \u062a\u0639\u0637\u0644 \u0627\u0644\u0625\u0631\u0633\u0627\u0644 \u0625\u0644\u0649 +201125967696: 'NoneType' object has no attribute 'is_displayed' — \u0627\u0644\u0645\u062d\u0627\u0648\u0644\u0629 \u0628\u0625\u0639\u0627\u062f\u0629 \u062a\u0634\u063a\u064a\u0644 \u0627\u0644\u062c\u0644\u0633\u0629
2025-05-31 09:34:32,003 ERROR Retry WhatsApp send attempt failed.
2025-05-31 09:34:32,003 ERROR \u274c we couldn`t resend the message +201125967696: Message: no such window: target window already closed
from unknown error: web view not found
  (Session info: chrome=137.0.7151.41)
Stacktrace:
	GetHandleVerifier [0x00007FF6BD94CF25+75717]
	GetHandleVerifier [0x00007FF6BD94CF80+75808]
	(No symbol) [0x00007FF6BD718F9A]
	(No symbol) [0x00007FF6BD6F1B41]
	(No symbol) [0x00007FF6BD79EC2E]
	(No symbol) [0x00007FF6BD7BECC2]
	(No symbol) [0x00007FF6BD797153]
	(No symbol) [0x00007FF6BD760421]
	(No symbol) [0x00007FF6BD7611B3]
	GetHandleVerifier [0x00007FF6BDC4D6FD+3223453]
	GetHandleVerifier [0x00007FF6BDC47CA2+3200322]
	GetHandleVerifier [0x00007FF6BDC65AD3+3322739]
	GetHandleVerifier [0x00007FF6BD9669FA+180890]
	GetHandleVerifier [0x00007FF6BD96E0FF+211359]
	GetHandleVerifier [0x00007FF6BD955274+109332]
	GetHandleVerifier [0x00007FF6BD955422+109762]
	GetHandleVerifier [0x00007FF6BD93BA39+4825]
	BaseThreadInitThunk [0x00007FF88A687374+20]
	RtlUserThreadStart [0x00007FF88B65CC91+33]

2025-05-31 09:34:32,003 INFO WhatsApp not sent.
2025-05-31 09:35:43,058 INFO C:\Users\Abdo\Desktop\students-manager\v2student_manager\students\views.py changed, reloading.
2025-05-31 09:35:45,624 INFO Watching for file changes with StatReloader
2025-05-31 09:35:47,688 INFO C:\Users\Abdo\Desktop\students-manager\v2student_manager\students\views.py changed, reloading.
2025-05-31 09:35:50,371 INFO Watching for file changes with StatReloader
2025-05-31 09:35:52,654 INFO C:\Users\Abdo\Desktop\students-manager\v2student_manager\students\views.py changed, reloading.
2025-05-31 09:35:54,916 INFO Watching for file changes with StatReloader
2025-05-31 11:42:07,553 INFO Watching for file changes with StatReloader
2025-05-31 11:42:11,364 WARNING Not Found: /favicon.ico
2025-05-31 11:43:37,830 WARNING The chromedriver version (136.0.7103.92) detected in PATH at C:\webdrivers\chromedriver.exe might not be compatible with the detected chrome version (137.0.7151.41); currently, chromedriver 137.0.7151.55 is recommended for chrome 137.*, so it is advised to delete the driver in PATH and retry
2025-05-31 11:43:43,414 INFO \u231b \u0627\u0646\u062a\u0638\u0631 \u0645\u0633\u062d QR \u0641\u064a WhatsApp Web …
2025-05-31 11:43:51,316 INFO \u2705 \u062c\u0627\u0647\u0632 \u0644\u0625\u0631\u0633\u0627\u0644 \u0627\u0644\u0631\u0633\u0627\u0626\u0644.
2025-05-31 11:44:01,079 INFO \U0001f4e9 \u0623\u0631\u0633\u0644\u0646\u0627 \u0631\u0633\u0627\u0644\u0629 \u0625\u0644\u0649 +201154460081 \u0641\u064a 11:44:01
2025-05-31 11:44:04,080 ERROR \U0001f6ab \u0631\u0642\u0645 \u063a\u064a\u0631 \u0635\u0627\u0644\u062d: 011513503
2025-05-31 11:44:04,080 INFO WhatsApp not sent.
2025-05-31 11:44:48,085 WARNING Initial WhatsApp send attempt failed.
2025-05-31 11:44:48,085 WARNING \u26a0\ufe0f \u062a\u0639\u0637\u0644 \u0627\u0644\u0625\u0631\u0633\u0627\u0644 \u0625\u0644\u0649 +201114794206: Message: element click intercepted: Element <button data-tab="11" aria-label="\u0625\u0631\u0633\u0627\u0644" class="x1c4vz4f x2lah0s xdl72j9 xfect85 x1iy03kw x1lfpgzf">...</button> is not clickable at point (37, 558). Other element would receive the click: <div class="x9f619 x78zum5 xdt5ytf x6s0dn4 xl56j7k xh8yej3 xpb48g7 x1jn0hjm x1us19tq" aria-label="\u0633\u062a\u0628\u062f\u0623 \u0627\u0644\u062f\u0631\u062f\u0634\u0629" role="dialog">...</div>
  (Session info: chrome=137.0.7151.41)
Stacktrace:
	GetHandleVerifier [0x00007FF7EDB6CF25+75717]
	GetHandleVerifier [0x00007FF7EDB6CF80+75808]
	(No symbol) [0x00007FF7ED938F9A]
	(No symbol) [0x00007FF7ED997439]
	(No symbol) [0x00007FF7ED994DF2]
	(No symbol) [0x00007FF7ED991EA1]
	(No symbol) [0x00007FF7ED990DA1]
	(No symbol) [0x00007FF7ED982394]
	(No symbol) [0x00007FF7ED9B737A]
	(No symbol) [0x00007FF7ED981C46]
	(No symbol) [0x00007FF7ED9B7590]
	(No symbol) [0x00007FF7ED9DF39C]
	(No symbol) [0x00007FF7ED9B7153]
	(No symbol) [0x00007FF7ED980421]
	(No symbol) [0x00007FF7ED9811B3]
	GetHandleVerifier [0x00007FF7EDE6D6FD+3223453]
	GetHandleVerifier [0x00007FF7EDE67CA2+3200322]
	GetHandleVerifier [0x00007FF7EDE85AD3+3322739]
	GetHandleVerifier [0x00007FF7EDB869FA+180890]
	GetHandleVerifier [0x00007FF7EDB8E0FF+211359]
	GetHandleVerifier [0x00007FF7EDB75274+109332]
	GetHandleVerifier [0x00007FF7EDB75422+109762]
	GetHandleVerifier [0x00007FF7EDB5BA39+4825]
	BaseThreadInitThunk [0x00007FF88A687374+20]
	RtlUserThreadStart [0x00007FF88B65CC91+33]
 — \u0627\u0644\u0645\u062d\u0627\u0648\u0644\u0629 \u0628\u0625\u0639\u0627\u062f\u0629 \u062a\u0634\u063a\u064a\u0644 \u0627\u0644\u062c\u0644\u0633\u0629
2025-05-31 11:45:06,366 INFO \U0001f501 resending succesful +201114794206
2025-05-31 11:57:23,248 INFO \U0001f4e9 \u0623\u0631\u0633\u0644\u0646\u0627 \u0631\u0633\u0627\u0644\u0629 \u0625\u0644\u0649 +201151353503 \u0641\u064a 11:57:23
2025-05-31 11:57:35,836 INFO \U0001f4e9 \u0623\u0631\u0633\u0644\u0646\u0627 \u0631\u0633\u0627\u0644\u0629 \u0625\u0644\u0649 +201151353503 \u0641\u064a 11:57:35
2025-06-06 00:56:27,460 INFO Watching for file changes with StatReloader
2025-06-06 00:56:35,985 WARNING Not Found: /favicon.ico
2025-06-11 12:54:39,280 INFO Watching for file changes with StatReloader
2025-06-11 18:17:47,080 INFO Watching for file changes with StatReloader
2025-06-11 18:18:14,259 WARNING Not Found: /favicon.ico
2025-06-11 18:25:30,582 WARNING The chromedriver version (136.0.7103.92) detected in PATH at C:\webdrivers\chromedriver.exe might not be compatible with the detected chrome version (137.0.7151.103); currently, chromedriver 137.0.7151.70 is recommended for chrome 137.*, so it is advised to delete the driver in PATH and retry
2025-06-11 18:25:57,465 INFO \u231b \u0627\u0646\u062a\u0638\u0631 \u0645\u0633\u062d QR \u0641\u064a WhatsApp Web …
2025-06-11 18:26:12,350 INFO \u2705 \u062c\u0627\u0647\u0632 \u0644\u0625\u0631\u0633\u0627\u0644 \u0627\u0644\u0631\u0633\u0627\u0626\u0644.
2025-06-11 18:26:22,045 INFO \U0001f4e9 \u0623\u0631\u0633\u0644\u0646\u0627 \u0631\u0633\u0627\u0644\u0629 \u0625\u0644\u0649 +201159024886 \u0641\u064a 18:26:22
2025-06-11 18:26:34,006 INFO \U0001f4e9 \u0623\u0631\u0633\u0644\u0646\u0627 \u0631\u0633\u0627\u0644\u0629 \u0625\u0644\u0649 +201117864837 \u0641\u064a 18:26:34
2025-06-11 18:27:08,759 WARNING Initial WhatsApp send attempt failed.
2025-06-11 18:27:08,760 WARNING \u26a0\ufe0f \u062a\u0639\u0637\u0644 \u0627\u0644\u0625\u0631\u0633\u0627\u0644 \u0625\u0644\u0649 +201120702595: Message: 
Stacktrace:
	GetHandleVerifier [0x00007FF68992CF25+75717]
	GetHandleVerifier [0x00007FF68992CF80+75808]
	(No symbol) [0x00007FF6896F8F9A]
	(No symbol) [0x00007FF68974F4C6]
	(No symbol) [0x00007FF68974F77C]
	(No symbol) [0x00007FF6897A2577]
	(No symbol) [0x00007FF6897773BF]
	(No symbol) [0x00007FF68979F39C]
	(No symbol) [0x00007FF689777153]
	(No symbol) [0x00007FF689740421]
	(No symbol) [0x00007FF6897411B3]
	GetHandleVerifier [0x00007FF689C2D6FD+3223453]
	GetHandleVerifier [0x00007FF689C27CA2+3200322]
	GetHandleVerifier [0x00007FF689C45AD3+3322739]
	GetHandleVerifier [0x00007FF6899469FA+180890]
	GetHandleVerifier [0x00007FF68994E0FF+211359]
	GetHandleVerifier [0x00007FF689935274+109332]
	GetHandleVerifier [0x00007FF689935422+109762]
	GetHandleVerifier [0x00007FF68991BA39+4825]
	BaseThreadInitThunk [0x00007FFDE0AE7374+20]
	RtlUserThreadStart [0x00007FFDE0E5CC91+33]
 — \u0627\u0644\u0645\u062d\u0627\u0648\u0644\u0629 \u0628\u0625\u0639\u0627\u062f\u0629 \u062a\u0634\u063a\u064a\u0644 \u0627\u0644\u062c\u0644\u0633\u0629
2025-06-11 18:27:40,200 ERROR Retry WhatsApp send attempt failed.
2025-06-11 18:27:40,200 ERROR \u274c we couldn`t resend the message +201120702595: Message: 
Stacktrace:
	GetHandleVerifier [0x00007FF68992CF25+75717]
	GetHandleVerifier [0x00007FF68992CF80+75808]
	(No symbol) [0x00007FF6896F8F9A]
	(No symbol) [0x00007FF68974F4C6]
	(No symbol) [0x00007FF68974F77C]
	(No symbol) [0x00007FF6897A2577]
	(No symbol) [0x00007FF6897773BF]
	(No symbol) [0x00007FF68979F39C]
	(No symbol) [0x00007FF689777153]
	(No symbol) [0x00007FF689740421]
	(No symbol) [0x00007FF6897411B3]
	GetHandleVerifier [0x00007FF689C2D6FD+3223453]
	GetHandleVerifier [0x00007FF689C27CA2+3200322]
	GetHandleVerifier [0x00007FF689C45AD3+3322739]
	GetHandleVerifier [0x00007FF6899469FA+180890]
	GetHandleVerifier [0x00007FF68994E0FF+211359]
	GetHandleVerifier [0x00007FF689935274+109332]
	GetHandleVerifier [0x00007FF689935422+109762]
	GetHandleVerifier [0x00007FF68991BA39+4825]
	BaseThreadInitThunk [0x00007FFDE0AE7374+20]
	RtlUserThreadStart [0x00007FFDE0E5CC91+33]

2025-06-11 18:27:40,200 INFO WhatsApp not sent.
2025-06-11 18:27:49,814 INFO \U0001f4e9 \u0623\u0631\u0633\u0644\u0646\u0627 \u0631\u0633\u0627\u0644\u0629 \u0625\u0644\u0649 +201142866980 \u0641\u064a 18:27:49
2025-06-11 18:28:24,045 WARNING Initial WhatsApp send attempt failed.
2025-06-11 18:28:24,045 WARNING \u26a0\ufe0f \u062a\u0639\u0637\u0644 \u0627\u0644\u0625\u0631\u0633\u0627\u0644 \u0625\u0644\u0649 +20112883052: Message: 
Stacktrace:
	GetHandleVerifier [0x00007FF68992CF25+75717]
	GetHandleVerifier [0x00007FF68992CF80+75808]
	(No symbol) [0x00007FF6896F8F9A]
	(No symbol) [0x00007FF68974F4C6]
	(No symbol) [0x00007FF68974F77C]
	(No symbol) [0x00007FF6897A2577]
	(No symbol) [0x00007FF6897773BF]
	(No symbol) [0x00007FF68979F39C]
	(No symbol) [0x00007FF689777153]
	(No symbol) [0x00007FF689740421]
	(No symbol) [0x00007FF6897411B3]
	GetHandleVerifier [0x00007FF689C2D6FD+3223453]
	GetHandleVerifier [0x00007FF689C27CA2+3200322]
	GetHandleVerifier [0x00007FF689C45AD3+3322739]
	GetHandleVerifier [0x00007FF6899469FA+180890]
	GetHandleVerifier [0x00007FF68994E0FF+211359]
	GetHandleVerifier [0x00007FF689935274+109332]
	GetHandleVerifier [0x00007FF689935422+109762]
	GetHandleVerifier [0x00007FF68991BA39+4825]
	BaseThreadInitThunk [0x00007FFDE0AE7374+20]
	RtlUserThreadStart [0x00007FFDE0E5CC91+33]
 — \u0627\u0644\u0645\u062d\u0627\u0648\u0644\u0629 \u0628\u0625\u0639\u0627\u062f\u0629 \u062a\u0634\u063a\u064a\u0644 \u0627\u0644\u062c\u0644\u0633\u0629
2025-06-11 18:28:55,093 ERROR Retry WhatsApp send attempt failed.
2025-06-11 18:28:55,093 ERROR \u274c we couldn`t resend the message +20112883052: Message: 
Stacktrace:
	GetHandleVerifier [0x00007FF68992CF25+75717]
	GetHandleVerifier [0x00007FF68992CF80+75808]
	(No symbol) [0x00007FF6896F8F9A]
	(No symbol) [0x00007FF68974F4C6]
	(No symbol) [0x00007FF68974F77C]
	(No symbol) [0x00007FF6897A2577]
	(No symbol) [0x00007FF6897773BF]
	(No symbol) [0x00007FF68979F39C]
	(No symbol) [0x00007FF689777153]
	(No symbol) [0x00007FF689740421]
	(No symbol) [0x00007FF6897411B3]
	GetHandleVerifier [0x00007FF689C2D6FD+3223453]
	GetHandleVerifier [0x00007FF689C27CA2+3200322]
	GetHandleVerifier [0x00007FF689C45AD3+3322739]
	GetHandleVerifier [0x00007FF6899469FA+180890]
	GetHandleVerifier [0x00007FF68994E0FF+211359]
	GetHandleVerifier [0x00007FF689935274+109332]
	GetHandleVerifier [0x00007FF689935422+109762]
	GetHandleVerifier [0x00007FF68991BA39+4825]
	BaseThreadInitThunk [0x00007FFDE0AE7374+20]
	RtlUserThreadStart [0x00007FFDE0E5CC91+33]

2025-06-11 18:28:55,093 INFO WhatsApp not sent.
2025-06-11 18:29:28,208 WARNING Initial WhatsApp send attempt failed.
2025-06-11 18:29:28,208 WARNING \u26a0\ufe0f \u062a\u0639\u0637\u0644 \u0627\u0644\u0625\u0631\u0633\u0627\u0644 \u0625\u0644\u0649 +201150705744: Message: 
Stacktrace:
	GetHandleVerifier [0x00007FF68992CF25+75717]
	GetHandleVerifier [0x00007FF68992CF80+75808]
	(No symbol) [0x00007FF6896F8F9A]
	(No symbol) [0x00007FF68974F4C6]
	(No symbol) [0x00007FF68974F77C]
	(No symbol) [0x00007FF6897A2577]
	(No symbol) [0x00007FF6897773BF]
	(No symbol) [0x00007FF68979F39C]
	(No symbol) [0x00007FF689777153]
	(No symbol) [0x00007FF689740421]
	(No symbol) [0x00007FF6897411B3]
	GetHandleVerifier [0x00007FF689C2D6FD+3223453]
	GetHandleVerifier [0x00007FF689C27CA2+3200322]
	GetHandleVerifier [0x00007FF689C45AD3+3322739]
	GetHandleVerifier [0x00007FF6899469FA+180890]
	GetHandleVerifier [0x00007FF68994E0FF+211359]
	GetHandleVerifier [0x00007FF689935274+109332]
	GetHandleVerifier [0x00007FF689935422+109762]
	GetHandleVerifier [0x00007FF68991BA39+4825]
	BaseThreadInitThunk [0x00007FFDE0AE7374+20]
	RtlUserThreadStart [0x00007FFDE0E5CC91+33]
 — \u0627\u0644\u0645\u062d\u0627\u0648\u0644\u0629 \u0628\u0625\u0639\u0627\u062f\u0629 \u062a\u0634\u063a\u064a\u0644 \u0627\u0644\u062c\u0644\u0633\u0629
2025-06-11 18:29:59,579 ERROR Retry WhatsApp send attempt failed.
2025-06-11 18:29:59,580 ERROR \u274c we couldn`t resend the message +201150705744: Message: 
Stacktrace:
	GetHandleVerifier [0x00007FF68992CF25+75717]
	GetHandleVerifier [0x00007FF68992CF80+75808]
	(No symbol) [0x00007FF6896F8F9A]
	(No symbol) [0x00007FF68974F4C6]
	(No symbol) [0x00007FF68974F77C]
	(No symbol) [0x00007FF6897A2577]
	(No symbol) [0x00007FF6897773BF]
	(No symbol) [0x00007FF68979F39C]
	(No symbol) [0x00007FF689777153]
	(No symbol) [0x00007FF689740421]
	(No symbol) [0x00007FF6897411B3]
	GetHandleVerifier [0x00007FF689C2D6FD+3223453]
	GetHandleVerifier [0x00007FF689C27CA2+3200322]
	GetHandleVerifier [0x00007FF689C45AD3+3322739]
	GetHandleVerifier [0x00007FF6899469FA+180890]
	GetHandleVerifier [0x00007FF68994E0FF+211359]
	GetHandleVerifier [0x00007FF689935274+109332]
	GetHandleVerifier [0x00007FF689935422+109762]
	GetHandleVerifier [0x00007FF68991BA39+4825]
	BaseThreadInitThunk [0x00007FFDE0AE7374+20]
	RtlUserThreadStart [0x00007FFDE0E5CC91+33]

2025-06-11 18:29:59,580 INFO WhatsApp not sent.
2025-06-11 18:30:32,042 WARNING Initial WhatsApp send attempt failed.
2025-06-11 18:30:32,042 WARNING \u26a0\ufe0f \u062a\u0639\u0637\u0644 \u0627\u0644\u0625\u0631\u0633\u0627\u0644 \u0625\u0644\u0649 +201151049866: Message: 
Stacktrace:
	GetHandleVerifier [0x00007FF68992CF25+75717]
	GetHandleVerifier [0x00007FF68992CF80+75808]
	(No symbol) [0x00007FF6896F8F9A]
	(No symbol) [0x00007FF68974F4C6]
	(No symbol) [0x00007FF68974F77C]
	(No symbol) [0x00007FF6897A2577]
	(No symbol) [0x00007FF6897773BF]
	(No symbol) [0x00007FF68979F39C]
	(No symbol) [0x00007FF689777153]
	(No symbol) [0x00007FF689740421]
	(No symbol) [0x00007FF6897411B3]
	GetHandleVerifier [0x00007FF689C2D6FD+3223453]
	GetHandleVerifier [0x00007FF689C27CA2+3200322]
	GetHandleVerifier [0x00007FF689C45AD3+3322739]
	GetHandleVerifier [0x00007FF6899469FA+180890]
	GetHandleVerifier [0x00007FF68994E0FF+211359]
	GetHandleVerifier [0x00007FF689935274+109332]
	GetHandleVerifier [0x00007FF689935422+109762]
	GetHandleVerifier [0x00007FF68991BA39+4825]
	BaseThreadInitThunk [0x00007FFDE0AE7374+20]
	RtlUserThreadStart [0x00007FFDE0E5CC91+33]
 — \u0627\u0644\u0645\u062d\u0627\u0648\u0644\u0629 \u0628\u0625\u0639\u0627\u062f\u0629 \u062a\u0634\u063a\u064a\u0644 \u0627\u0644\u062c\u0644\u0633\u0629
2025-06-11 18:31:03,626 ERROR Retry WhatsApp send attempt failed.
2025-06-11 18:31:03,626 ERROR \u274c we couldn`t resend the message +201151049866: Message: 
Stacktrace:
	GetHandleVerifier [0x00007FF68992CF25+75717]
	GetHandleVerifier [0x00007FF68992CF80+75808]
	(No symbol) [0x00007FF6896F8F9A]
	(No symbol) [0x00007FF68974F4C6]
	(No symbol) [0x00007FF68974F77C]
	(No symbol) [0x00007FF6897A2577]
	(No symbol) [0x00007FF6897773BF]
	(No symbol) [0x00007FF68979F39C]
	(No symbol) [0x00007FF689777153]
	(No symbol) [0x00007FF689740421]
	(No symbol) [0x00007FF6897411B3]
	GetHandleVerifier [0x00007FF689C2D6FD+3223453]
	GetHandleVerifier [0x00007FF689C27CA2+3200322]
	GetHandleVerifier [0x00007FF689C45AD3+3322739]
	GetHandleVerifier [0x00007FF6899469FA+180890]
	GetHandleVerifier [0x00007FF68994E0FF+211359]
	GetHandleVerifier [0x00007FF689935274+109332]
	GetHandleVerifier [0x00007FF689935422+109762]
	GetHandleVerifier [0x00007FF68991BA39+4825]
	BaseThreadInitThunk [0x00007FFDE0AE7374+20]
	RtlUserThreadStart [0x00007FFDE0E5CC91+33]

2025-06-11 18:31:03,626 INFO WhatsApp not sent.
2025-06-11 18:31:36,107 WARNING Initial WhatsApp send attempt failed.
2025-06-11 18:31:36,107 WARNING \u26a0\ufe0f \u062a\u0639\u0637\u0644 \u0627\u0644\u0625\u0631\u0633\u0627\u0644 \u0625\u0644\u0649 +201103936698: Message: 
Stacktrace:
	GetHandleVerifier [0x00007FF68992CF25+75717]
	GetHandleVerifier [0x00007FF68992CF80+75808]
	(No symbol) [0x00007FF6896F8F9A]
	(No symbol) [0x00007FF68974F4C6]
	(No symbol) [0x00007FF68974F77C]
	(No symbol) [0x00007FF6897A2577]
	(No symbol) [0x00007FF6897773BF]
	(No symbol) [0x00007FF68979F39C]
	(No symbol) [0x00007FF689777153]
	(No symbol) [0x00007FF689740421]
	(No symbol) [0x00007FF6897411B3]
	GetHandleVerifier [0x00007FF689C2D6FD+3223453]
	GetHandleVerifier [0x00007FF689C27CA2+3200322]
	GetHandleVerifier [0x00007FF689C45AD3+3322739]
	GetHandleVerifier [0x00007FF6899469FA+180890]
	GetHandleVerifier [0x00007FF68994E0FF+211359]
	GetHandleVerifier [0x00007FF689935274+109332]
	GetHandleVerifier [0x00007FF689935422+109762]
	GetHandleVerifier [0x00007FF68991BA39+4825]
	BaseThreadInitThunk [0x00007FFDE0AE7374+20]
	RtlUserThreadStart [0x00007FFDE0E5CC91+33]
 — \u0627\u0644\u0645\u062d\u0627\u0648\u0644\u0629 \u0628\u0625\u0639\u0627\u062f\u0629 \u062a\u0634\u063a\u064a\u0644 \u0627\u0644\u062c\u0644\u0633\u0629
2025-06-11 18:32:07,629 ERROR Retry WhatsApp send attempt failed.
2025-06-11 18:32:07,629 ERROR \u274c we couldn`t resend the message +201103936698: Message: 
Stacktrace:
	GetHandleVerifier [0x00007FF68992CF25+75717]
	GetHandleVerifier [0x00007FF68992CF80+75808]
	(No symbol) [0x00007FF6896F8F9A]
	(No symbol) [0x00007FF68974F4C6]
	(No symbol) [0x00007FF68974F77C]
	(No symbol) [0x00007FF6897A2577]
	(No symbol) [0x00007FF6897773BF]
	(No symbol) [0x00007FF68979F39C]
	(No symbol) [0x00007FF689777153]
	(No symbol) [0x00007FF689740421]
	(No symbol) [0x00007FF6897411B3]
	GetHandleVerifier [0x00007FF689C2D6FD+3223453]
	GetHandleVerifier [0x00007FF689C27CA2+3200322]
	GetHandleVerifier [0x00007FF689C45AD3+3322739]
	GetHandleVerifier [0x00007FF6899469FA+180890]
	GetHandleVerifier [0x00007FF68994E0FF+211359]
	GetHandleVerifier [0x00007FF689935274+109332]
	GetHandleVerifier [0x00007FF689935422+109762]
	GetHandleVerifier [0x00007FF68991BA39+4825]
	BaseThreadInitThunk [0x00007FFDE0AE7374+20]
	RtlUserThreadStart [0x00007FFDE0E5CC91+33]

2025-06-11 18:32:07,629 INFO WhatsApp not sent.
2025-06-11 18:32:40,168 WARNING Initial WhatsApp send attempt failed.
2025-06-11 18:32:40,168 WARNING \u26a0\ufe0f \u062a\u0639\u0637\u0644 \u0627\u0644\u0625\u0631\u0633\u0627\u0644 \u0625\u0644\u0649 +201120799288: Message: 
Stacktrace:
	GetHandleVerifier [0x00007FF68992CF25+75717]
	GetHandleVerifier [0x00007FF68992CF80+75808]
	(No symbol) [0x00007FF6896F8F9A]
	(No symbol) [0x00007FF68974F4C6]
	(No symbol) [0x00007FF68974F77C]
	(No symbol) [0x00007FF6897A2577]
	(No symbol) [0x00007FF6897773BF]
	(No symbol) [0x00007FF68979F39C]
	(No symbol) [0x00007FF689777153]
	(No symbol) [0x00007FF689740421]
	(No symbol) [0x00007FF6897411B3]
	GetHandleVerifier [0x00007FF689C2D6FD+3223453]
	GetHandleVerifier [0x00007FF689C27CA2+3200322]
	GetHandleVerifier [0x00007FF689C45AD3+3322739]
	GetHandleVerifier [0x00007FF6899469FA+180890]
	GetHandleVerifier [0x00007FF68994E0FF+211359]
	GetHandleVerifier [0x00007FF689935274+109332]
	GetHandleVerifier [0x00007FF689935422+109762]
	GetHandleVerifier [0x00007FF68991BA39+4825]
	BaseThreadInitThunk [0x00007FFDE0AE7374+20]
	RtlUserThreadStart [0x00007FFDE0E5CC91+33]
 — \u0627\u0644\u0645\u062d\u0627\u0648\u0644\u0629 \u0628\u0625\u0639\u0627\u062f\u0629 \u062a\u0634\u063a\u064a\u0644 \u0627\u0644\u062c\u0644\u0633\u0629
2025-06-11 18:33:11,852 ERROR Retry WhatsApp send attempt failed.
2025-06-11 18:33:11,852 ERROR \u274c we couldn`t resend the message +201120799288: Message: 
Stacktrace:
	GetHandleVerifier [0x00007FF68992CF25+75717]
	GetHandleVerifier [0x00007FF68992CF80+75808]
	(No symbol) [0x00007FF6896F8F9A]
	(No symbol) [0x00007FF68974F4C6]
	(No symbol) [0x00007FF68974F77C]
	(No symbol) [0x00007FF6897A2577]
	(No symbol) [0x00007FF6897773BF]
	(No symbol) [0x00007FF68979F39C]
	(No symbol) [0x00007FF689777153]
	(No symbol) [0x00007FF689740421]
	(No symbol) [0x00007FF6897411B3]
	GetHandleVerifier [0x00007FF689C2D6FD+3223453]
	GetHandleVerifier [0x00007FF689C27CA2+3200322]
	GetHandleVerifier [0x00007FF689C45AD3+3322739]
	GetHandleVerifier [0x00007FF6899469FA+180890]
	GetHandleVerifier [0x00007FF68994E0FF+211359]
	GetHandleVerifier [0x00007FF689935274+109332]
	GetHandleVerifier [0x00007FF689935422+109762]
	GetHandleVerifier [0x00007FF68991BA39+4825]
	BaseThreadInitThunk [0x00007FFDE0AE7374+20]
	RtlUserThreadStart [0x00007FFDE0E5CC91+33]

2025-06-11 18:33:11,853 INFO WhatsApp not sent.
2025-06-11 18:33:44,405 WARNING Initial WhatsApp send attempt failed.
2025-06-11 18:33:44,405 WARNING \u26a0\ufe0f \u062a\u0639\u0637\u0644 \u0627\u0644\u0625\u0631\u0633\u0627\u0644 \u0625\u0644\u0649 +201120702595: Message: 
Stacktrace:
	GetHandleVerifier [0x00007FF68992CF25+75717]
	GetHandleVerifier [0x00007FF68992CF80+75808]
	(No symbol) [0x00007FF6896F8F9A]
	(No symbol) [0x00007FF68974F4C6]
	(No symbol) [0x00007FF68974F77C]
	(No symbol) [0x00007FF6897A2577]
	(No symbol) [0x00007FF6897773BF]
	(No symbol) [0x00007FF68979F39C]
	(No symbol) [0x00007FF689777153]
	(No symbol) [0x00007FF689740421]
	(No symbol) [0x00007FF6897411B3]
	GetHandleVerifier [0x00007FF689C2D6FD+3223453]
	GetHandleVerifier [0x00007FF689C27CA2+3200322]
	GetHandleVerifier [0x00007FF689C45AD3+3322739]
	GetHandleVerifier [0x00007FF6899469FA+180890]
	GetHandleVerifier [0x00007FF68994E0FF+211359]
	GetHandleVerifier [0x00007FF689935274+109332]
	GetHandleVerifier [0x00007FF689935422+109762]
	GetHandleVerifier [0x00007FF68991BA39+4825]
	BaseThreadInitThunk [0x00007FFDE0AE7374+20]
	RtlUserThreadStart [0x00007FFDE0E5CC91+33]
 — \u0627\u0644\u0645\u062d\u0627\u0648\u0644\u0629 \u0628\u0625\u0639\u0627\u062f\u0629 \u062a\u0634\u063a\u064a\u0644 \u0627\u0644\u062c\u0644\u0633\u0629
2025-06-11 18:34:15,926 ERROR Retry WhatsApp send attempt failed.
2025-06-11 18:34:15,927 ERROR \u274c we couldn`t resend the message +201120702595: Message: 
Stacktrace:
	GetHandleVerifier [0x00007FF68992CF25+75717]
	GetHandleVerifier [0x00007FF68992CF80+75808]
	(No symbol) [0x00007FF6896F8F9A]
	(No symbol) [0x00007FF68974F4C6]
	(No symbol) [0x00007FF68974F77C]
	(No symbol) [0x00007FF6897A2577]
	(No symbol) [0x00007FF6897773BF]
	(No symbol) [0x00007FF68979F39C]
	(No symbol) [0x00007FF689777153]
	(No symbol) [0x00007FF689740421]
	(No symbol) [0x00007FF6897411B3]
	GetHandleVerifier [0x00007FF689C2D6FD+3223453]
	GetHandleVerifier [0x00007FF689C27CA2+3200322]
	GetHandleVerifier [0x00007FF689C45AD3+3322739]
	GetHandleVerifier [0x00007FF6899469FA+180890]
	GetHandleVerifier [0x00007FF68994E0FF+211359]
	GetHandleVerifier [0x00007FF689935274+109332]
	GetHandleVerifier [0x00007FF689935422+109762]
	GetHandleVerifier [0x00007FF68991BA39+4825]
	BaseThreadInitThunk [0x00007FFDE0AE7374+20]
	RtlUserThreadStart [0x00007FFDE0E5CC91+33]

2025-06-11 18:34:15,927 INFO WhatsApp not sent.
2025-06-11 18:34:48,306 WARNING Initial WhatsApp send attempt failed.
2025-06-11 18:34:48,307 WARNING \u26a0\ufe0f \u062a\u0639\u0637\u0644 \u0627\u0644\u0625\u0631\u0633\u0627\u0644 \u0625\u0644\u0649 +201141913650: Message: 
Stacktrace:
	GetHandleVerifier [0x00007FF68992CF25+75717]
	GetHandleVerifier [0x00007FF68992CF80+75808]
	(No symbol) [0x00007FF6896F8F9A]
	(No symbol) [0x00007FF68974F4C6]
	(No symbol) [0x00007FF68974F77C]
	(No symbol) [0x00007FF6897A2577]
	(No symbol) [0x00007FF6897773BF]
	(No symbol) [0x00007FF68979F39C]
	(No symbol) [0x00007FF689777153]
	(No symbol) [0x00007FF689740421]
	(No symbol) [0x00007FF6897411B3]
	GetHandleVerifier [0x00007FF689C2D6FD+3223453]
	GetHandleVerifier [0x00007FF689C27CA2+3200322]
	GetHandleVerifier [0x00007FF689C45AD3+3322739]
	GetHandleVerifier [0x00007FF6899469FA+180890]
	GetHandleVerifier [0x00007FF68994E0FF+211359]
	GetHandleVerifier [0x00007FF689935274+109332]
	GetHandleVerifier [0x00007FF689935422+109762]
	GetHandleVerifier [0x00007FF68991BA39+4825]
	BaseThreadInitThunk [0x00007FFDE0AE7374+20]
	RtlUserThreadStart [0x00007FFDE0E5CC91+33]
 — \u0627\u0644\u0645\u062d\u0627\u0648\u0644\u0629 \u0628\u0625\u0639\u0627\u062f\u0629 \u062a\u0634\u063a\u064a\u0644 \u0627\u0644\u062c\u0644\u0633\u0629
2025-06-11 18:35:19,985 ERROR Retry WhatsApp send attempt failed.
2025-06-11 18:35:19,985 ERROR \u274c we couldn`t resend the message +201141913650: Message: 
Stacktrace:
	GetHandleVerifier [0x00007FF68992CF25+75717]
	GetHandleVerifier [0x00007FF68992CF80+75808]
	(No symbol) [0x00007FF6896F8F9A]
	(No symbol) [0x00007FF68974F4C6]
	(No symbol) [0x00007FF68974F77C]
	(No symbol) [0x00007FF6897A2577]
	(No symbol) [0x00007FF6897773BF]
	(No symbol) [0x00007FF68979F39C]
	(No symbol) [0x00007FF689777153]
	(No symbol) [0x00007FF689740421]
	(No symbol) [0x00007FF6897411B3]
	GetHandleVerifier [0x00007FF689C2D6FD+3223453]
	GetHandleVerifier [0x00007FF689C27CA2+3200322]
	GetHandleVerifier [0x00007FF689C45AD3+3322739]
	GetHandleVerifier [0x00007FF6899469FA+180890]
	GetHandleVerifier [0x00007FF68994E0FF+211359]
	GetHandleVerifier [0x00007FF689935274+109332]
	GetHandleVerifier [0x00007FF689935422+109762]
	GetHandleVerifier [0x00007FF68991BA39+4825]
	BaseThreadInitThunk [0x00007FFDE0AE7374+20]
	RtlUserThreadStart [0x00007FFDE0E5CC91+33]

2025-06-11 18:35:19,985 INFO WhatsApp not sent.
2025-06-11 18:35:52,399 WARNING Initial WhatsApp send attempt failed.
2025-06-11 18:35:52,400 WARNING \u26a0\ufe0f \u062a\u0639\u0637\u0644 \u0627\u0644\u0625\u0631\u0633\u0627\u0644 \u0625\u0644\u0649 +201097152101: Message: 
Stacktrace:
	GetHandleVerifier [0x00007FF68992CF25+75717]
	GetHandleVerifier [0x00007FF68992CF80+75808]
	(No symbol) [0x00007FF6896F8F9A]
	(No symbol) [0x00007FF68974F4C6]
	(No symbol) [0x00007FF68974F77C]
	(No symbol) [0x00007FF6897A2577]
	(No symbol) [0x00007FF6897773BF]
	(No symbol) [0x00007FF68979F39C]
	(No symbol) [0x00007FF689777153]
	(No symbol) [0x00007FF689740421]
	(No symbol) [0x00007FF6897411B3]
	GetHandleVerifier [0x00007FF689C2D6FD+3223453]
	GetHandleVerifier [0x00007FF689C27CA2+3200322]
	GetHandleVerifier [0x00007FF689C45AD3+3322739]
	GetHandleVerifier [0x00007FF6899469FA+180890]
	GetHandleVerifier [0x00007FF68994E0FF+211359]
	GetHandleVerifier [0x00007FF689935274+109332]
	GetHandleVerifier [0x00007FF689935422+109762]
	GetHandleVerifier [0x00007FF68991BA39+4825]
	BaseThreadInitThunk [0x00007FFDE0AE7374+20]
	RtlUserThreadStart [0x00007FFDE0E5CC91+33]
 — \u0627\u0644\u0645\u062d\u0627\u0648\u0644\u0629 \u0628\u0625\u0639\u0627\u062f\u0629 \u062a\u0634\u063a\u064a\u0644 \u0627\u0644\u062c\u0644\u0633\u0629
2025-06-11 18:36:23,628 ERROR Retry WhatsApp send attempt failed.
2025-06-11 18:36:23,629 ERROR \u274c we couldn`t resend the message +201097152101: Message: 
Stacktrace:
	GetHandleVerifier [0x00007FF68992CF25+75717]
	GetHandleVerifier [0x00007FF68992CF80+75808]
	(No symbol) [0x00007FF6896F8F9A]
	(No symbol) [0x00007FF68974F4C6]
	(No symbol) [0x00007FF68974F77C]
	(No symbol) [0x00007FF6897A2577]
	(No symbol) [0x00007FF6897773BF]
	(No symbol) [0x00007FF68979F39C]
	(No symbol) [0x00007FF689777153]
	(No symbol) [0x00007FF689740421]
	(No symbol) [0x00007FF6897411B3]
	GetHandleVerifier [0x00007FF689C2D6FD+3223453]
	GetHandleVerifier [0x00007FF689C27CA2+3200322]
	GetHandleVerifier [0x00007FF689C45AD3+3322739]
	GetHandleVerifier [0x00007FF6899469FA+180890]
	GetHandleVerifier [0x00007FF68994E0FF+211359]
	GetHandleVerifier [0x00007FF689935274+109332]
	GetHandleVerifier [0x00007FF689935422+109762]
	GetHandleVerifier [0x00007FF68991BA39+4825]
	BaseThreadInitThunk [0x00007FFDE0AE7374+20]
	RtlUserThreadStart [0x00007FFDE0E5CC91+33]

2025-06-11 18:36:23,629 INFO WhatsApp not sent.
2025-06-11 18:36:56,006 WARNING Initial WhatsApp send attempt failed.
2025-06-11 18:36:56,007 WARNING \u26a0\ufe0f \u062a\u0639\u0637\u0644 \u0627\u0644\u0625\u0631\u0633\u0627\u0644 \u0625\u0644\u0649 +201116938236: Message: 
Stacktrace:
	GetHandleVerifier [0x00007FF68992CF25+75717]
	GetHandleVerifier [0x00007FF68992CF80+75808]
	(No symbol) [0x00007FF6896F8F9A]
	(No symbol) [0x00007FF68974F4C6]
	(No symbol) [0x00007FF68974F77C]
	(No symbol) [0x00007FF6897A2577]
	(No symbol) [0x00007FF6897773BF]
	(No symbol) [0x00007FF68979F39C]
	(No symbol) [0x00007FF689777153]
	(No symbol) [0x00007FF689740421]
	(No symbol) [0x00007FF6897411B3]
	GetHandleVerifier [0x00007FF689C2D6FD+3223453]
	GetHandleVerifier [0x00007FF689C27CA2+3200322]
	GetHandleVerifier [0x00007FF689C45AD3+3322739]
	GetHandleVerifier [0x00007FF6899469FA+180890]
	GetHandleVerifier [0x00007FF68994E0FF+211359]
	GetHandleVerifier [0x00007FF689935274+109332]
	GetHandleVerifier [0x00007FF689935422+109762]
	GetHandleVerifier [0x00007FF68991BA39+4825]
	BaseThreadInitThunk [0x00007FFDE0AE7374+20]
	RtlUserThreadStart [0x00007FFDE0E5CC91+33]
 — \u0627\u0644\u0645\u062d\u0627\u0648\u0644\u0629 \u0628\u0625\u0639\u0627\u062f\u0629 \u062a\u0634\u063a\u064a\u0644 \u0627\u0644\u062c\u0644\u0633\u0629
2025-06-11 18:37:27,221 ERROR Retry WhatsApp send attempt failed.
2025-06-11 18:37:27,221 ERROR \u274c we couldn`t resend the message +201116938236: Message: 
Stacktrace:
	GetHandleVerifier [0x00007FF68992CF25+75717]
	GetHandleVerifier [0x00007FF68992CF80+75808]
	(No symbol) [0x00007FF6896F8F9A]
	(No symbol) [0x00007FF68974F4C6]
	(No symbol) [0x00007FF68974F77C]
	(No symbol) [0x00007FF6897A2577]
	(No symbol) [0x00007FF6897773BF]
	(No symbol) [0x00007FF68979F39C]
	(No symbol) [0x00007FF689777153]
	(No symbol) [0x00007FF689740421]
	(No symbol) [0x00007FF6897411B3]
	GetHandleVerifier [0x00007FF689C2D6FD+3223453]
	GetHandleVerifier [0x00007FF689C27CA2+3200322]
	GetHandleVerifier [0x00007FF689C45AD3+3322739]
	GetHandleVerifier [0x00007FF6899469FA+180890]
	GetHandleVerifier [0x00007FF68994E0FF+211359]
	GetHandleVerifier [0x00007FF689935274+109332]
	GetHandleVerifier [0x00007FF689935422+109762]
	GetHandleVerifier [0x00007FF68991BA39+4825]
	BaseThreadInitThunk [0x00007FFDE0AE7374+20]
	RtlUserThreadStart [0x00007FFDE0E5CC91+33]

2025-06-11 18:37:27,221 INFO WhatsApp not sent.
2025-06-11 18:37:59,863 WARNING Initial WhatsApp send attempt failed.
2025-06-11 18:37:59,863 WARNING \u26a0\ufe0f \u062a\u0639\u0637\u0644 \u0627\u0644\u0625\u0631\u0633\u0627\u0644 \u0625\u0644\u0649 +201116938236: Message: 
Stacktrace:
	GetHandleVerifier [0x00007FF68992CF25+75717]
	GetHandleVerifier [0x00007FF68992CF80+75808]
	(No symbol) [0x00007FF6896F8F9A]
	(No symbol) [0x00007FF68974F4C6]
	(No symbol) [0x00007FF68974F77C]
	(No symbol) [0x00007FF6897A2577]
	(No symbol) [0x00007FF6897773BF]
	(No symbol) [0x00007FF68979F39C]
	(No symbol) [0x00007FF689777153]
	(No symbol) [0x00007FF689740421]
	(No symbol) [0x00007FF6897411B3]
	GetHandleVerifier [0x00007FF689C2D6FD+3223453]
	GetHandleVerifier [0x00007FF689C27CA2+3200322]
	GetHandleVerifier [0x00007FF689C45AD3+3322739]
	GetHandleVerifier [0x00007FF6899469FA+180890]
	GetHandleVerifier [0x00007FF68994E0FF+211359]
	GetHandleVerifier [0x00007FF689935274+109332]
	GetHandleVerifier [0x00007FF689935422+109762]
	GetHandleVerifier [0x00007FF68991BA39+4825]
	BaseThreadInitThunk [0x00007FFDE0AE7374+20]
	RtlUserThreadStart [0x00007FFDE0E5CC91+33]
 — \u0627\u0644\u0645\u062d\u0627\u0648\u0644\u0629 \u0628\u0625\u0639\u0627\u062f\u0629 \u062a\u0634\u063a\u064a\u0644 \u0627\u0644\u062c\u0644\u0633\u0629
2025-06-11 18:38:31,565 ERROR Retry WhatsApp send attempt failed.
2025-06-11 18:38:31,565 ERROR \u274c we couldn`t resend the message +201116938236: Message: 
Stacktrace:
	GetHandleVerifier [0x00007FF68992CF25+75717]
	GetHandleVerifier [0x00007FF68992CF80+75808]
	(No symbol) [0x00007FF6896F8F9A]
	(No symbol) [0x00007FF68974F4C6]
	(No symbol) [0x00007FF68974F77C]
	(No symbol) [0x00007FF6897A2577]
	(No symbol) [0x00007FF6897773BF]
	(No symbol) [0x00007FF68979F39C]
	(No symbol) [0x00007FF689777153]
	(No symbol) [0x00007FF689740421]
	(No symbol) [0x00007FF6897411B3]
	GetHandleVerifier [0x00007FF689C2D6FD+3223453]
	GetHandleVerifier [0x00007FF689C27CA2+3200322]
	GetHandleVerifier [0x00007FF689C45AD3+3322739]
	GetHandleVerifier [0x00007FF6899469FA+180890]
	GetHandleVerifier [0x00007FF68994E0FF+211359]
	GetHandleVerifier [0x00007FF689935274+109332]
	GetHandleVerifier [0x00007FF689935422+109762]
	GetHandleVerifier [0x00007FF68991BA39+4825]
	BaseThreadInitThunk [0x00007FFDE0AE7374+20]
	RtlUserThreadStart [0x00007FFDE0E5CC91+33]

2025-06-11 18:38:31,565 INFO WhatsApp not sent.
2025-06-11 18:39:04,234 WARNING Initial WhatsApp send attempt failed.
2025-06-11 18:39:04,234 WARNING \u26a0\ufe0f \u062a\u0639\u0637\u0644 \u0627\u0644\u0625\u0631\u0633\u0627\u0644 \u0625\u0644\u0649 +201143889563: Message: 
Stacktrace:
	GetHandleVerifier [0x00007FF68992CF25+75717]
	GetHandleVerifier [0x00007FF68992CF80+75808]
	(No symbol) [0x00007FF6896F8F9A]
	(No symbol) [0x00007FF68974F4C6]
	(No symbol) [0x00007FF68974F77C]
	(No symbol) [0x00007FF6897A2577]
	(No symbol) [0x00007FF6897773BF]
	(No symbol) [0x00007FF68979F39C]
	(No symbol) [0x00007FF689777153]
	(No symbol) [0x00007FF689740421]
	(No symbol) [0x00007FF6897411B3]
	GetHandleVerifier [0x00007FF689C2D6FD+3223453]
	GetHandleVerifier [0x00007FF689C27CA2+3200322]
	GetHandleVerifier [0x00007FF689C45AD3+3322739]
	GetHandleVerifier [0x00007FF6899469FA+180890]
	GetHandleVerifier [0x00007FF68994E0FF+211359]
	GetHandleVerifier [0x00007FF689935274+109332]
	GetHandleVerifier [0x00007FF689935422+109762]
	GetHandleVerifier [0x00007FF68991BA39+4825]
	BaseThreadInitThunk [0x00007FFDE0AE7374+20]
	RtlUserThreadStart [0x00007FFDE0E5CC91+33]
 — \u0627\u0644\u0645\u062d\u0627\u0648\u0644\u0629 \u0628\u0625\u0639\u0627\u062f\u0629 \u062a\u0634\u063a\u064a\u0644 \u0627\u0644\u062c\u0644\u0633\u0629
2025-06-11 18:39:35,783 ERROR Retry WhatsApp send attempt failed.
2025-06-11 18:39:35,784 ERROR \u274c we couldn`t resend the message +201143889563: Message: 
Stacktrace:
	GetHandleVerifier [0x00007FF68992CF25+75717]
	GetHandleVerifier [0x00007FF68992CF80+75808]
	(No symbol) [0x00007FF6896F8F9A]
	(No symbol) [0x00007FF68974F4C6]
	(No symbol) [0x00007FF68974F77C]
	(No symbol) [0x00007FF6897A2577]
	(No symbol) [0x00007FF6897773BF]
	(No symbol) [0x00007FF68979F39C]
	(No symbol) [0x00007FF689777153]
	(No symbol) [0x00007FF689740421]
	(No symbol) [0x00007FF6897411B3]
	GetHandleVerifier [0x00007FF689C2D6FD+3223453]
	GetHandleVerifier [0x00007FF689C27CA2+3200322]
	GetHandleVerifier [0x00007FF689C45AD3+3322739]
	GetHandleVerifier [0x00007FF6899469FA+180890]
	GetHandleVerifier [0x00007FF68994E0FF+211359]
	GetHandleVerifier [0x00007FF689935274+109332]
	GetHandleVerifier [0x00007FF689935422+109762]
	GetHandleVerifier [0x00007FF68991BA39+4825]
	BaseThreadInitThunk [0x00007FFDE0AE7374+20]
	RtlUserThreadStart [0x00007FFDE0E5CC91+33]

2025-06-11 18:39:35,784 INFO WhatsApp not sent.
2025-06-11 18:40:08,401 WARNING Initial WhatsApp send attempt failed.
2025-06-11 18:40:08,401 WARNING \u26a0\ufe0f \u062a\u0639\u0637\u0644 \u0627\u0644\u0625\u0631\u0633\u0627\u0644 \u0625\u0644\u0649 +201120050871: Message: 
Stacktrace:
	GetHandleVerifier [0x00007FF68992CF25+75717]
	GetHandleVerifier [0x00007FF68992CF80+75808]
	(No symbol) [0x00007FF6896F8F9A]
	(No symbol) [0x00007FF68974F4C6]
	(No symbol) [0x00007FF68974F77C]
	(No symbol) [0x00007FF6897A2577]
	(No symbol) [0x00007FF6897773BF]
	(No symbol) [0x00007FF68979F39C]
	(No symbol) [0x00007FF689777153]
	(No symbol) [0x00007FF689740421]
	(No symbol) [0x00007FF6897411B3]
	GetHandleVerifier [0x00007FF689C2D6FD+3223453]
	GetHandleVerifier [0x00007FF689C27CA2+3200322]
	GetHandleVerifier [0x00007FF689C45AD3+3322739]
	GetHandleVerifier [0x00007FF6899469FA+180890]
	GetHandleVerifier [0x00007FF68994E0FF+211359]
	GetHandleVerifier [0x00007FF689935274+109332]
	GetHandleVerifier [0x00007FF689935422+109762]
	GetHandleVerifier [0x00007FF68991BA39+4825]
	BaseThreadInitThunk [0x00007FFDE0AE7374+20]
	RtlUserThreadStart [0x00007FFDE0E5CC91+33]
 — \u0627\u0644\u0645\u062d\u0627\u0648\u0644\u0629 \u0628\u0625\u0639\u0627\u062f\u0629 \u062a\u0634\u063a\u064a\u0644 \u0627\u0644\u062c\u0644\u0633\u0629
2025-06-11 18:40:39,932 ERROR Retry WhatsApp send attempt failed.
2025-06-11 18:40:39,932 ERROR \u274c we couldn`t resend the message +201120050871: Message: 
Stacktrace:
	GetHandleVerifier [0x00007FF68992CF25+75717]
	GetHandleVerifier [0x00007FF68992CF80+75808]
	(No symbol) [0x00007FF6896F8F9A]
	(No symbol) [0x00007FF68974F4C6]
	(No symbol) [0x00007FF68974F77C]
	(No symbol) [0x00007FF6897A2577]
	(No symbol) [0x00007FF6897773BF]
	(No symbol) [0x00007FF68979F39C]
	(No symbol) [0x00007FF689777153]
	(No symbol) [0x00007FF689740421]
	(No symbol) [0x00007FF6897411B3]
	GetHandleVerifier [0x00007FF689C2D6FD+3223453]
	GetHandleVerifier [0x00007FF689C27CA2+3200322]
	GetHandleVerifier [0x00007FF689C45AD3+3322739]
	GetHandleVerifier [0x00007FF6899469FA+180890]
	GetHandleVerifier [0x00007FF68994E0FF+211359]
	GetHandleVerifier [0x00007FF689935274+109332]
	GetHandleVerifier [0x00007FF689935422+109762]
	GetHandleVerifier [0x00007FF68991BA39+4825]
	BaseThreadInitThunk [0x00007FFDE0AE7374+20]
	RtlUserThreadStart [0x00007FFDE0E5CC91+33]

2025-06-11 18:40:39,932 INFO WhatsApp not sent.
2025-06-11 18:41:12,383 WARNING Initial WhatsApp send attempt failed.
2025-06-11 18:41:12,384 WARNING \u26a0\ufe0f \u062a\u0639\u0637\u0644 \u0627\u0644\u0625\u0631\u0633\u0627\u0644 \u0625\u0644\u0649 +201100768337: Message: 
Stacktrace:
	GetHandleVerifier [0x00007FF68992CF25+75717]
	GetHandleVerifier [0x00007FF68992CF80+75808]
	(No symbol) [0x00007FF6896F8F9A]
	(No symbol) [0x00007FF68974F4C6]
	(No symbol) [0x00007FF68974F77C]
	(No symbol) [0x00007FF6897A2577]
	(No symbol) [0x00007FF6897773BF]
	(No symbol) [0x00007FF68979F39C]
	(No symbol) [0x00007FF689777153]
	(No symbol) [0x00007FF689740421]
	(No symbol) [0x00007FF6897411B3]
	GetHandleVerifier [0x00007FF689C2D6FD+3223453]
	GetHandleVerifier [0x00007FF689C27CA2+3200322]
	GetHandleVerifier [0x00007FF689C45AD3+3322739]
	GetHandleVerifier [0x00007FF6899469FA+180890]
	GetHandleVerifier [0x00007FF68994E0FF+211359]
	GetHandleVerifier [0x00007FF689935274+109332]
	GetHandleVerifier [0x00007FF689935422+109762]
	GetHandleVerifier [0x00007FF68991BA39+4825]
	BaseThreadInitThunk [0x00007FFDE0AE7374+20]
	RtlUserThreadStart [0x00007FFDE0E5CC91+33]
 — \u0627\u0644\u0645\u062d\u0627\u0648\u0644\u0629 \u0628\u0625\u0639\u0627\u062f\u0629 \u062a\u0634\u063a\u064a\u0644 \u0627\u0644\u062c\u0644\u0633\u0629
2025-06-11 18:41:43,639 ERROR Retry WhatsApp send attempt failed.
2025-06-11 18:41:43,640 ERROR \u274c we couldn`t resend the message +201100768337: Message: 
Stacktrace:
	GetHandleVerifier [0x00007FF68992CF25+75717]
	GetHandleVerifier [0x00007FF68992CF80+75808]
	(No symbol) [0x00007FF6896F8F9A]
	(No symbol) [0x00007FF68974F4C6]
	(No symbol) [0x00007FF68974F77C]
	(No symbol) [0x00007FF6897A2577]
	(No symbol) [0x00007FF6897773BF]
	(No symbol) [0x00007FF68979F39C]
	(No symbol) [0x00007FF689777153]
	(No symbol) [0x00007FF689740421]
	(No symbol) [0x00007FF6897411B3]
	GetHandleVerifier [0x00007FF689C2D6FD+3223453]
	GetHandleVerifier [0x00007FF689C27CA2+3200322]
	GetHandleVerifier [0x00007FF689C45AD3+3322739]
	GetHandleVerifier [0x00007FF6899469FA+180890]
	GetHandleVerifier [0x00007FF68994E0FF+211359]
	GetHandleVerifier [0x00007FF689935274+109332]
	GetHandleVerifier [0x00007FF689935422+109762]
	GetHandleVerifier [0x00007FF68991BA39+4825]
	BaseThreadInitThunk [0x00007FFDE0AE7374+20]
	RtlUserThreadStart [0x00007FFDE0E5CC91+33]

2025-06-11 18:41:43,640 INFO WhatsApp not sent.
2025-06-11 18:42:16,139 WARNING Initial WhatsApp send attempt failed.
2025-06-11 18:42:16,139 WARNING \u26a0\ufe0f \u062a\u0639\u0637\u0644 \u0627\u0644\u0625\u0631\u0633\u0627\u0644 \u0625\u0644\u0649 +201100939246: Message: 
Stacktrace:
	GetHandleVerifier [0x00007FF68992CF25+75717]
	GetHandleVerifier [0x00007FF68992CF80+75808]
	(No symbol) [0x00007FF6896F8F9A]
	(No symbol) [0x00007FF68974F4C6]
	(No symbol) [0x00007FF68974F77C]
	(No symbol) [0x00007FF6897A2577]
	(No symbol) [0x00007FF6897773BF]
	(No symbol) [0x00007FF68979F39C]
	(No symbol) [0x00007FF689777153]
	(No symbol) [0x00007FF689740421]
	(No symbol) [0x00007FF6897411B3]
	GetHandleVerifier [0x00007FF689C2D6FD+3223453]
	GetHandleVerifier [0x00007FF689C27CA2+3200322]
	GetHandleVerifier [0x00007FF689C45AD3+3322739]
	GetHandleVerifier [0x00007FF6899469FA+180890]
	GetHandleVerifier [0x00007FF68994E0FF+211359]
	GetHandleVerifier [0x00007FF689935274+109332]
	GetHandleVerifier [0x00007FF689935422+109762]
	GetHandleVerifier [0x00007FF68991BA39+4825]
	BaseThreadInitThunk [0x00007FFDE0AE7374+20]
	RtlUserThreadStart [0x00007FFDE0E5CC91+33]
 — \u0627\u0644\u0645\u062d\u0627\u0648\u0644\u0629 \u0628\u0625\u0639\u0627\u062f\u0629 \u062a\u0634\u063a\u064a\u0644 \u0627\u0644\u062c\u0644\u0633\u0629
2025-06-11 18:42:47,327 ERROR Retry WhatsApp send attempt failed.
2025-06-11 18:42:47,327 ERROR \u274c we couldn`t resend the message +201100939246: Message: 
Stacktrace:
	GetHandleVerifier [0x00007FF68992CF25+75717]
	GetHandleVerifier [0x00007FF68992CF80+75808]
	(No symbol) [0x00007FF6896F8F9A]
	(No symbol) [0x00007FF68974F4C6]
	(No symbol) [0x00007FF68974F77C]
	(No symbol) [0x00007FF6897A2577]
	(No symbol) [0x00007FF6897773BF]
	(No symbol) [0x00007FF68979F39C]
	(No symbol) [0x00007FF689777153]
	(No symbol) [0x00007FF689740421]
	(No symbol) [0x00007FF6897411B3]
	GetHandleVerifier [0x00007FF689C2D6FD+3223453]
	GetHandleVerifier [0x00007FF689C27CA2+3200322]
	GetHandleVerifier [0x00007FF689C45AD3+3322739]
	GetHandleVerifier [0x00007FF6899469FA+180890]
	GetHandleVerifier [0x00007FF68994E0FF+211359]
	GetHandleVerifier [0x00007FF689935274+109332]
	GetHandleVerifier [0x00007FF689935422+109762]
	GetHandleVerifier [0x00007FF68991BA39+4825]
	BaseThreadInitThunk [0x00007FFDE0AE7374+20]
	RtlUserThreadStart [0x00007FFDE0E5CC91+33]

2025-06-11 18:42:47,327 INFO WhatsApp not sent.
2025-06-11 18:43:20,017 WARNING Initial WhatsApp send attempt failed.
2025-06-11 18:43:20,017 WARNING \u26a0\ufe0f \u062a\u0639\u0637\u0644 \u0627\u0644\u0625\u0631\u0633\u0627\u0644 \u0625\u0644\u0649 +201026362647: Message: 
Stacktrace:
	GetHandleVerifier [0x00007FF68992CF25+75717]
	GetHandleVerifier [0x00007FF68992CF80+75808]
	(No symbol) [0x00007FF6896F8F9A]
	(No symbol) [0x00007FF68974F4C6]
	(No symbol) [0x00007FF68974F77C]
	(No symbol) [0x00007FF6897A2577]
	(No symbol) [0x00007FF6897773BF]
	(No symbol) [0x00007FF68979F39C]
	(No symbol) [0x00007FF689777153]
	(No symbol) [0x00007FF689740421]
	(No symbol) [0x00007FF6897411B3]
	GetHandleVerifier [0x00007FF689C2D6FD+3223453]
	GetHandleVerifier [0x00007FF689C27CA2+3200322]
	GetHandleVerifier [0x00007FF689C45AD3+3322739]
	GetHandleVerifier [0x00007FF6899469FA+180890]
	GetHandleVerifier [0x00007FF68994E0FF+211359]
	GetHandleVerifier [0x00007FF689935274+109332]
	GetHandleVerifier [0x00007FF689935422+109762]
	GetHandleVerifier [0x00007FF68991BA39+4825]
	BaseThreadInitThunk [0x00007FFDE0AE7374+20]
	RtlUserThreadStart [0x00007FFDE0E5CC91+33]
 — \u0627\u0644\u0645\u062d\u0627\u0648\u0644\u0629 \u0628\u0625\u0639\u0627\u062f\u0629 \u062a\u0634\u063a\u064a\u0644 \u0627\u0644\u062c\u0644\u0633\u0629
2025-06-11 18:43:51,478 ERROR Retry WhatsApp send attempt failed.
2025-06-11 18:43:51,478 ERROR \u274c we couldn`t resend the message +201026362647: Message: 
Stacktrace:
	GetHandleVerifier [0x00007FF68992CF25+75717]
	GetHandleVerifier [0x00007FF68992CF80+75808]
	(No symbol) [0x00007FF6896F8F9A]
	(No symbol) [0x00007FF68974F4C6]
	(No symbol) [0x00007FF68974F77C]
	(No symbol) [0x00007FF6897A2577]
	(No symbol) [0x00007FF6897773BF]
	(No symbol) [0x00007FF68979F39C]
	(No symbol) [0x00007FF689777153]
	(No symbol) [0x00007FF689740421]
	(No symbol) [0x00007FF6897411B3]
	GetHandleVerifier [0x00007FF689C2D6FD+3223453]
	GetHandleVerifier [0x00007FF689C27CA2+3200322]
	GetHandleVerifier [0x00007FF689C45AD3+3322739]
	GetHandleVerifier [0x00007FF6899469FA+180890]
	GetHandleVerifier [0x00007FF68994E0FF+211359]
	GetHandleVerifier [0x00007FF689935274+109332]
	GetHandleVerifier [0x00007FF689935422+109762]
	GetHandleVerifier [0x00007FF68991BA39+4825]
	BaseThreadInitThunk [0x00007FFDE0AE7374+20]
	RtlUserThreadStart [0x00007FFDE0E5CC91+33]

2025-06-11 18:43:51,478 INFO WhatsApp not sent.
2025-06-11 18:44:24,258 WARNING Initial WhatsApp send attempt failed.
2025-06-11 18:44:24,258 WARNING \u26a0\ufe0f \u062a\u0639\u0637\u0644 \u0627\u0644\u0625\u0631\u0633\u0627\u0644 \u0625\u0644\u0649 +201114794206: Message: 
Stacktrace:
	GetHandleVerifier [0x00007FF68992CF25+75717]
	GetHandleVerifier [0x00007FF68992CF80+75808]
	(No symbol) [0x00007FF6896F8F9A]
	(No symbol) [0x00007FF68974F4C6]
	(No symbol) [0x00007FF68974F77C]
	(No symbol) [0x00007FF6897A2577]
	(No symbol) [0x00007FF6897773BF]
	(No symbol) [0x00007FF68979F39C]
	(No symbol) [0x00007FF689777153]
	(No symbol) [0x00007FF689740421]
	(No symbol) [0x00007FF6897411B3]
	GetHandleVerifier [0x00007FF689C2D6FD+3223453]
	GetHandleVerifier [0x00007FF689C27CA2+3200322]
	GetHandleVerifier [0x00007FF689C45AD3+3322739]
	GetHandleVerifier [0x00007FF6899469FA+180890]
	GetHandleVerifier [0x00007FF68994E0FF+211359]
	GetHandleVerifier [0x00007FF689935274+109332]
	GetHandleVerifier [0x00007FF689935422+109762]
	GetHandleVerifier [0x00007FF68991BA39+4825]
	BaseThreadInitThunk [0x00007FFDE0AE7374+20]
	RtlUserThreadStart [0x00007FFDE0E5CC91+33]
 — \u0627\u0644\u0645\u062d\u0627\u0648\u0644\u0629 \u0628\u0625\u0639\u0627\u062f\u0629 \u062a\u0634\u063a\u064a\u0644 \u0627\u0644\u062c\u0644\u0633\u0629
2025-06-11 18:44:56,210 ERROR Retry WhatsApp send attempt failed.
2025-06-11 18:44:56,210 ERROR \u274c we couldn`t resend the message +201114794206: Message: 
Stacktrace:
	GetHandleVerifier [0x00007FF68992CF25+75717]
	GetHandleVerifier [0x00007FF68992CF80+75808]
	(No symbol) [0x00007FF6896F8F9A]
	(No symbol) [0x00007FF68974F4C6]
	(No symbol) [0x00007FF68974F77C]
	(No symbol) [0x00007FF6897A2577]
	(No symbol) [0x00007FF6897773BF]
	(No symbol) [0x00007FF68979F39C]
	(No symbol) [0x00007FF689777153]
	(No symbol) [0x00007FF689740421]
	(No symbol) [0x00007FF6897411B3]
	GetHandleVerifier [0x00007FF689C2D6FD+3223453]
	GetHandleVerifier [0x00007FF689C27CA2+3200322]
	GetHandleVerifier [0x00007FF689C45AD3+3322739]
	GetHandleVerifier [0x00007FF6899469FA+180890]
	GetHandleVerifier [0x00007FF68994E0FF+211359]
	GetHandleVerifier [0x00007FF689935274+109332]
	GetHandleVerifier [0x00007FF689935422+109762]
	GetHandleVerifier [0x00007FF68991BA39+4825]
	BaseThreadInitThunk [0x00007FFDE0AE7374+20]
	RtlUserThreadStart [0x00007FFDE0E5CC91+33]

2025-06-11 18:44:56,210 INFO WhatsApp not sent.
2025-06-11 18:45:28,790 WARNING Initial WhatsApp send attempt failed.
2025-06-11 18:45:28,790 WARNING \u26a0\ufe0f \u062a\u0639\u0637\u0644 \u0627\u0644\u0625\u0631\u0633\u0627\u0644 \u0625\u0644\u0649 +201142864417: Message: 
Stacktrace:
	GetHandleVerifier [0x00007FF68992CF25+75717]
	GetHandleVerifier [0x00007FF68992CF80+75808]
	(No symbol) [0x00007FF6896F8F9A]
	(No symbol) [0x00007FF68974F4C6]
	(No symbol) [0x00007FF68974F77C]
	(No symbol) [0x00007FF6897A2577]
	(No symbol) [0x00007FF6897773BF]
	(No symbol) [0x00007FF68979F39C]
	(No symbol) [0x00007FF689777153]
	(No symbol) [0x00007FF689740421]
	(No symbol) [0x00007FF6897411B3]
	GetHandleVerifier [0x00007FF689C2D6FD+3223453]
	GetHandleVerifier [0x00007FF689C27CA2+3200322]
	GetHandleVerifier [0x00007FF689C45AD3+3322739]
	GetHandleVerifier [0x00007FF6899469FA+180890]
	GetHandleVerifier [0x00007FF68994E0FF+211359]
	GetHandleVerifier [0x00007FF689935274+109332]
	GetHandleVerifier [0x00007FF689935422+109762]
	GetHandleVerifier [0x00007FF68991BA39+4825]
	BaseThreadInitThunk [0x00007FFDE0AE7374+20]
	RtlUserThreadStart [0x00007FFDE0E5CC91+33]
 — \u0627\u0644\u0645\u062d\u0627\u0648\u0644\u0629 \u0628\u0625\u0639\u0627\u062f\u0629 \u062a\u0634\u063a\u064a\u0644 \u0627\u0644\u062c\u0644\u0633\u0629
2025-06-11 18:46:00,275 ERROR Retry WhatsApp send attempt failed.
2025-06-11 18:46:00,276 ERROR \u274c we couldn`t resend the message +201142864417: Message: 
Stacktrace:
	GetHandleVerifier [0x00007FF68992CF25+75717]
	GetHandleVerifier [0x00007FF68992CF80+75808]
	(No symbol) [0x00007FF6896F8F9A]
	(No symbol) [0x00007FF68974F4C6]
	(No symbol) [0x00007FF68974F77C]
	(No symbol) [0x00007FF6897A2577]
	(No symbol) [0x00007FF6897773BF]
	(No symbol) [0x00007FF68979F39C]
	(No symbol) [0x00007FF689777153]
	(No symbol) [0x00007FF689740421]
	(No symbol) [0x00007FF6897411B3]
	GetHandleVerifier [0x00007FF689C2D6FD+3223453]
	GetHandleVerifier [0x00007FF689C27CA2+3200322]
	GetHandleVerifier [0x00007FF689C45AD3+3322739]
	GetHandleVerifier [0x00007FF6899469FA+180890]
	GetHandleVerifier [0x00007FF68994E0FF+211359]
	GetHandleVerifier [0x00007FF689935274+109332]
	GetHandleVerifier [0x00007FF689935422+109762]
	GetHandleVerifier [0x00007FF68991BA39+4825]
	BaseThreadInitThunk [0x00007FFDE0AE7374+20]
	RtlUserThreadStart [0x00007FFDE0E5CC91+33]

2025-06-11 18:46:00,276 INFO WhatsApp not sent.
2025-06-11 18:46:32,848 WARNING Initial WhatsApp send attempt failed.
2025-06-11 18:46:32,848 WARNING \u26a0\ufe0f \u062a\u0639\u0637\u0644 \u0627\u0644\u0625\u0631\u0633\u0627\u0644 \u0625\u0644\u0649 +201151598837: Message: 
Stacktrace:
	GetHandleVerifier [0x00007FF68992CF25+75717]
	GetHandleVerifier [0x00007FF68992CF80+75808]
	(No symbol) [0x00007FF6896F8F9A]
	(No symbol) [0x00007FF68974F4C6]
	(No symbol) [0x00007FF68974F77C]
	(No symbol) [0x00007FF6897A2577]
	(No symbol) [0x00007FF6897773BF]
	(No symbol) [0x00007FF68979F39C]
	(No symbol) [0x00007FF689777153]
	(No symbol) [0x00007FF689740421]
	(No symbol) [0x00007FF6897411B3]
	GetHandleVerifier [0x00007FF689C2D6FD+3223453]
	GetHandleVerifier [0x00007FF689C27CA2+3200322]
	GetHandleVerifier [0x00007FF689C45AD3+3322739]
	GetHandleVerifier [0x00007FF6899469FA+180890]
	GetHandleVerifier [0x00007FF68994E0FF+211359]
	GetHandleVerifier [0x00007FF689935274+109332]
	GetHandleVerifier [0x00007FF689935422+109762]
	GetHandleVerifier [0x00007FF68991BA39+4825]
	BaseThreadInitThunk [0x00007FFDE0AE7374+20]
	RtlUserThreadStart [0x00007FFDE0E5CC91+33]
 — \u0627\u0644\u0645\u062d\u0627\u0648\u0644\u0629 \u0628\u0625\u0639\u0627\u062f\u0629 \u062a\u0634\u063a\u064a\u0644 \u0627\u0644\u062c\u0644\u0633\u0629
2025-06-11 18:47:04,427 ERROR Retry WhatsApp send attempt failed.
2025-06-11 18:47:04,427 ERROR \u274c we couldn`t resend the message +201151598837: Message: 
Stacktrace:
	GetHandleVerifier [0x00007FF68992CF25+75717]
	GetHandleVerifier [0x00007FF68992CF80+75808]
	(No symbol) [0x00007FF6896F8F9A]
	(No symbol) [0x00007FF68974F4C6]
	(No symbol) [0x00007FF68974F77C]
	(No symbol) [0x00007FF6897A2577]
	(No symbol) [0x00007FF6897773BF]
	(No symbol) [0x00007FF68979F39C]
	(No symbol) [0x00007FF689777153]
	(No symbol) [0x00007FF689740421]
	(No symbol) [0x00007FF6897411B3]
	GetHandleVerifier [0x00007FF689C2D6FD+3223453]
	GetHandleVerifier [0x00007FF689C27CA2+3200322]
	GetHandleVerifier [0x00007FF689C45AD3+3322739]
	GetHandleVerifier [0x00007FF6899469FA+180890]
	GetHandleVerifier [0x00007FF68994E0FF+211359]
	GetHandleVerifier [0x00007FF689935274+109332]
	GetHandleVerifier [0x00007FF689935422+109762]
	GetHandleVerifier [0x00007FF68991BA39+4825]
	BaseThreadInitThunk [0x00007FFDE0AE7374+20]
	RtlUserThreadStart [0x00007FFDE0E5CC91+33]

2025-06-11 18:47:04,427 INFO WhatsApp not sent.
2025-06-11 18:47:36,707 WARNING Initial WhatsApp send attempt failed.
2025-06-11 18:47:36,708 WARNING \u26a0\ufe0f \u062a\u0639\u0637\u0644 \u0627\u0644\u0625\u0631\u0633\u0627\u0644 \u0625\u0644\u0649 +201153303592: Message: 
Stacktrace:
	GetHandleVerifier [0x00007FF68992CF25+75717]
	GetHandleVerifier [0x00007FF68992CF80+75808]
	(No symbol) [0x00007FF6896F8F9A]
	(No symbol) [0x00007FF68974F4C6]
	(No symbol) [0x00007FF68974F77C]
	(No symbol) [0x00007FF6897A2577]
	(No symbol) [0x00007FF6897773BF]
	(No symbol) [0x00007FF68979F39C]
	(No symbol) [0x00007FF689777153]
	(No symbol) [0x00007FF689740421]
	(No symbol) [0x00007FF6897411B3]
	GetHandleVerifier [0x00007FF689C2D6FD+3223453]
	GetHandleVerifier [0x00007FF689C27CA2+3200322]
	GetHandleVerifier [0x00007FF689C45AD3+3322739]
	GetHandleVerifier [0x00007FF6899469FA+180890]
	GetHandleVerifier [0x00007FF68994E0FF+211359]
	GetHandleVerifier [0x00007FF689935274+109332]
	GetHandleVerifier [0x00007FF689935422+109762]
	GetHandleVerifier [0x00007FF68991BA39+4825]
	BaseThreadInitThunk [0x00007FFDE0AE7374+20]
	RtlUserThreadStart [0x00007FFDE0E5CC91+33]
 — \u0627\u0644\u0645\u062d\u0627\u0648\u0644\u0629 \u0628\u0625\u0639\u0627\u062f\u0629 \u062a\u0634\u063a\u064a\u0644 \u0627\u0644\u062c\u0644\u0633\u0629
2025-06-11 18:48:08,229 ERROR Retry WhatsApp send attempt failed.
2025-06-11 18:48:08,230 ERROR \u274c we couldn`t resend the message +201153303592: Message: 
Stacktrace:
	GetHandleVerifier [0x00007FF68992CF25+75717]
	GetHandleVerifier [0x00007FF68992CF80+75808]
	(No symbol) [0x00007FF6896F8F9A]
	(No symbol) [0x00007FF68974F4C6]
	(No symbol) [0x00007FF68974F77C]
	(No symbol) [0x00007FF6897A2577]
	(No symbol) [0x00007FF6897773BF]
	(No symbol) [0x00007FF68979F39C]
	(No symbol) [0x00007FF689777153]
	(No symbol) [0x00007FF689740421]
	(No symbol) [0x00007FF6897411B3]
	GetHandleVerifier [0x00007FF689C2D6FD+3223453]
	GetHandleVerifier [0x00007FF689C27CA2+3200322]
	GetHandleVerifier [0x00007FF689C45AD3+3322739]
	GetHandleVerifier [0x00007FF6899469FA+180890]
	GetHandleVerifier [0x00007FF68994E0FF+211359]
	GetHandleVerifier [0x00007FF689935274+109332]
	GetHandleVerifier [0x00007FF689935422+109762]
	GetHandleVerifier [0x00007FF68991BA39+4825]
	BaseThreadInitThunk [0x00007FFDE0AE7374+20]
	RtlUserThreadStart [0x00007FFDE0E5CC91+33]

2025-06-11 18:48:08,230 INFO WhatsApp not sent.
2025-06-11 18:48:40,530 WARNING Initial WhatsApp send attempt failed.
2025-06-11 18:48:40,530 WARNING \u26a0\ufe0f \u062a\u0639\u0637\u0644 \u0627\u0644\u0625\u0631\u0633\u0627\u0644 \u0625\u0644\u0649 +201144285587: Message: 
Stacktrace:
	GetHandleVerifier [0x00007FF68992CF25+75717]
	GetHandleVerifier [0x00007FF68992CF80+75808]
	(No symbol) [0x00007FF6896F8F9A]
	(No symbol) [0x00007FF68974F4C6]
	(No symbol) [0x00007FF68974F77C]
	(No symbol) [0x00007FF6897A2577]
	(No symbol) [0x00007FF6897773BF]
	(No symbol) [0x00007FF68979F39C]
	(No symbol) [0x00007FF689777153]
	(No symbol) [0x00007FF689740421]
	(No symbol) [0x00007FF6897411B3]
	GetHandleVerifier [0x00007FF689C2D6FD+3223453]
	GetHandleVerifier [0x00007FF689C27CA2+3200322]
	GetHandleVerifier [0x00007FF689C45AD3+3322739]
	GetHandleVerifier [0x00007FF6899469FA+180890]
	GetHandleVerifier [0x00007FF68994E0FF+211359]
	GetHandleVerifier [0x00007FF689935274+109332]
	GetHandleVerifier [0x00007FF689935422+109762]
	GetHandleVerifier [0x00007FF68991BA39+4825]
	BaseThreadInitThunk [0x00007FFDE0AE7374+20]
	RtlUserThreadStart [0x00007FFDE0E5CC91+33]
 — \u0627\u0644\u0645\u062d\u0627\u0648\u0644\u0629 \u0628\u0625\u0639\u0627\u062f\u0629 \u062a\u0634\u063a\u064a\u0644 \u0627\u0644\u062c\u0644\u0633\u0629
2025-06-11 18:49:11,965 ERROR Retry WhatsApp send attempt failed.
2025-06-11 18:49:11,965 ERROR \u274c we couldn`t resend the message +201144285587: Message: 
Stacktrace:
	GetHandleVerifier [0x00007FF68992CF25+75717]
	GetHandleVerifier [0x00007FF68992CF80+75808]
	(No symbol) [0x00007FF6896F8F9A]
	(No symbol) [0x00007FF68974F4C6]
	(No symbol) [0x00007FF68974F77C]
	(No symbol) [0x00007FF6897A2577]
	(No symbol) [0x00007FF6897773BF]
	(No symbol) [0x00007FF68979F39C]
	(No symbol) [0x00007FF689777153]
	(No symbol) [0x00007FF689740421]
	(No symbol) [0x00007FF6897411B3]
	GetHandleVerifier [0x00007FF689C2D6FD+3223453]
	GetHandleVerifier [0x00007FF689C27CA2+3200322]
	GetHandleVerifier [0x00007FF689C45AD3+3322739]
	GetHandleVerifier [0x00007FF6899469FA+180890]
	GetHandleVerifier [0x00007FF68994E0FF+211359]
	GetHandleVerifier [0x00007FF689935274+109332]
	GetHandleVerifier [0x00007FF689935422+109762]
	GetHandleVerifier [0x00007FF68991BA39+4825]
	BaseThreadInitThunk [0x00007FFDE0AE7374+20]
	RtlUserThreadStart [0x00007FFDE0E5CC91+33]

2025-06-11 18:49:11,965 INFO WhatsApp not sent.
2025-06-11 18:49:44,336 WARNING Initial WhatsApp send attempt failed.
2025-06-11 18:49:44,337 WARNING \u26a0\ufe0f \u062a\u0639\u0637\u0644 \u0627\u0644\u0625\u0631\u0633\u0627\u0644 \u0625\u0644\u0649 +201125693962: Message: 
Stacktrace:
	GetHandleVerifier [0x00007FF68992CF25+75717]
	GetHandleVerifier [0x00007FF68992CF80+75808]
	(No symbol) [0x00007FF6896F8F9A]
	(No symbol) [0x00007FF68974F4C6]
	(No symbol) [0x00007FF68974F77C]
	(No symbol) [0x00007FF6897A2577]
	(No symbol) [0x00007FF6897773BF]
	(No symbol) [0x00007FF68979F39C]
	(No symbol) [0x00007FF689777153]
	(No symbol) [0x00007FF689740421]
	(No symbol) [0x00007FF6897411B3]
	GetHandleVerifier [0x00007FF689C2D6FD+3223453]
	GetHandleVerifier [0x00007FF689C27CA2+3200322]
	GetHandleVerifier [0x00007FF689C45AD3+3322739]
	GetHandleVerifier [0x00007FF6899469FA+180890]
	GetHandleVerifier [0x00007FF68994E0FF+211359]
	GetHandleVerifier [0x00007FF689935274+109332]
	GetHandleVerifier [0x00007FF689935422+109762]
	GetHandleVerifier [0x00007FF68991BA39+4825]
	BaseThreadInitThunk [0x00007FFDE0AE7374+20]
	RtlUserThreadStart [0x00007FFDE0E5CC91+33]
 — \u0627\u0644\u0645\u062d\u0627\u0648\u0644\u0629 \u0628\u0625\u0639\u0627\u062f\u0629 \u062a\u0634\u063a\u064a\u0644 \u0627\u0644\u062c\u0644\u0633\u0629
2025-06-11 18:50:15,956 ERROR Retry WhatsApp send attempt failed.
2025-06-11 18:50:15,956 ERROR \u274c we couldn`t resend the message +201125693962: Message: 
Stacktrace:
	GetHandleVerifier [0x00007FF68992CF25+75717]
	GetHandleVerifier [0x00007FF68992CF80+75808]
	(No symbol) [0x00007FF6896F8F9A]
	(No symbol) [0x00007FF68974F4C6]
	(No symbol) [0x00007FF68974F77C]
	(No symbol) [0x00007FF6897A2577]
	(No symbol) [0x00007FF6897773BF]
	(No symbol) [0x00007FF68979F39C]
	(No symbol) [0x00007FF689777153]
	(No symbol) [0x00007FF689740421]
	(No symbol) [0x00007FF6897411B3]
	GetHandleVerifier [0x00007FF689C2D6FD+3223453]
	GetHandleVerifier [0x00007FF689C27CA2+3200322]
	GetHandleVerifier [0x00007FF689C45AD3+3322739]
	GetHandleVerifier [0x00007FF6899469FA+180890]
	GetHandleVerifier [0x00007FF68994E0FF+211359]
	GetHandleVerifier [0x00007FF689935274+109332]
	GetHandleVerifier [0x00007FF689935422+109762]
	GetHandleVerifier [0x00007FF68991BA39+4825]
	BaseThreadInitThunk [0x00007FFDE0AE7374+20]
	RtlUserThreadStart [0x00007FFDE0E5CC91+33]

2025-06-11 18:50:15,957 INFO WhatsApp not sent.
2025-06-11 18:50:48,766 WARNING Initial WhatsApp send attempt failed.
2025-06-11 18:50:48,766 WARNING \u26a0\ufe0f \u062a\u0639\u0637\u0644 \u0627\u0644\u0625\u0631\u0633\u0627\u0644 \u0625\u0644\u0649 +201144285587: Message: 
Stacktrace:
	GetHandleVerifier [0x00007FF68992CF25+75717]
	GetHandleVerifier [0x00007FF68992CF80+75808]
	(No symbol) [0x00007FF6896F8F9A]
	(No symbol) [0x00007FF68974F4C6]
	(No symbol) [0x00007FF68974F77C]
	(No symbol) [0x00007FF6897A2577]
	(No symbol) [0x00007FF6897773BF]
	(No symbol) [0x00007FF68979F39C]
	(No symbol) [0x00007FF689777153]
	(No symbol) [0x00007FF689740421]
	(No symbol) [0x00007FF6897411B3]
	GetHandleVerifier [0x00007FF689C2D6FD+3223453]
	GetHandleVerifier [0x00007FF689C27CA2+3200322]
	GetHandleVerifier [0x00007FF689C45AD3+3322739]
	GetHandleVerifier [0x00007FF6899469FA+180890]
	GetHandleVerifier [0x00007FF68994E0FF+211359]
	GetHandleVerifier [0x00007FF689935274+109332]
	GetHandleVerifier [0x00007FF689935422+109762]
	GetHandleVerifier [0x00007FF68991BA39+4825]
	BaseThreadInitThunk [0x00007FFDE0AE7374+20]
	RtlUserThreadStart [0x00007FFDE0E5CC91+33]
 — \u0627\u0644\u0645\u062d\u0627\u0648\u0644\u0629 \u0628\u0625\u0639\u0627\u062f\u0629 \u062a\u0634\u063a\u064a\u0644 \u0627\u0644\u062c\u0644\u0633\u0629
2025-06-11 18:51:20,387 ERROR Retry WhatsApp send attempt failed.
2025-06-11 18:51:20,387 ERROR \u274c we couldn`t resend the message +201144285587: Message: 
Stacktrace:
	GetHandleVerifier [0x00007FF68992CF25+75717]
	GetHandleVerifier [0x00007FF68992CF80+75808]
	(No symbol) [0x00007FF6896F8F9A]
	(No symbol) [0x00007FF68974F4C6]
	(No symbol) [0x00007FF68974F77C]
	(No symbol) [0x00007FF6897A2577]
	(No symbol) [0x00007FF6897773BF]
	(No symbol) [0x00007FF68979F39C]
	(No symbol) [0x00007FF689777153]
	(No symbol) [0x00007FF689740421]
	(No symbol) [0x00007FF6897411B3]
	GetHandleVerifier [0x00007FF689C2D6FD+3223453]
	GetHandleVerifier [0x00007FF689C27CA2+3200322]
	GetHandleVerifier [0x00007FF689C45AD3+3322739]
	GetHandleVerifier [0x00007FF6899469FA+180890]
	GetHandleVerifier [0x00007FF68994E0FF+211359]
	GetHandleVerifier [0x00007FF689935274+109332]
	GetHandleVerifier [0x00007FF689935422+109762]
	GetHandleVerifier [0x00007FF68991BA39+4825]
	BaseThreadInitThunk [0x00007FFDE0AE7374+20]
	RtlUserThreadStart [0x00007FFDE0E5CC91+33]

2025-06-11 18:51:20,388 INFO WhatsApp not sent.
2025-06-11 18:51:53,006 WARNING Initial WhatsApp send attempt failed.
2025-06-11 18:51:53,006 WARNING \u26a0\ufe0f \u062a\u0639\u0637\u0644 \u0627\u0644\u0625\u0631\u0633\u0627\u0644 \u0625\u0644\u0649 +201113697202: Message: 
Stacktrace:
	GetHandleVerifier [0x00007FF68992CF25+75717]
	GetHandleVerifier [0x00007FF68992CF80+75808]
	(No symbol) [0x00007FF6896F8F9A]
	(No symbol) [0x00007FF68974F4C6]
	(No symbol) [0x00007FF68974F77C]
	(No symbol) [0x00007FF6897A2577]
	(No symbol) [0x00007FF6897773BF]
	(No symbol) [0x00007FF68979F39C]
	(No symbol) [0x00007FF689777153]
	(No symbol) [0x00007FF689740421]
	(No symbol) [0x00007FF6897411B3]
	GetHandleVerifier [0x00007FF689C2D6FD+3223453]
	GetHandleVerifier [0x00007FF689C27CA2+3200322]
	GetHandleVerifier [0x00007FF689C45AD3+3322739]
	GetHandleVerifier [0x00007FF6899469FA+180890]
	GetHandleVerifier [0x00007FF68994E0FF+211359]
	GetHandleVerifier [0x00007FF689935274+109332]
	GetHandleVerifier [0x00007FF689935422+109762]
	GetHandleVerifier [0x00007FF68991BA39+4825]
	BaseThreadInitThunk [0x00007FFDE0AE7374+20]
	RtlUserThreadStart [0x00007FFDE0E5CC91+33]
 — \u0627\u0644\u0645\u062d\u0627\u0648\u0644\u0629 \u0628\u0625\u0639\u0627\u062f\u0629 \u062a\u0634\u063a\u064a\u0644 \u0627\u0644\u062c\u0644\u0633\u0629
2025-06-11 18:52:24,678 ERROR Retry WhatsApp send attempt failed.
2025-06-11 18:52:24,679 ERROR \u274c we couldn`t resend the message +201113697202: Message: 
Stacktrace:
	GetHandleVerifier [0x00007FF68992CF25+75717]
	GetHandleVerifier [0x00007FF68992CF80+75808]
	(No symbol) [0x00007FF6896F8F9A]
	(No symbol) [0x00007FF68974F4C6]
	(No symbol) [0x00007FF68974F77C]
	(No symbol) [0x00007FF6897A2577]
	(No symbol) [0x00007FF6897773BF]
	(No symbol) [0x00007FF68979F39C]
	(No symbol) [0x00007FF689777153]
	(No symbol) [0x00007FF689740421]
	(No symbol) [0x00007FF6897411B3]
	GetHandleVerifier [0x00007FF689C2D6FD+3223453]
	GetHandleVerifier [0x00007FF689C27CA2+3200322]
	GetHandleVerifier [0x00007FF689C45AD3+3322739]
	GetHandleVerifier [0x00007FF6899469FA+180890]
	GetHandleVerifier [0x00007FF68994E0FF+211359]
	GetHandleVerifier [0x00007FF689935274+109332]
	GetHandleVerifier [0x00007FF689935422+109762]
	GetHandleVerifier [0x00007FF68991BA39+4825]
	BaseThreadInitThunk [0x00007FFDE0AE7374+20]
	RtlUserThreadStart [0x00007FFDE0E5CC91+33]

2025-06-11 18:52:24,679 INFO WhatsApp not sent.
2025-06-11 18:52:56,829 WARNING Initial WhatsApp send attempt failed.
2025-06-11 18:52:56,830 WARNING \u26a0\ufe0f \u062a\u0639\u0637\u0644 \u0627\u0644\u0625\u0631\u0633\u0627\u0644 \u0625\u0644\u0649 +201142576858: Message: 
Stacktrace:
	GetHandleVerifier [0x00007FF68992CF25+75717]
	GetHandleVerifier [0x00007FF68992CF80+75808]
	(No symbol) [0x00007FF6896F8F9A]
	(No symbol) [0x00007FF68974F4C6]
	(No symbol) [0x00007FF68974F77C]
	(No symbol) [0x00007FF6897A2577]
	(No symbol) [0x00007FF6897773BF]
	(No symbol) [0x00007FF68979F39C]
	(No symbol) [0x00007FF689777153]
	(No symbol) [0x00007FF689740421]
	(No symbol) [0x00007FF6897411B3]
	GetHandleVerifier [0x00007FF689C2D6FD+3223453]
	GetHandleVerifier [0x00007FF689C27CA2+3200322]
	GetHandleVerifier [0x00007FF689C45AD3+3322739]
	GetHandleVerifier [0x00007FF6899469FA+180890]
	GetHandleVerifier [0x00007FF68994E0FF+211359]
	GetHandleVerifier [0x00007FF689935274+109332]
	GetHandleVerifier [0x00007FF689935422+109762]
	GetHandleVerifier [0x00007FF68991BA39+4825]
	BaseThreadInitThunk [0x00007FFDE0AE7374+20]
	RtlUserThreadStart [0x00007FFDE0E5CC91+33]
 — \u0627\u0644\u0645\u062d\u0627\u0648\u0644\u0629 \u0628\u0625\u0639\u0627\u062f\u0629 \u062a\u0634\u063a\u064a\u0644 \u0627\u0644\u062c\u0644\u0633\u0629
2025-06-11 18:53:28,478 ERROR Retry WhatsApp send attempt failed.
2025-06-11 18:53:28,478 ERROR \u274c we couldn`t resend the message +201142576858: Message: 
Stacktrace:
	GetHandleVerifier [0x00007FF68992CF25+75717]
	GetHandleVerifier [0x00007FF68992CF80+75808]
	(No symbol) [0x00007FF6896F8F9A]
	(No symbol) [0x00007FF68974F4C6]
	(No symbol) [0x00007FF68974F77C]
	(No symbol) [0x00007FF6897A2577]
	(No symbol) [0x00007FF6897773BF]
	(No symbol) [0x00007FF68979F39C]
	(No symbol) [0x00007FF689777153]
	(No symbol) [0x00007FF689740421]
	(No symbol) [0x00007FF6897411B3]
	GetHandleVerifier [0x00007FF689C2D6FD+3223453]
	GetHandleVerifier [0x00007FF689C27CA2+3200322]
	GetHandleVerifier [0x00007FF689C45AD3+3322739]
	GetHandleVerifier [0x00007FF6899469FA+180890]
	GetHandleVerifier [0x00007FF68994E0FF+211359]
	GetHandleVerifier [0x00007FF689935274+109332]
	GetHandleVerifier [0x00007FF689935422+109762]
	GetHandleVerifier [0x00007FF68991BA39+4825]
	BaseThreadInitThunk [0x00007FFDE0AE7374+20]
	RtlUserThreadStart [0x00007FFDE0E5CC91+33]

2025-06-11 18:53:28,479 INFO WhatsApp not sent.
2025-06-11 18:54:00,965 WARNING Initial WhatsApp send attempt failed.
2025-06-11 18:54:00,966 WARNING \u26a0\ufe0f \u062a\u0639\u0637\u0644 \u0627\u0644\u0625\u0631\u0633\u0627\u0644 \u0625\u0644\u0649 +201121830877: Message: 
Stacktrace:
	GetHandleVerifier [0x00007FF68992CF25+75717]
	GetHandleVerifier [0x00007FF68992CF80+75808]
	(No symbol) [0x00007FF6896F8F9A]
	(No symbol) [0x00007FF68974F4C6]
	(No symbol) [0x00007FF68974F77C]
	(No symbol) [0x00007FF6897A2577]
	(No symbol) [0x00007FF6897773BF]
	(No symbol) [0x00007FF68979F39C]
	(No symbol) [0x00007FF689777153]
	(No symbol) [0x00007FF689740421]
	(No symbol) [0x00007FF6897411B3]
	GetHandleVerifier [0x00007FF689C2D6FD+3223453]
	GetHandleVerifier [0x00007FF689C27CA2+3200322]
	GetHandleVerifier [0x00007FF689C45AD3+3322739]
	GetHandleVerifier [0x00007FF6899469FA+180890]
	GetHandleVerifier [0x00007FF68994E0FF+211359]
	GetHandleVerifier [0x00007FF689935274+109332]
	GetHandleVerifier [0x00007FF689935422+109762]
	GetHandleVerifier [0x00007FF68991BA39+4825]
	BaseThreadInitThunk [0x00007FFDE0AE7374+20]
	RtlUserThreadStart [0x00007FFDE0E5CC91+33]
 — \u0627\u0644\u0645\u062d\u0627\u0648\u0644\u0629 \u0628\u0625\u0639\u0627\u062f\u0629 \u062a\u0634\u063a\u064a\u0644 \u0627\u0644\u062c\u0644\u0633\u0629
2025-06-11 18:54:32,255 ERROR Retry WhatsApp send attempt failed.
2025-06-11 18:54:32,256 ERROR \u274c we couldn`t resend the message +201121830877: Message: 
Stacktrace:
	GetHandleVerifier [0x00007FF68992CF25+75717]
	GetHandleVerifier [0x00007FF68992CF80+75808]
	(No symbol) [0x00007FF6896F8F9A]
	(No symbol) [0x00007FF68974F4C6]
	(No symbol) [0x00007FF68974F77C]
	(No symbol) [0x00007FF6897A2577]
	(No symbol) [0x00007FF6897773BF]
	(No symbol) [0x00007FF68979F39C]
	(No symbol) [0x00007FF689777153]
	(No symbol) [0x00007FF689740421]
	(No symbol) [0x00007FF6897411B3]
	GetHandleVerifier [0x00007FF689C2D6FD+3223453]
	GetHandleVerifier [0x00007FF689C27CA2+3200322]
	GetHandleVerifier [0x00007FF689C45AD3+3322739]
	GetHandleVerifier [0x00007FF6899469FA+180890]
	GetHandleVerifier [0x00007FF68994E0FF+211359]
	GetHandleVerifier [0x00007FF689935274+109332]
	GetHandleVerifier [0x00007FF689935422+109762]
	GetHandleVerifier [0x00007FF68991BA39+4825]
	BaseThreadInitThunk [0x00007FFDE0AE7374+20]
	RtlUserThreadStart [0x00007FFDE0E5CC91+33]

2025-06-11 18:54:32,256 INFO WhatsApp not sent.
2025-06-11 18:55:05,226 WARNING Initial WhatsApp send attempt failed.
2025-06-11 18:55:05,226 WARNING \u26a0\ufe0f \u062a\u0639\u0637\u0644 \u0627\u0644\u0625\u0631\u0633\u0627\u0644 \u0625\u0644\u0649 +201153937858: Message: 
Stacktrace:
	GetHandleVerifier [0x00007FF68992CF25+75717]
	GetHandleVerifier [0x00007FF68992CF80+75808]
	(No symbol) [0x00007FF6896F8F9A]
	(No symbol) [0x00007FF68974F4C6]
	(No symbol) [0x00007FF68974F77C]
	(No symbol) [0x00007FF6897A2577]
	(No symbol) [0x00007FF6897773BF]
	(No symbol) [0x00007FF68979F39C]
	(No symbol) [0x00007FF689777153]
	(No symbol) [0x00007FF689740421]
	(No symbol) [0x00007FF6897411B3]
	GetHandleVerifier [0x00007FF689C2D6FD+3223453]
	GetHandleVerifier [0x00007FF689C27CA2+3200322]
	GetHandleVerifier [0x00007FF689C45AD3+3322739]
	GetHandleVerifier [0x00007FF6899469FA+180890]
	GetHandleVerifier [0x00007FF68994E0FF+211359]
	GetHandleVerifier [0x00007FF689935274+109332]
	GetHandleVerifier [0x00007FF689935422+109762]
	GetHandleVerifier [0x00007FF68991BA39+4825]
	BaseThreadInitThunk [0x00007FFDE0AE7374+20]
	RtlUserThreadStart [0x00007FFDE0E5CC91+33]
 — \u0627\u0644\u0645\u062d\u0627\u0648\u0644\u0629 \u0628\u0625\u0639\u0627\u062f\u0629 \u062a\u0634\u063a\u064a\u0644 \u0627\u0644\u062c\u0644\u0633\u0629
2025-06-11 18:55:24,560 INFO \U0001f501 resending succesful +201153937858
2025-06-11 18:55:58,790 WARNING Initial WhatsApp send attempt failed.
2025-06-11 18:55:58,790 WARNING \u26a0\ufe0f \u062a\u0639\u0637\u0644 \u0627\u0644\u0625\u0631\u0633\u0627\u0644 \u0625\u0644\u0649 +201143552445: Message: 
Stacktrace:
	GetHandleVerifier [0x00007FF68992CF25+75717]
	GetHandleVerifier [0x00007FF68992CF80+75808]
	(No symbol) [0x00007FF6896F8F9A]
	(No symbol) [0x00007FF68974F4C6]
	(No symbol) [0x00007FF68974F77C]
	(No symbol) [0x00007FF6897A2577]
	(No symbol) [0x00007FF6897773BF]
	(No symbol) [0x00007FF68979F39C]
	(No symbol) [0x00007FF689777153]
	(No symbol) [0x00007FF689740421]
	(No symbol) [0x00007FF6897411B3]
	GetHandleVerifier [0x00007FF689C2D6FD+3223453]
	GetHandleVerifier [0x00007FF689C27CA2+3200322]
	GetHandleVerifier [0x00007FF689C45AD3+3322739]
	GetHandleVerifier [0x00007FF6899469FA+180890]
	GetHandleVerifier [0x00007FF68994E0FF+211359]
	GetHandleVerifier [0x00007FF689935274+109332]
	GetHandleVerifier [0x00007FF689935422+109762]
	GetHandleVerifier [0x00007FF68991BA39+4825]
	BaseThreadInitThunk [0x00007FFDE0AE7374+20]
	RtlUserThreadStart [0x00007FFDE0E5CC91+33]
 — \u0627\u0644\u0645\u062d\u0627\u0648\u0644\u0629 \u0628\u0625\u0639\u0627\u062f\u0629 \u062a\u0634\u063a\u064a\u0644 \u0627\u0644\u062c\u0644\u0633\u0629
2025-06-11 18:56:15,216 INFO \U0001f501 resending succesful +201143552445
2025-06-11 18:56:26,845 INFO \U0001f4e9 \u0623\u0631\u0633\u0644\u0646\u0627 \u0631\u0633\u0627\u0644\u0629 \u0625\u0644\u0649 +201157809059 \u0641\u064a 18:56:26
2025-06-11 18:56:38,326 INFO \U0001f4e9 \u0623\u0631\u0633\u0644\u0646\u0627 \u0631\u0633\u0627\u0644\u0629 \u0625\u0644\u0649 +201127506447 \u0641\u064a 18:56:38
2025-06-11 18:56:50,102 INFO \U0001f4e9 \u0623\u0631\u0633\u0644\u0646\u0627 \u0631\u0633\u0627\u0644\u0629 \u0625\u0644\u0649 +201127506447 \u0641\u064a 18:56:50
2025-06-11 18:57:04,080 INFO \U0001f4e9 \u0623\u0631\u0633\u0644\u0646\u0627 \u0631\u0633\u0627\u0644\u0629 \u0625\u0644\u0649 +201096485859 \u0641\u064a 18:57:04
2025-06-11 18:57:15,788 INFO \U0001f4e9 \u0623\u0631\u0633\u0644\u0646\u0627 \u0631\u0633\u0627\u0644\u0629 \u0625\u0644\u0649 +201152466131 \u0641\u064a 18:57:15
2025-06-11 18:57:27,245 INFO \U0001f4e9 \u0623\u0631\u0633\u0644\u0646\u0627 \u0631\u0633\u0627\u0644\u0629 \u0625\u0644\u0649 +201128968523 \u0641\u064a 18:57:27
2025-06-11 18:57:38,427 INFO \U0001f4e9 \u0623\u0631\u0633\u0644\u0646\u0627 \u0631\u0633\u0627\u0644\u0629 \u0625\u0644\u0649 +201124526733 \u0641\u064a 18:57:38
2025-06-11 18:57:59,374 INFO \U0001f4e9 \u0623\u0631\u0633\u0644\u0646\u0627 \u0631\u0633\u0627\u0644\u0629 \u0625\u0644\u0649 +201156065327 \u0641\u064a 18:57:59
2025-06-11 18:58:10,802 INFO \U0001f4e9 \u0623\u0631\u0633\u0644\u0646\u0627 \u0631\u0633\u0627\u0644\u0629 \u0625\u0644\u0649 +201115396872 \u0641\u064a 18:58:10
2025-06-11 18:58:29,871 INFO \U0001f4e9 \u0623\u0631\u0633\u0644\u0646\u0627 \u0631\u0633\u0627\u0644\u0629 \u0625\u0644\u0649 +201503663561 \u0641\u064a 18:58:29
2025-06-11 18:58:51,695 INFO \U0001f4e9 \u0623\u0631\u0633\u0644\u0646\u0627 \u0631\u0633\u0627\u0644\u0629 \u0625\u0644\u0649 +201142421389 \u0641\u064a 18:58:51
2025-06-11 18:59:11,828 INFO \U0001f4e9 \u0623\u0631\u0633\u0644\u0646\u0627 \u0631\u0633\u0627\u0644\u0629 \u0625\u0644\u0649 +201142421389 \u0641\u064a 18:59:11
2025-06-11 18:59:23,699 INFO \U0001f4e9 \u0623\u0631\u0633\u0644\u0646\u0627 \u0631\u0633\u0627\u0644\u0629 \u0625\u0644\u0649 +201124343771 \u0641\u064a 18:59:23
2025-06-11 18:59:34,968 INFO \U0001f4e9 \u0623\u0631\u0633\u0644\u0646\u0627 \u0631\u0633\u0627\u0644\u0629 \u0625\u0644\u0649 +201148973347 \u0641\u064a 18:59:34
2025-06-11 19:00:09,008 WARNING Initial WhatsApp send attempt failed.
2025-06-11 19:00:09,008 WARNING \u26a0\ufe0f \u062a\u0639\u0637\u0644 \u0627\u0644\u0625\u0631\u0633\u0627\u0644 \u0625\u0644\u0649 +201147315833: Message: 
Stacktrace:
	GetHandleVerifier [0x00007FF68992CF25+75717]
	GetHandleVerifier [0x00007FF68992CF80+75808]
	(No symbol) [0x00007FF6896F8F9A]
	(No symbol) [0x00007FF68974F4C6]
	(No symbol) [0x00007FF68974F77C]
	(No symbol) [0x00007FF6897A2577]
	(No symbol) [0x00007FF6897773BF]
	(No symbol) [0x00007FF68979F39C]
	(No symbol) [0x00007FF689777153]
	(No symbol) [0x00007FF689740421]
	(No symbol) [0x00007FF6897411B3]
	GetHandleVerifier [0x00007FF689C2D6FD+3223453]
	GetHandleVerifier [0x00007FF689C27CA2+3200322]
	GetHandleVerifier [0x00007FF689C45AD3+3322739]
	GetHandleVerifier [0x00007FF6899469FA+180890]
	GetHandleVerifier [0x00007FF68994E0FF+211359]
	GetHandleVerifier [0x00007FF689935274+109332]
	GetHandleVerifier [0x00007FF689935422+109762]
	GetHandleVerifier [0x00007FF68991BA39+4825]
	BaseThreadInitThunk [0x00007FFDE0AE7374+20]
	RtlUserThreadStart [0x00007FFDE0E5CC91+33]
 — \u0627\u0644\u0645\u062d\u0627\u0648\u0644\u0629 \u0628\u0625\u0639\u0627\u062f\u0629 \u062a\u0634\u063a\u064a\u0644 \u0627\u0644\u062c\u0644\u0633\u0629
2025-06-11 19:00:37,341 INFO \U0001f501 resending succesful +201147315833
2025-06-11 19:00:47,949 INFO \U0001f4e9 \u0623\u0631\u0633\u0644\u0646\u0627 \u0631\u0633\u0627\u0644\u0629 \u0625\u0644\u0649 +201002798650 \u0641\u064a 19:00:47
2025-06-11 19:00:59,373 INFO \U0001f4e9 \u0623\u0631\u0633\u0644\u0646\u0627 \u0631\u0633\u0627\u0644\u0629 \u0625\u0644\u0649 +201123242825 \u0641\u064a 19:00:59
2025-06-11 19:01:10,119 INFO \U0001f4e9 \u0623\u0631\u0633\u0644\u0646\u0627 \u0631\u0633\u0627\u0644\u0629 \u0625\u0644\u0649 +201124175306 \u0641\u064a 19:01:10
2025-06-11 19:01:20,641 INFO \U0001f4e9 \u0623\u0631\u0633\u0644\u0646\u0627 \u0631\u0633\u0627\u0644\u0629 \u0625\u0644\u0649 +201154705766 \u0641\u064a 19:01:20
2025-06-11 19:01:31,951 INFO \U0001f4e9 \u0623\u0631\u0633\u0644\u0646\u0627 \u0631\u0633\u0627\u0644\u0629 \u0625\u0644\u0649 +201146196200 \u0641\u064a 19:01:31
2025-06-11 19:01:42,240 INFO \U0001f4e9 \u0623\u0631\u0633\u0644\u0646\u0627 \u0631\u0633\u0627\u0644\u0629 \u0625\u0644\u0649 +201100784324 \u0641\u064a 19:01:42
2025-06-11 19:01:53,299 INFO \U0001f4e9 \u0623\u0631\u0633\u0644\u0646\u0627 \u0631\u0633\u0627\u0644\u0629 \u0625\u0644\u0649 +201020690622 \u0641\u064a 19:01:53
2025-06-11 19:02:28,010 WARNING Initial WhatsApp send attempt failed.
2025-06-11 19:02:28,010 WARNING \u26a0\ufe0f \u062a\u0639\u0637\u0644 \u0627\u0644\u0625\u0631\u0633\u0627\u0644 \u0625\u0644\u0649 +201123665267: Message: 
Stacktrace:
	GetHandleVerifier [0x00007FF68992CF25+75717]
	GetHandleVerifier [0x00007FF68992CF80+75808]
	(No symbol) [0x00007FF6896F8F9A]
	(No symbol) [0x00007FF68974F4C6]
	(No symbol) [0x00007FF68974F77C]
	(No symbol) [0x00007FF6897A2577]
	(No symbol) [0x00007FF6897773BF]
	(No symbol) [0x00007FF68979F39C]
	(No symbol) [0x00007FF689777153]
	(No symbol) [0x00007FF689740421]
	(No symbol) [0x00007FF6897411B3]
	GetHandleVerifier [0x00007FF689C2D6FD+3223453]
	GetHandleVerifier [0x00007FF689C27CA2+3200322]
	GetHandleVerifier [0x00007FF689C45AD3+3322739]
	GetHandleVerifier [0x00007FF6899469FA+180890]
	GetHandleVerifier [0x00007FF68994E0FF+211359]
	GetHandleVerifier [0x00007FF689935274+109332]
	GetHandleVerifier [0x00007FF689935422+109762]
	GetHandleVerifier [0x00007FF68991BA39+4825]
	BaseThreadInitThunk [0x00007FFDE0AE7374+20]
	RtlUserThreadStart [0x00007FFDE0E5CC91+33]
 — \u0627\u0644\u0645\u062d\u0627\u0648\u0644\u0629 \u0628\u0625\u0639\u0627\u062f\u0629 \u062a\u0634\u063a\u064a\u0644 \u0627\u0644\u062c\u0644\u0633\u0629
2025-06-11 19:02:47,588 INFO \U0001f501 resending succesful +201123665267
2025-06-11 19:02:59,278 INFO \U0001f4e9 \u0623\u0631\u0633\u0644\u0646\u0627 \u0631\u0633\u0627\u0644\u0629 \u0625\u0644\u0649 +201142344943 \u0641\u064a 19:02:59
2025-06-11 19:03:33,461 WARNING Initial WhatsApp send attempt failed.
2025-06-11 19:03:33,461 WARNING \u26a0\ufe0f \u062a\u0639\u0637\u0644 \u0627\u0644\u0625\u0631\u0633\u0627\u0644 \u0625\u0644\u0649 +201142344941: Message: 
Stacktrace:
	GetHandleVerifier [0x00007FF68992CF25+75717]
	GetHandleVerifier [0x00007FF68992CF80+75808]
	(No symbol) [0x00007FF6896F8F9A]
	(No symbol) [0x00007FF68974F4C6]
	(No symbol) [0x00007FF68974F77C]
	(No symbol) [0x00007FF6897A2577]
	(No symbol) [0x00007FF6897773BF]
	(No symbol) [0x00007FF68979F39C]
	(No symbol) [0x00007FF689777153]
	(No symbol) [0x00007FF689740421]
	(No symbol) [0x00007FF6897411B3]
	GetHandleVerifier [0x00007FF689C2D6FD+3223453]
	GetHandleVerifier [0x00007FF689C27CA2+3200322]
	GetHandleVerifier [0x00007FF689C45AD3+3322739]
	GetHandleVerifier [0x00007FF6899469FA+180890]
	GetHandleVerifier [0x00007FF68994E0FF+211359]
	GetHandleVerifier [0x00007FF689935274+109332]
	GetHandleVerifier [0x00007FF689935422+109762]
	GetHandleVerifier [0x00007FF68991BA39+4825]
	BaseThreadInitThunk [0x00007FFDE0AE7374+20]
	RtlUserThreadStart [0x00007FFDE0E5CC91+33]
 — \u0627\u0644\u0645\u062d\u0627\u0648\u0644\u0629 \u0628\u0625\u0639\u0627\u062f\u0629 \u062a\u0634\u063a\u064a\u0644 \u0627\u0644\u062c\u0644\u0633\u0629
2025-06-11 19:03:50,581 INFO \U0001f501 resending succesful +201142344941
2025-06-11 19:04:01,893 INFO \U0001f4e9 \u0623\u0631\u0633\u0644\u0646\u0627 \u0631\u0633\u0627\u0644\u0629 \u0625\u0644\u0649 +201121692220 \u0641\u064a 19:04:01
2025-06-11 19:04:12,772 INFO \U0001f4e9 \u0623\u0631\u0633\u0644\u0646\u0627 \u0631\u0633\u0627\u0644\u0629 \u0625\u0644\u0649 +201114401631 \u0641\u064a 19:04:12
2025-06-11 19:04:24,231 INFO \U0001f4e9 \u0623\u0631\u0633\u0644\u0646\u0627 \u0631\u0633\u0627\u0644\u0629 \u0625\u0644\u0649 +201128190064 \u0641\u064a 19:04:24
2025-06-11 19:04:35,479 INFO \U0001f4e9 \u0623\u0631\u0633\u0644\u0646\u0627 \u0631\u0633\u0627\u0644\u0629 \u0625\u0644\u0649 +201128968523 \u0641\u064a 19:04:35
2025-06-11 19:04:46,969 INFO \U0001f4e9 \u0623\u0631\u0633\u0644\u0646\u0627 \u0631\u0633\u0627\u0644\u0629 \u0625\u0644\u0649 +201141740337 \u0641\u064a 19:04:46
2025-06-11 19:04:58,225 INFO \U0001f4e9 \u0623\u0631\u0633\u0644\u0646\u0627 \u0631\u0633\u0627\u0644\u0629 \u0625\u0644\u0649 +201153373253 \u0641\u064a 19:04:58
2025-06-11 19:05:09,763 INFO \U0001f4e9 \u0623\u0631\u0633\u0644\u0646\u0627 \u0631\u0633\u0627\u0644\u0629 \u0625\u0644\u0649 +201115139226 \u0641\u064a 19:05:09
2025-06-11 19:05:21,228 INFO \U0001f4e9 \u0623\u0631\u0633\u0644\u0646\u0627 \u0631\u0633\u0627\u0644\u0629 \u0625\u0644\u0649 +201144321079 \u0641\u064a 19:05:21
2025-06-11 19:05:55,502 WARNING Initial WhatsApp send attempt failed.
2025-06-11 19:05:55,502 WARNING \u26a0\ufe0f \u062a\u0639\u0637\u0644 \u0627\u0644\u0625\u0631\u0633\u0627\u0644 \u0625\u0644\u0649 +201050831891: Message: 
Stacktrace:
	GetHandleVerifier [0x00007FF68992CF25+75717]
	GetHandleVerifier [0x00007FF68992CF80+75808]
	(No symbol) [0x00007FF6896F8F9A]
	(No symbol) [0x00007FF68974F4C6]
	(No symbol) [0x00007FF68974F77C]
	(No symbol) [0x00007FF6897A2577]
	(No symbol) [0x00007FF6897773BF]
	(No symbol) [0x00007FF68979F39C]
	(No symbol) [0x00007FF689777153]
	(No symbol) [0x00007FF689740421]
	(No symbol) [0x00007FF6897411B3]
	GetHandleVerifier [0x00007FF689C2D6FD+3223453]
	GetHandleVerifier [0x00007FF689C27CA2+3200322]
	GetHandleVerifier [0x00007FF689C45AD3+3322739]
	GetHandleVerifier [0x00007FF6899469FA+180890]
	GetHandleVerifier [0x00007FF68994E0FF+211359]
	GetHandleVerifier [0x00007FF689935274+109332]
	GetHandleVerifier [0x00007FF689935422+109762]
	GetHandleVerifier [0x00007FF68991BA39+4825]
	BaseThreadInitThunk [0x00007FFDE0AE7374+20]
	RtlUserThreadStart [0x00007FFDE0E5CC91+33]
 — \u0627\u0644\u0645\u062d\u0627\u0648\u0644\u0629 \u0628\u0625\u0639\u0627\u062f\u0629 \u062a\u0634\u063a\u064a\u0644 \u0627\u0644\u062c\u0644\u0633\u0629
2025-06-11 19:06:27,124 ERROR Retry WhatsApp send attempt failed.
2025-06-11 19:06:27,124 ERROR \u274c we couldn`t resend the message +201050831891: Message: 
Stacktrace:
	GetHandleVerifier [0x00007FF68992CF25+75717]
	GetHandleVerifier [0x00007FF68992CF80+75808]
	(No symbol) [0x00007FF6896F8F9A]
	(No symbol) [0x00007FF68974F4C6]
	(No symbol) [0x00007FF68974F77C]
	(No symbol) [0x00007FF6897A2577]
	(No symbol) [0x00007FF6897773BF]
	(No symbol) [0x00007FF68979F39C]
	(No symbol) [0x00007FF689777153]
	(No symbol) [0x00007FF689740421]
	(No symbol) [0x00007FF6897411B3]
	GetHandleVerifier [0x00007FF689C2D6FD+3223453]
	GetHandleVerifier [0x00007FF689C27CA2+3200322]
	GetHandleVerifier [0x00007FF689C45AD3+3322739]
	GetHandleVerifier [0x00007FF6899469FA+180890]
	GetHandleVerifier [0x00007FF68994E0FF+211359]
	GetHandleVerifier [0x00007FF689935274+109332]
	GetHandleVerifier [0x00007FF689935422+109762]
	GetHandleVerifier [0x00007FF68991BA39+4825]
	BaseThreadInitThunk [0x00007FFDE0AE7374+20]
	RtlUserThreadStart [0x00007FFDE0E5CC91+33]

2025-06-11 19:06:27,124 INFO WhatsApp not sent.
2025-06-11 19:06:37,205 INFO \U0001f4e9 \u0623\u0631\u0633\u0644\u0646\u0627 \u0631\u0633\u0627\u0644\u0629 \u0625\u0644\u0649 +201102741242 \u0641\u064a 19:06:37
2025-06-11 19:06:47,759 INFO \U0001f4e9 \u0623\u0631\u0633\u0644\u0646\u0627 \u0631\u0633\u0627\u0644\u0629 \u0625\u0644\u0649 +201140119162 \u0641\u064a 19:06:47
2025-06-11 19:06:59,046 INFO \U0001f4e9 \u0623\u0631\u0633\u0644\u0646\u0627 \u0631\u0633\u0627\u0644\u0629 \u0625\u0644\u0649 +201017122864 \u0641\u064a 19:06:59
2025-06-11 19:07:10,924 INFO \U0001f4e9 \u0623\u0631\u0633\u0644\u0646\u0627 \u0631\u0633\u0627\u0644\u0629 \u0625\u0644\u0649 +201114794206 \u0641\u064a 19:07:10
2025-06-11 19:07:22,228 INFO \U0001f4e9 \u0623\u0631\u0633\u0644\u0646\u0627 \u0631\u0633\u0627\u0644\u0629 \u0625\u0644\u0649 +201121662413 \u0641\u064a 19:07:22
2025-06-11 19:07:32,845 INFO \U0001f4e9 \u0623\u0631\u0633\u0644\u0646\u0627 \u0631\u0633\u0627\u0644\u0629 \u0625\u0644\u0649 +201122871587 \u0641\u064a 19:07:32
2025-06-11 19:07:44,658 INFO \U0001f4e9 \u0623\u0631\u0633\u0644\u0646\u0627 \u0631\u0633\u0627\u0644\u0629 \u0625\u0644\u0649 +201114874885 \u0641\u064a 19:07:44
2025-06-11 19:07:55,096 INFO \U0001f4e9 \u0623\u0631\u0633\u0644\u0646\u0627 \u0631\u0633\u0627\u0644\u0629 \u0625\u0644\u0649 +201145279498 \u0641\u064a 19:07:55
2025-06-11 19:08:06,429 INFO \U0001f4e9 \u0623\u0631\u0633\u0644\u0646\u0627 \u0631\u0633\u0627\u0644\u0629 \u0625\u0644\u0649 +201143129469 \u0641\u064a 19:08:06
2025-06-11 19:08:17,434 INFO \U0001f4e9 \u0623\u0631\u0633\u0644\u0646\u0627 \u0631\u0633\u0627\u0644\u0629 \u0625\u0644\u0649 +201141292448 \u0641\u064a 19:08:17
2025-06-11 19:08:28,295 INFO \U0001f4e9 \u0623\u0631\u0633\u0644\u0646\u0627 \u0631\u0633\u0627\u0644\u0629 \u0625\u0644\u0649 +201154460081 \u0641\u064a 19:08:28
2025-06-11 19:08:39,578 INFO \U0001f4e9 \u0623\u0631\u0633\u0644\u0646\u0627 \u0631\u0633\u0627\u0644\u0629 \u0625\u0644\u0649 +201151353503 \u0641\u064a 19:08:39
2025-06-11 19:08:51,331 INFO \U0001f4e9 \u0623\u0631\u0633\u0644\u0646\u0627 \u0631\u0633\u0627\u0644\u0629 \u0625\u0644\u0649 +201125967696 \u0641\u064a 19:08:51
2025-06-11 19:09:02,693 INFO \U0001f4e9 \u0623\u0631\u0633\u0644\u0646\u0627 \u0631\u0633\u0627\u0644\u0629 \u0625\u0644\u0649 +201144351280 \u0641\u064a 19:09:02
2025-06-11 19:09:05,693 ERROR \U0001f6ab \u0631\u0642\u0645 \u063a\u064a\u0631 \u0635\u0627\u0644\u062d: 011
2025-06-11 19:09:05,694 INFO WhatsApp not sent.
2025-06-11 19:09:06,695 ERROR \U0001f6ab \u0631\u0642\u0645 \u063a\u064a\u0631 \u0635\u0627\u0644\u062d: 01125
2025-06-11 19:09:06,696 INFO WhatsApp not sent.
2025-06-11 19:28:57,050 WARNING Initial WhatsApp send attempt failed.
2025-06-11 19:28:57,050 WARNING \u26a0\ufe0f \u062a\u0639\u0637\u0644 \u0627\u0644\u0625\u0631\u0633\u0627\u0644 \u0625\u0644\u0649 +201119033630: Message: 
Stacktrace:
	GetHandleVerifier [0x00007FF68992CF25+75717]
	GetHandleVerifier [0x00007FF68992CF80+75808]
	(No symbol) [0x00007FF6896F8F9A]
	(No symbol) [0x00007FF68974F4C6]
	(No symbol) [0x00007FF68974F77C]
	(No symbol) [0x00007FF6897A2577]
	(No symbol) [0x00007FF6897773BF]
	(No symbol) [0x00007FF68979F39C]
	(No symbol) [0x00007FF689777153]
	(No symbol) [0x00007FF689740421]
	(No symbol) [0x00007FF6897411B3]
	GetHandleVerifier [0x00007FF689C2D6FD+3223453]
	GetHandleVerifier [0x00007FF689C27CA2+3200322]
	GetHandleVerifier [0x00007FF689C45AD3+3322739]
	GetHandleVerifier [0x00007FF6899469FA+180890]
	GetHandleVerifier [0x00007FF68994E0FF+211359]
	GetHandleVerifier [0x00007FF689935274+109332]
	GetHandleVerifier [0x00007FF689935422+109762]
	GetHandleVerifier [0x00007FF68991BA39+4825]
	BaseThreadInitThunk [0x00007FFDE0AE7374+20]
	RtlUserThreadStart [0x00007FFDE0E5CC91+33]
 — \u0627\u0644\u0645\u062d\u0627\u0648\u0644\u0629 \u0628\u0625\u0639\u0627\u062f\u0629 \u062a\u0634\u063a\u064a\u0644 \u0627\u0644\u062c\u0644\u0633\u0629
2025-06-11 19:29:28,141 ERROR Retry WhatsApp send attempt failed.
2025-06-11 19:29:28,142 ERROR \u274c we couldn`t resend the message +201119033630: Message: 
Stacktrace:
	GetHandleVerifier [0x00007FF68992CF25+75717]
	GetHandleVerifier [0x00007FF68992CF80+75808]
	(No symbol) [0x00007FF6896F8F9A]
	(No symbol) [0x00007FF68974F4C6]
	(No symbol) [0x00007FF68974F77C]
	(No symbol) [0x00007FF6897A2577]
	(No symbol) [0x00007FF6897773BF]
	(No symbol) [0x00007FF68979F39C]
	(No symbol) [0x00007FF689777153]
	(No symbol) [0x00007FF689740421]
	(No symbol) [0x00007FF6897411B3]
	GetHandleVerifier [0x00007FF689C2D6FD+3223453]
	GetHandleVerifier [0x00007FF689C27CA2+3200322]
	GetHandleVerifier [0x00007FF689C45AD3+3322739]
	GetHandleVerifier [0x00007FF6899469FA+180890]
	GetHandleVerifier [0x00007FF68994E0FF+211359]
	GetHandleVerifier [0x00007FF689935274+109332]
	GetHandleVerifier [0x00007FF689935422+109762]
	GetHandleVerifier [0x00007FF68991BA39+4825]
	BaseThreadInitThunk [0x00007FFDE0AE7374+20]
	RtlUserThreadStart [0x00007FFDE0E5CC91+33]

2025-06-11 19:29:28,142 INFO WhatsApp not sent.
2025-06-11 19:29:37,993 INFO \U0001f4e9 \u0623\u0631\u0633\u0644\u0646\u0627 \u0631\u0633\u0627\u0644\u0629 \u0625\u0644\u0649 +201114793676 \u0641\u064a 19:29:37
2025-06-11 19:30:12,343 WARNING Initial WhatsApp send attempt failed.
2025-06-11 19:30:12,344 WARNING \u26a0\ufe0f \u062a\u0639\u0637\u0644 \u0627\u0644\u0625\u0631\u0633\u0627\u0644 \u0625\u0644\u0649 +201119033630: Message: 
Stacktrace:
	GetHandleVerifier [0x00007FF68992CF25+75717]
	GetHandleVerifier [0x00007FF68992CF80+75808]
	(No symbol) [0x00007FF6896F8F9A]
	(No symbol) [0x00007FF68974F4C6]
	(No symbol) [0x00007FF68974F77C]
	(No symbol) [0x00007FF6897A2577]
	(No symbol) [0x00007FF6897773BF]
	(No symbol) [0x00007FF68979F39C]
	(No symbol) [0x00007FF689777153]
	(No symbol) [0x00007FF689740421]
	(No symbol) [0x00007FF6897411B3]
	GetHandleVerifier [0x00007FF689C2D6FD+3223453]
	GetHandleVerifier [0x00007FF689C27CA2+3200322]
	GetHandleVerifier [0x00007FF689C45AD3+3322739]
	GetHandleVerifier [0x00007FF6899469FA+180890]
	GetHandleVerifier [0x00007FF68994E0FF+211359]
	GetHandleVerifier [0x00007FF689935274+109332]
	GetHandleVerifier [0x00007FF689935422+109762]
	GetHandleVerifier [0x00007FF68991BA39+4825]
	BaseThreadInitThunk [0x00007FFDE0AE7374+20]
	RtlUserThreadStart [0x00007FFDE0E5CC91+33]
 — \u0627\u0644\u0645\u062d\u0627\u0648\u0644\u0629 \u0628\u0625\u0639\u0627\u062f\u0629 \u062a\u0634\u063a\u064a\u0644 \u0627\u0644\u062c\u0644\u0633\u0629
2025-06-11 19:30:44,157 ERROR Retry WhatsApp send attempt failed.
2025-06-11 19:30:44,157 ERROR \u274c we couldn`t resend the message +201119033630: Message: 
Stacktrace:
	GetHandleVerifier [0x00007FF68992CF25+75717]
	GetHandleVerifier [0x00007FF68992CF80+75808]
	(No symbol) [0x00007FF6896F8F9A]
	(No symbol) [0x00007FF68974F4C6]
	(No symbol) [0x00007FF68974F77C]
	(No symbol) [0x00007FF6897A2577]
	(No symbol) [0x00007FF6897773BF]
	(No symbol) [0x00007FF68979F39C]
	(No symbol) [0x00007FF689777153]
	(No symbol) [0x00007FF689740421]
	(No symbol) [0x00007FF6897411B3]
	GetHandleVerifier [0x00007FF689C2D6FD+3223453]
	GetHandleVerifier [0x00007FF689C27CA2+3200322]
	GetHandleVerifier [0x00007FF689C45AD3+3322739]
	GetHandleVerifier [0x00007FF6899469FA+180890]
	GetHandleVerifier [0x00007FF68994E0FF+211359]
	GetHandleVerifier [0x00007FF689935274+109332]
	GetHandleVerifier [0x00007FF689935422+109762]
	GetHandleVerifier [0x00007FF68991BA39+4825]
	BaseThreadInitThunk [0x00007FFDE0AE7374+20]
	RtlUserThreadStart [0x00007FFDE0E5CC91+33]

2025-06-11 19:30:44,157 INFO WhatsApp not sent.
2025-06-11 19:30:53,938 INFO \U0001f4e9 \u0623\u0631\u0633\u0644\u0646\u0627 \u0631\u0633\u0627\u0644\u0629 \u0625\u0644\u0649 +201114793676 \u0641\u064a 19:30:53
2025-06-11 19:37:43,440 INFO \U0001f4e9 \u0623\u0631\u0633\u0644\u0646\u0627 \u0631\u0633\u0627\u0644\u0629 \u0625\u0644\u0649 +201113793676 \u0641\u064a 19:37:43
2025-06-12 18:21:41,757 INFO Watching for file changes with StatReloader
2025-06-12 18:21:43,511 WARNING Not Found: /favicon.ico
2025-06-12 18:29:11,837 WARNING Not Found: /favicon.ico
2025-06-13 18:49:53,817 INFO Watching for file changes with StatReloader
2025-06-13 18:53:02,526 WARNING Not Found: /favicon.ico
2025-06-13 19:01:10,053 WARNING Not Found: /favicon.ico
2025-06-14 01:47:15,940 INFO Watching for file changes with StatReloader
2025-06-14 01:47:30,390 WARNING Not Found: /favicon.ico
2025-06-14 09:39:17,116 INFO Watching for file changes with StatReloader
2025-06-14 09:40:07,220 WARNING Not Found: /favicon.ico
2025-06-14 09:48:17,473 WARNING Not Found: /favicon.ico
2025-06-14 10:48:15,631 WARNING Not Found: /favicon.ico
2025-06-14 11:08:43,449 WARNING The chromedriver version (136.0.7103.92) detected in PATH at C:\webdrivers\chromedriver.exe might not be compatible with the detected chrome version (137.0.7151.104); currently, chromedriver 137.0.7151.70 is recommended for chrome 137.*, so it is advised to delete the driver in PATH and retry
2025-06-14 11:09:10,244 INFO \u231b \u0627\u0646\u062a\u0638\u0631 \u0645\u0633\u062d QR \u0641\u064a WhatsApp Web …
2025-06-14 11:09:12,469 INFO \u2705 \u062c\u0627\u0647\u0632 \u0644\u0625\u0631\u0633\u0627\u0644 \u0627\u0644\u0631\u0633\u0627\u0626\u0644.
2025-06-14 11:09:21,108 INFO \U0001f4e9 \u0623\u0631\u0633\u0644\u0646\u0627 \u0631\u0633\u0627\u0644\u0629 \u0625\u0644\u0649 +201113793676 \u0641\u064a 11:09:21
2025-06-14 11:09:32,547 INFO \U0001f4e9 \u0623\u0631\u0633\u0644\u0646\u0627 \u0631\u0633\u0627\u0644\u0629 \u0625\u0644\u0649 +201113793676 \u0641\u064a 11:09:32
2025-06-14 11:13:11,940 WARNING Initial WhatsApp send attempt failed.
2025-06-14 11:13:11,941 WARNING \u26a0\ufe0f \u062a\u0639\u0637\u0644 \u0627\u0644\u0625\u0631\u0633\u0627\u0644 \u0625\u0644\u0649 +201125967696: Message: 
Stacktrace:
	GetHandleVerifier [0x00007FF71E40CF25+75717]
	GetHandleVerifier [0x00007FF71E40CF80+75808]
	(No symbol) [0x00007FF71E1D8F9A]
	(No symbol) [0x00007FF71E22F4C6]
	(No symbol) [0x00007FF71E22F77C]
	(No symbol) [0x00007FF71E282577]
	(No symbol) [0x00007FF71E2573BF]
	(No symbol) [0x00007FF71E27F39C]
	(No symbol) [0x00007FF71E257153]
	(No symbol) [0x00007FF71E220421]
	(No symbol) [0x00007FF71E2211B3]
	GetHandleVerifier [0x00007FF71E70D6FD+3223453]
	GetHandleVerifier [0x00007FF71E707CA2+3200322]
	GetHandleVerifier [0x00007FF71E725AD3+3322739]
	GetHandleVerifier [0x00007FF71E4269FA+180890]
	GetHandleVerifier [0x00007FF71E42E0FF+211359]
	GetHandleVerifier [0x00007FF71E415274+109332]
	GetHandleVerifier [0x00007FF71E415422+109762]
	GetHandleVerifier [0x00007FF71E3FBA39+4825]
	BaseThreadInitThunk [0x00007FFD6CC37374+20]
	RtlUserThreadStart [0x00007FFD6CE9CC91+33]
 — \u0627\u0644\u0645\u062d\u0627\u0648\u0644\u0629 \u0628\u0625\u0639\u0627\u062f\u0629 \u062a\u0634\u063a\u064a\u0644 \u0627\u0644\u062c\u0644\u0633\u0629
2025-06-14 11:13:44,024 ERROR Retry WhatsApp send attempt failed.
2025-06-14 11:13:44,024 ERROR \u274c we couldn`t resend the message +201125967696: Message: 
Stacktrace:
	GetHandleVerifier [0x00007FF71E40CF25+75717]
	GetHandleVerifier [0x00007FF71E40CF80+75808]
	(No symbol) [0x00007FF71E1D8F9A]
	(No symbol) [0x00007FF71E22F4C6]
	(No symbol) [0x00007FF71E22F77C]
	(No symbol) [0x00007FF71E282577]
	(No symbol) [0x00007FF71E2573BF]
	(No symbol) [0x00007FF71E27F39C]
	(No symbol) [0x00007FF71E257153]
	(No symbol) [0x00007FF71E220421]
	(No symbol) [0x00007FF71E2211B3]
	GetHandleVerifier [0x00007FF71E70D6FD+3223453]
	GetHandleVerifier [0x00007FF71E707CA2+3200322]
	GetHandleVerifier [0x00007FF71E725AD3+3322739]
	GetHandleVerifier [0x00007FF71E4269FA+180890]
	GetHandleVerifier [0x00007FF71E42E0FF+211359]
	GetHandleVerifier [0x00007FF71E415274+109332]
	GetHandleVerifier [0x00007FF71E415422+109762]
	GetHandleVerifier [0x00007FF71E3FBA39+4825]
	BaseThreadInitThunk [0x00007FFD6CC37374+20]
	RtlUserThreadStart [0x00007FFD6CE9CC91+33]

2025-06-14 11:13:44,024 INFO WhatsApp not sent.
2025-06-14 11:14:16,573 WARNING Initial WhatsApp send attempt failed.
2025-06-14 11:14:16,573 WARNING \u26a0\ufe0f \u062a\u0639\u0637\u0644 \u0627\u0644\u0625\u0631\u0633\u0627\u0644 \u0625\u0644\u0649 +201125967696: Message: 
Stacktrace:
	GetHandleVerifier [0x00007FF71E40CF25+75717]
	GetHandleVerifier [0x00007FF71E40CF80+75808]
	(No symbol) [0x00007FF71E1D8F9A]
	(No symbol) [0x00007FF71E22F4C6]
	(No symbol) [0x00007FF71E22F77C]
	(No symbol) [0x00007FF71E282577]
	(No symbol) [0x00007FF71E2573BF]
	(No symbol) [0x00007FF71E27F39C]
	(No symbol) [0x00007FF71E257153]
	(No symbol) [0x00007FF71E220421]
	(No symbol) [0x00007FF71E2211B3]
	GetHandleVerifier [0x00007FF71E70D6FD+3223453]
	GetHandleVerifier [0x00007FF71E707CA2+3200322]
	GetHandleVerifier [0x00007FF71E725AD3+3322739]
	GetHandleVerifier [0x00007FF71E4269FA+180890]
	GetHandleVerifier [0x00007FF71E42E0FF+211359]
	GetHandleVerifier [0x00007FF71E415274+109332]
	GetHandleVerifier [0x00007FF71E415422+109762]
	GetHandleVerifier [0x00007FF71E3FBA39+4825]
	BaseThreadInitThunk [0x00007FFD6CC37374+20]
	RtlUserThreadStart [0x00007FFD6CE9CC91+33]
 — \u0627\u0644\u0645\u062d\u0627\u0648\u0644\u0629 \u0628\u0625\u0639\u0627\u062f\u0629 \u062a\u0634\u063a\u064a\u0644 \u0627\u0644\u062c\u0644\u0633\u0629
2025-06-14 11:14:48,031 ERROR Retry WhatsApp send attempt failed.
2025-06-14 11:14:48,031 ERROR \u274c we couldn`t resend the message +201125967696: Message: 
Stacktrace:
	GetHandleVerifier [0x00007FF71E40CF25+75717]
	GetHandleVerifier [0x00007FF71E40CF80+75808]
	(No symbol) [0x00007FF71E1D8F9A]
	(No symbol) [0x00007FF71E22F4C6]
	(No symbol) [0x00007FF71E22F77C]
	(No symbol) [0x00007FF71E282577]
	(No symbol) [0x00007FF71E2573BF]
	(No symbol) [0x00007FF71E27F39C]
	(No symbol) [0x00007FF71E257153]
	(No symbol) [0x00007FF71E220421]
	(No symbol) [0x00007FF71E2211B3]
	GetHandleVerifier [0x00007FF71E70D6FD+3223453]
	GetHandleVerifier [0x00007FF71E707CA2+3200322]
	GetHandleVerifier [0x00007FF71E725AD3+3322739]
	GetHandleVerifier [0x00007FF71E4269FA+180890]
	GetHandleVerifier [0x00007FF71E42E0FF+211359]
	GetHandleVerifier [0x00007FF71E415274+109332]
	GetHandleVerifier [0x00007FF71E415422+109762]
	GetHandleVerifier [0x00007FF71E3FBA39+4825]
	BaseThreadInitThunk [0x00007FFD6CC37374+20]
	RtlUserThreadStart [0x00007FFD6CE9CC91+33]

2025-06-14 11:14:48,031 INFO WhatsApp not sent.
2025-06-14 13:01:50,121 INFO Watching for file changes with StatReloader
2025-06-14 13:01:52,624 WARNING Not Found: /favicon.ico
2025-06-14 13:03:16,601 WARNING The chromedriver version (136.0.7103.92) detected in PATH at C:\webdrivers\chromedriver.exe might not be compatible with the detected chrome version (137.0.7151.104); currently, chromedriver 137.0.7151.70 is recommended for chrome 137.*, so it is advised to delete the driver in PATH and retry
2025-06-14 13:03:16,602 WARNING Error sending stats to Plausible: error sending request for url (https://plausible.io/api/event)
2025-06-14 13:03:21,102 INFO \u231b \u0627\u0646\u062a\u0638\u0631 \u0645\u0633\u062d QR \u0641\u064a WhatsApp Web …
2025-06-14 13:03:29,450 INFO \u2705 \u062c\u0627\u0647\u0632 \u0644\u0625\u0631\u0633\u0627\u0644 \u0627\u0644\u0631\u0633\u0627\u0626\u0644.
2025-06-14 13:03:39,670 INFO \U0001f4e9 \u0623\u0631\u0633\u0644\u0646\u0627 \u0631\u0633\u0627\u0644\u0629 \u0625\u0644\u0649 +201113793676 \u0641\u064a 13:03:39
2025-06-14 13:03:52,681 INFO \U0001f4e9 \u0623\u0631\u0633\u0644\u0646\u0627 \u0631\u0633\u0627\u0644\u0629 \u0625\u0644\u0649 +201113793676 \u0641\u064a 13:03:52
2025-06-14 14:35:18,733 INFO Watching for file changes with StatReloader
2025-06-14 14:35:37,526 WARNING Not Found: /favicon.ico
2025-06-14 14:37:11,838 INFO C:\Users\Abdo\Desktop\students-manager\v2student_manager\students\util.py changed, reloading.
2025-06-14 14:37:13,999 INFO Watching for file changes with StatReloader
2025-06-14 14:34:39,631 INFO Watching for file changes with StatReloader
2025-06-14 14:44:03,045 WARNING Not Found: /favicon.ico
2025-06-14 16:39:23,995 INFO C:\Users\Abdo\Desktop\students-manager\v2student_manager\students\models.py changed, reloading.
2025-06-14 16:39:29,714 INFO C:\Users\Abdo\Desktop\students-manager\v2student_manager\students\models.py changed, reloading.
2025-06-14 16:39:48,995 INFO C:\Users\Abdo\Desktop\students-manager\v2student_manager\students\admin.py changed, reloading.
2025-06-14 16:39:51,242 INFO Watching for file changes with StatReloader
2025-06-14 16:39:56,147 INFO C:\Users\Abdo\Desktop\students-manager\v2student_manager\students\admin.py changed, reloading.
2025-06-14 16:39:58,609 INFO Watching for file changes with StatReloader
2025-06-14 16:40:03,549 INFO C:\Users\Abdo\Desktop\students-manager\v2student_manager\students\admin.py changed, reloading.
2025-06-14 16:40:05,716 INFO Watching for file changes with StatReloader
2025-06-14 16:40:49,953 INFO C:\Users\Abdo\Desktop\students-manager\v2student_manager\students\admin.py changed, reloading.
2025-06-14 16:40:51,896 INFO Watching for file changes with StatReloader
2025-06-14 16:40:59,491 INFO C:\Users\Abdo\Desktop\students-manager\v2student_manager\students\admin.py changed, reloading.
2025-06-14 16:41:01,869 INFO Watching for file changes with StatReloader
2025-06-14 16:41:21,117 INFO C:\Users\Abdo\Desktop\students-manager\v2student_manager\students\admin.py changed, reloading.
2025-06-14 16:41:24,624 INFO C:\Users\Abdo\Desktop\students-manager\v2student_manager\students\admin.py changed, reloading.
2025-06-14 16:41:26,490 INFO Watching for file changes with StatReloader
2025-06-14 16:56:37,056 INFO C:\Users\Abdo\Desktop\students-manager\v2student_manager\students\admin.py changed, reloading.
2025-06-14 16:56:40,733 INFO Watching for file changes with StatReloader
2025-06-14 16:57:06,810 INFO C:\Users\Abdo\Desktop\students-manager\v2student_manager\students\models.py changed, reloading.
2025-06-14 16:57:09,436 INFO Watching for file changes with StatReloader
2025-06-14 16:57:13,935 INFO C:\Users\Abdo\Desktop\students-manager\v2student_manager\students\models.py changed, reloading.
2025-06-14 16:57:16,038 INFO Watching for file changes with StatReloader
2025-06-14 16:57:55,961 INFO C:\Users\Abdo\Desktop\students-manager\v2student_manager\students\models.py changed, reloading.
2025-06-14 16:58:12,623 INFO Watching for file changes with StatReloader
2025-06-14 16:58:21,102 INFO C:\Users\Abdo\Desktop\students-manager\v2student_manager\students\models.py changed, reloading.
2025-06-14 16:58:23,756 INFO Watching for file changes with StatReloader
2025-06-14 16:58:26,704 INFO C:\Users\Abdo\Desktop\students-manager\v2student_manager\students\models.py changed, reloading.
2025-06-14 16:58:28,729 INFO Watching for file changes with StatReloader
2025-06-14 16:58:31,597 INFO C:\Users\Abdo\Desktop\students-manager\v2student_manager\students\models.py changed, reloading.
2025-06-14 16:58:36,367 INFO Watching for file changes with StatReloader
2025-06-14 16:58:39,485 INFO C:\Users\Abdo\Desktop\students-manager\v2student_manager\students\models.py changed, reloading.
2025-06-14 16:58:41,565 INFO Watching for file changes with StatReloader
2025-06-14 16:59:38,802 INFO C:\Users\Abdo\Desktop\students-manager\v2student_manager\students\models.py changed, reloading.
2025-06-14 16:59:43,600 INFO Watching for file changes with StatReloader
2025-06-14 16:59:45,710 INFO C:\Users\Abdo\Desktop\students-manager\v2student_manager\students\models.py changed, reloading.
2025-06-14 16:59:47,692 INFO Watching for file changes with StatReloader
2025-06-14 19:12:46,633 INFO Watching for file changes with StatReloader
2025-06-14 19:14:02,910 INFO Watching for file changes with StatReloader
2025-06-14 19:14:07,431 WARNING Not Found: /favicon.ico
2025-06-14 19:14:57,784 ERROR Internal Server Error: /historical-insights/
Traceback (most recent call last):
  File "C:\Users\Abdo\Desktop\students-manager\Lib\site-packages\django\core\handlers\exception.py", line 55, in inner
    response = get_response(request)
  File "C:\Users\Abdo\Desktop\students-manager\Lib\site-packages\django\core\handlers\base.py", line 197, in _get_response
    response = wrapped_callback(request, *callback_args, **callback_kwargs)
  File "C:\Users\Abdo\Desktop\students-manager\v2student_manager\students\views.py", line 1266, in historical_insights_view
    context['attendance_trends'] = get_attendance_trends(start_date_obj, end_date_obj, period='day', branch_id=selected_branch)
                                   ~~~~~~~~~~~~~~~~~~~~~^^^^^^^^^^^^^^^^^^^^^^^^^^^^^^^^^^^^^^^^^^^^^^^^^^^^^^^^^^^^^^^^^^^^^^^
TypeError: get_attendance_trends() got an unexpected keyword argument 'branch_id'
2025-06-14 19:15:41,896 ERROR Internal Server Error: /dashboard/
Traceback (most recent call last):
  File "C:\Users\Abdo\Desktop\students-manager\Lib\site-packages\django\core\handlers\exception.py", line 55, in inner
    response = get_response(request)
  File "C:\Users\Abdo\Desktop\students-manager\Lib\site-packages\django\core\handlers\base.py", line 197, in _get_response
    response = wrapped_callback(request, *callback_args, **callback_kwargs)
  File "C:\Users\Abdo\Desktop\students-manager\v2student_manager\students\views.py", line 1181, in daily_dashboard_view
    overdue_payment_students = get_students_with_overdue_payments()
  File "C:\Users\Abdo\Desktop\students-manager\v2student_manager\students\util.py", line 678, in get_students_with_overdue_payments
    if branch_id:
       ^^^^^^^^^
NameError: name 'branch_id' is not defined
2025-06-14 19:16:36,179 ERROR Internal Server Error: /historical-insights/
Traceback (most recent call last):
  File "C:\Users\Abdo\Desktop\students-manager\Lib\site-packages\django\core\handlers\exception.py", line 55, in inner
    response = get_response(request)
  File "C:\Users\Abdo\Desktop\students-manager\Lib\site-packages\django\core\handlers\base.py", line 197, in _get_response
    response = wrapped_callback(request, *callback_args, **callback_kwargs)
  File "C:\Users\Abdo\Desktop\students-manager\v2student_manager\students\views.py", line 1266, in historical_insights_view
    context['attendance_trends'] = get_attendance_trends(start_date_obj, end_date_obj, period='day', branch_id=selected_branch)
                                   ~~~~~~~~~~~~~~~~~~~~~^^^^^^^^^^^^^^^^^^^^^^^^^^^^^^^^^^^^^^^^^^^^^^^^^^^^^^^^^^^^^^^^^^^^^^^
TypeError: get_attendance_trends() got an unexpected keyword argument 'branch_id'
2025-06-14 19:16:40,196 ERROR Internal Server Error: /historical-insights/
Traceback (most recent call last):
  File "C:\Users\Abdo\Desktop\students-manager\Lib\site-packages\django\core\handlers\exception.py", line 55, in inner
    response = get_response(request)
  File "C:\Users\Abdo\Desktop\students-manager\Lib\site-packages\django\core\handlers\base.py", line 197, in _get_response
    response = wrapped_callback(request, *callback_args, **callback_kwargs)
  File "C:\Users\Abdo\Desktop\students-manager\v2student_manager\students\views.py", line 1266, in historical_insights_view
    context['attendance_trends'] = get_attendance_trends(start_date_obj, end_date_obj, period='day', branch_id=selected_branch)
                                   ~~~~~~~~~~~~~~~~~~~~~^^^^^^^^^^^^^^^^^^^^^^^^^^^^^^^^^^^^^^^^^^^^^^^^^^^^^^^^^^^^^^^^^^^^^^^
TypeError: get_attendance_trends() got an unexpected keyword argument 'branch_id'
2025-06-14 19:22:09,096 INFO Watching for file changes with StatReloader
2025-06-14 19:22:12,837 ERROR Internal Server Error: /historical-insights/
Traceback (most recent call last):
  File "C:\Users\Abdo\Desktop\students-manager\Lib\site-packages\django\core\handlers\exception.py", line 55, in inner
    response = get_response(request)
  File "C:\Users\Abdo\Desktop\students-manager\Lib\site-packages\django\core\handlers\base.py", line 197, in _get_response
    response = wrapped_callback(request, *callback_args, **callback_kwargs)
  File "C:\Users\Abdo\Desktop\students-manager\v2student_manager\students\views.py", line 1266, in historical_insights_view
    context['attendance_trends'] = get_attendance_trends(start_date_obj, end_date_obj, period='day', branch_id=selected_branch)
                                   ~~~~~~~~~~~~~~~~~~~~~^^^^^^^^^^^^^^^^^^^^^^^^^^^^^^^^^^^^^^^^^^^^^^^^^^^^^^^^^^^^^^^^^^^^^^^
TypeError: get_attendance_trends() got an unexpected keyword argument 'branch_id'
2025-06-14 19:22:18,657 ERROR Internal Server Error: /dashboard/
Traceback (most recent call last):
  File "C:\Users\Abdo\Desktop\students-manager\Lib\site-packages\django\core\handlers\exception.py", line 55, in inner
    response = get_response(request)
  File "C:\Users\Abdo\Desktop\students-manager\Lib\site-packages\django\core\handlers\base.py", line 197, in _get_response
    response = wrapped_callback(request, *callback_args, **callback_kwargs)
  File "C:\Users\Abdo\Desktop\students-manager\v2student_manager\students\views.py", line 1181, in daily_dashboard_view
    overdue_payment_students = get_students_with_overdue_payments()
  File "C:\Users\Abdo\Desktop\students-manager\v2student_manager\students\util.py", line 678, in get_students_with_overdue_payments
    if branch_id:
       ^^^^^^^^^
NameError: name 'branch_id' is not defined
2025-06-14 19:22:59,855 INFO C:\Users\Abdo\Desktop\students-manager\v2student_manager\students\util.py changed, reloading.
2025-06-14 19:23:03,090 INFO Watching for file changes with StatReloader
2025-06-14 19:26:18,521 INFO C:\Users\Abdo\Desktop\students-manager\v2student_manager\students\util.py changed, reloading.
2025-06-14 19:26:21,692 INFO Watching for file changes with StatReloader
2025-06-14 19:26:46,720 INFO C:\Users\Abdo\Desktop\students-manager\v2student_manager\students\util.py changed, reloading.
2025-06-14 19:26:49,293 INFO Watching for file changes with StatReloader
2025-06-14 19:27:25,201 INFO C:\Users\Abdo\Desktop\students-manager\v2student_manager\students\views.py changed, reloading.
2025-06-14 19:27:28,249 INFO Watching for file changes with StatReloader
2025-06-14 19:27:31,338 ERROR Internal Server Error: /dashboard/
Traceback (most recent call last):
  File "C:\Users\Abdo\Desktop\students-manager\Lib\site-packages\django\core\handlers\exception.py", line 55, in inner
    response = get_response(request)
  File "C:\Users\Abdo\Desktop\students-manager\Lib\site-packages\django\core\handlers\base.py", line 197, in _get_response
    response = wrapped_callback(request, *callback_args, **callback_kwargs)
  File "C:\Users\Abdo\Desktop\students-manager\v2student_manager\students\views.py", line 1181, in daily_dashboard_view
    overdue_payment_students = get_students_with_overdue_payments()
  File "C:\Users\Abdo\Desktop\students-manager\v2student_manager\students\util.py", line 678, in get_students_with_overdue_payments
    if branch_id:
       ^^^^^^^^^
NameError: name 'branch_id' is not defined
2025-06-14 19:29:33,503 ERROR Internal Server Error: /dashboard/
Traceback (most recent call last):
  File "C:\Users\Abdo\Desktop\students-manager\Lib\site-packages\django\core\handlers\exception.py", line 55, in inner
    response = get_response(request)
  File "C:\Users\Abdo\Desktop\students-manager\Lib\site-packages\django\core\handlers\base.py", line 197, in _get_response
    response = wrapped_callback(request, *callback_args, **callback_kwargs)
  File "C:\Users\Abdo\Desktop\students-manager\v2student_manager\students\views.py", line 1181, in daily_dashboard_view
    overdue_payment_students = get_students_with_overdue_payments()
  File "C:\Users\Abdo\Desktop\students-manager\v2student_manager\students\util.py", line 678, in get_students_with_overdue_payments
    if branch_id:
       ^^^^^^^^^
NameError: name 'branch_id' is not defined
2025-06-14 19:33:21,698 ERROR Internal Server Error: /dashboard/
Traceback (most recent call last):
  File "C:\Users\Abdo\Desktop\students-manager\Lib\site-packages\django\core\handlers\exception.py", line 55, in inner
    response = get_response(request)
  File "C:\Users\Abdo\Desktop\students-manager\Lib\site-packages\django\core\handlers\base.py", line 197, in _get_response
    response = wrapped_callback(request, *callback_args, **callback_kwargs)
  File "C:\Users\Abdo\Desktop\students-manager\v2student_manager\students\views.py", line 1181, in daily_dashboard_view
    overdue_payment_students = get_students_with_overdue_payments()
  File "C:\Users\Abdo\Desktop\students-manager\v2student_manager\students\util.py", line 678, in get_students_with_overdue_payments
    if branch_id:
       ^^^^^^^^^
NameError: name 'branch_id' is not defined
2025-06-14 19:33:22,602 ERROR Internal Server Error: /dashboard/
Traceback (most recent call last):
  File "C:\Users\Abdo\Desktop\students-manager\Lib\site-packages\django\core\handlers\exception.py", line 55, in inner
    response = get_response(request)
  File "C:\Users\Abdo\Desktop\students-manager\Lib\site-packages\django\core\handlers\base.py", line 197, in _get_response
    response = wrapped_callback(request, *callback_args, **callback_kwargs)
  File "C:\Users\Abdo\Desktop\students-manager\v2student_manager\students\views.py", line 1181, in daily_dashboard_view
    overdue_payment_students = get_students_with_overdue_payments()
  File "C:\Users\Abdo\Desktop\students-manager\v2student_manager\students\util.py", line 678, in get_students_with_overdue_payments
    if branch_id:
       ^^^^^^^^^
NameError: name 'branch_id' is not defined
2025-06-14 19:33:28,944 INFO Watching for file changes with StatReloader
2025-06-14 19:33:29,881 ERROR Internal Server Error: /dashboard/
Traceback (most recent call last):
  File "C:\Users\Abdo\Desktop\students-manager\Lib\site-packages\django\core\handlers\exception.py", line 55, in inner
    response = get_response(request)
  File "C:\Users\Abdo\Desktop\students-manager\Lib\site-packages\django\core\handlers\base.py", line 197, in _get_response
    response = wrapped_callback(request, *callback_args, **callback_kwargs)
  File "C:\Users\Abdo\Desktop\students-manager\v2student_manager\students\views.py", line 1181, in daily_dashboard_view
    overdue_payment_students = get_students_with_overdue_payments()
  File "C:\Users\Abdo\Desktop\students-manager\v2student_manager\students\util.py", line 678, in get_students_with_overdue_payments
    if branch_id:
       ^^^^^^^^^
NameError: name 'branch_id' is not defined
2025-06-14 19:33:30,992 ERROR Internal Server Error: /dashboard/
Traceback (most recent call last):
  File "C:\Users\Abdo\Desktop\students-manager\Lib\site-packages\django\core\handlers\exception.py", line 55, in inner
    response = get_response(request)
  File "C:\Users\Abdo\Desktop\students-manager\Lib\site-packages\django\core\handlers\base.py", line 197, in _get_response
    response = wrapped_callback(request, *callback_args, **callback_kwargs)
  File "C:\Users\Abdo\Desktop\students-manager\v2student_manager\students\views.py", line 1181, in daily_dashboard_view
    overdue_payment_students = get_students_with_overdue_payments()
  File "C:\Users\Abdo\Desktop\students-manager\v2student_manager\students\util.py", line 678, in get_students_with_overdue_payments
    if branch_id:
       ^^^^^^^^^
NameError: name 'branch_id' is not defined
2025-06-14 19:36:20,684 INFO C:\Users\Abdo\Desktop\students-manager\v2student_manager\students\util.py changed, reloading.
2025-06-14 19:36:24,368 INFO Watching for file changes with StatReloader
2025-06-14 19:36:37,720 INFO C:\Users\Abdo\Desktop\students-manager\v2student_manager\students\util.py changed, reloading.
2025-06-14 19:36:40,661 INFO Watching for file changes with StatReloader
2025-06-14 19:40:14,099 INFO C:\Users\Abdo\Desktop\students-manager\v2student_manager\students\views.py changed, reloading.
2025-06-14 19:40:17,685 INFO Watching for file changes with StatReloader
2025-06-14 19:40:32,355 INFO C:\Users\Abdo\Desktop\students-manager\v2student_manager\students\views.py changed, reloading.
2025-06-14 19:40:34,802 INFO Watching for file changes with StatReloader
2025-06-14 19:43:57,361 WARNING The chromedriver version (136.0.7103.92) detected in PATH at C:\webdrivers\chromedriver.exe might not be compatible with the detected chrome version (137.0.7151.104); currently, chromedriver 137.0.7151.70 is recommended for chrome 137.*, so it is advised to delete the driver in PATH and retry
2025-06-14 19:44:03,753 INFO \u231b \u0627\u0646\u062a\u0638\u0631 \u0645\u0633\u062d QR \u0641\u064a WhatsApp Web …
2025-06-14 19:44:11,488 INFO \u2705 \u062c\u0627\u0647\u0632 \u0644\u0625\u0631\u0633\u0627\u0644 \u0627\u0644\u0631\u0633\u0627\u0626\u0644.
2025-06-14 19:44:24,809 INFO \U0001f4e9 \u0623\u0631\u0633\u0644\u0646\u0627 \u0631\u0633\u0627\u0644\u0629 \u0625\u0644\u0649 +201113793676 \u0641\u064a 19:44:24
2025-06-14 19:44:38,303 INFO \U0001f4e9 \u0623\u0631\u0633\u0644\u0646\u0627 \u0631\u0633\u0627\u0644\u0629 \u0625\u0644\u0649 +201113793676 \u0641\u064a 19:44:38
2025-06-14 19:46:34,337 INFO \U0001f4e9 \u0623\u0631\u0633\u0644\u0646\u0627 \u0631\u0633\u0627\u0644\u0629 \u0625\u0644\u0649 +201113793676 \u0641\u064a 19:46:34
2025-06-14 19:47:41,292 INFO \U0001f4e9 \u0623\u0631\u0633\u0644\u0646\u0627 \u0631\u0633\u0627\u0644\u0629 \u0625\u0644\u0649 +201113793676 \u0641\u064a 19:47:41
2025-06-14 19:47:53,129 INFO \U0001f4e9 \u0623\u0631\u0633\u0644\u0646\u0627 \u0631\u0633\u0627\u0644\u0629 \u0625\u0644\u0649 +201113793676 \u0641\u064a 19:47:53
2025-06-14 19:58:47,652 INFO C:\Users\Abdo\Desktop\students-manager\v2student_manager\students\views.py changed, reloading.
2025-06-14 19:58:51,045 INFO Watching for file changes with StatReloader
2025-06-14 19:58:53,821 INFO C:\Users\Abdo\Desktop\students-manager\v2student_manager\students\views.py changed, reloading.
2025-06-14 19:58:56,339 INFO Watching for file changes with StatReloader
2025-06-14 19:59:12,808 INFO C:\Users\Abdo\Desktop\students-manager\v2student_manager\students\views.py changed, reloading.
2025-06-14 19:59:14,819 INFO Watching for file changes with StatReloader
2025-06-14 19:59:19,803 INFO C:\Users\Abdo\Desktop\students-manager\v2student_manager\students\views.py changed, reloading.
2025-06-14 19:59:22,455 INFO Watching for file changes with StatReloader
2025-06-14 19:59:26,405 INFO C:\Users\Abdo\Desktop\students-manager\v2student_manager\students\views.py changed, reloading.
2025-06-14 19:59:28,944 INFO Watching for file changes with StatReloader
2025-06-14 19:59:31,114 INFO C:\Users\Abdo\Desktop\students-manager\v2student_manager\students\views.py changed, reloading.
2025-06-14 19:59:33,507 INFO Watching for file changes with StatReloader
2025-06-14 19:59:39,887 INFO C:\Users\Abdo\Desktop\students-manager\v2student_manager\students\views.py changed, reloading.
2025-06-14 19:59:43,486 INFO Watching for file changes with StatReloader
2025-06-14 20:14:51,114 INFO C:\Users\Abdo\Desktop\students-manager\v2student_manager\students\views.py changed, reloading.
2025-06-14 20:14:53,616 INFO Watching for file changes with StatReloader
2025-06-14 20:14:57,780 INFO C:\Users\Abdo\Desktop\students-manager\v2student_manager\students\views.py changed, reloading.
2025-06-14 20:15:00,293 INFO Watching for file changes with StatReloader
2025-06-14 20:15:56,893 INFO C:\Users\Abdo\Desktop\students-manager\v2student_manager\students\views.py changed, reloading.
2025-06-14 20:15:59,318 INFO Watching for file changes with StatReloader
2025-06-14 20:17:05,715 INFO C:\Users\Abdo\Desktop\students-manager\v2student_manager\students\views.py changed, reloading.
2025-06-14 20:17:07,881 INFO Watching for file changes with StatReloader
2025-06-14 20:17:15,625 INFO C:\Users\Abdo\Desktop\students-manager\v2student_manager\students\views.py changed, reloading.
2025-06-14 20:17:18,665 INFO Watching for file changes with StatReloader
2025-06-14 20:17:20,851 INFO C:\Users\Abdo\Desktop\students-manager\v2student_manager\students\views.py changed, reloading.
2025-06-14 20:17:23,269 INFO Watching for file changes with StatReloader
2025-06-14 20:18:56,022 INFO C:\Users\Abdo\Desktop\students-manager\v2student_manager\students\views.py changed, reloading.
2025-06-14 20:18:59,306 INFO Watching for file changes with StatReloader
2025-06-14 20:19:02,939 INFO C:\Users\Abdo\Desktop\students-manager\v2student_manager\students\views.py changed, reloading.
2025-06-14 20:19:05,617 INFO Watching for file changes with StatReloader
2025-06-14 20:19:12,209 INFO C:\Users\Abdo\Desktop\students-manager\v2student_manager\students\views.py changed, reloading.
2025-06-14 20:19:17,172 INFO Watching for file changes with StatReloader
2025-06-14 20:19:24,741 INFO C:\Users\Abdo\Desktop\students-manager\v2student_manager\students\views.py changed, reloading.
2025-06-14 20:19:27,213 INFO Watching for file changes with StatReloader
2025-06-14 20:19:29,873 INFO C:\Users\Abdo\Desktop\students-manager\v2student_manager\students\views.py changed, reloading.
2025-06-14 20:19:32,033 INFO Watching for file changes with StatReloader
2025-06-14 20:19:36,254 INFO C:\Users\Abdo\Desktop\students-manager\v2student_manager\students\views.py changed, reloading.
2025-06-14 20:19:38,472 INFO Watching for file changes with StatReloader
2025-06-14 20:19:40,596 INFO C:\Users\Abdo\Desktop\students-manager\v2student_manager\students\views.py changed, reloading.
2025-06-14 20:19:42,986 INFO Watching for file changes with StatReloader
2025-06-14 20:19:45,313 INFO C:\Users\Abdo\Desktop\students-manager\v2student_manager\students\views.py changed, reloading.
2025-06-14 20:19:47,825 INFO Watching for file changes with StatReloader
2025-06-14 20:31:07,603 INFO C:\Users\Abdo\Desktop\students-manager\v2student_manager\students\util.py changed, reloading.
2025-06-14 20:31:11,662 INFO Watching for file changes with StatReloader
2025-06-14 20:31:20,844 INFO C:\Users\Abdo\Desktop\students-manager\v2student_manager\students\util.py changed, reloading.
2025-06-14 20:31:23,504 INFO Watching for file changes with StatReloader
2025-06-14 20:31:39,429 INFO C:\Users\Abdo\Desktop\students-manager\v2student_manager\students\util.py changed, reloading.
2025-06-14 20:31:42,781 INFO Watching for file changes with StatReloader
2025-06-14 20:32:14,655 INFO C:\Users\Abdo\Desktop\students-manager\v2student_manager\students\util.py changed, reloading.
2025-06-14 20:32:17,340 INFO Watching for file changes with StatReloader
2025-06-14 20:33:58,344 INFO C:\Users\Abdo\Desktop\students-manager\v2student_manager\students\views.py changed, reloading.
2025-06-14 20:34:00,736 INFO Watching for file changes with StatReloader
2025-06-14 20:35:53,438 INFO Watching for file changes with StatReloader
2025-06-14 20:38:19,113 INFO C:\Users\Abdo\Desktop\students-manager\v2student_manager\students\views.py changed, reloading.
2025-06-14 20:44:20,465 INFO C:\Users\Abdo\Desktop\students-manager\v2student_manager\students\util.py changed, reloading.
2025-06-14 20:45:38,777 INFO C:\Users\Abdo\Desktop\students-manager\v2student_manager\students\util.py changed, reloading.
2025-06-14 20:46:16,269 WARNING The chromedriver version (136.0.7103.92) detected in PATH at C:\webdrivers\chromedriver.exe might not be compatible with the detected chrome version (137.0.7151.104); currently, chromedriver 137.0.7151.70 is recommended for chrome 137.*, so it is advised to delete the driver in PATH and retry
2025-06-14 20:46:16,269 WARNING Error sending stats to Plausible: error sending request for url (https://plausible.io/api/event)
2025-06-14 20:46:23,403 INFO \u231b \u0627\u0646\u062a\u0638\u0631 \u0645\u0633\u062d QR \u0641\u064a WhatsApp Web …
2025-06-14 20:46:35,034 INFO \u2705 \u062c\u0627\u0647\u0632 \u0644\u0625\u0631\u0633\u0627\u0644 \u0627\u0644\u0631\u0633\u0627\u0626\u0644.
2025-06-14 20:46:46,339 INFO \U0001f4e9 \u0623\u0631\u0633\u0644\u0646\u0627 \u0631\u0633\u0627\u0644\u0629 \u0625\u0644\u0649 +201113793676 \u0641\u064a 20:46:46
2025-06-14 20:46:58,980 INFO \U0001f4e9 \u0623\u0631\u0633\u0644\u0646\u0627 \u0631\u0633\u0627\u0644\u0629 \u0625\u0644\u0649 +201113793676 \u0641\u064a 20:46:58
2025-06-14 20:48:06,321 INFO \U0001f4e9 \u0623\u0631\u0633\u0644\u0646\u0627 \u0631\u0633\u0627\u0644\u0629 \u0625\u0644\u0649 +201113793676 \u0641\u064a 20:48:06
2025-06-14 20:49:03,622 WARNING Initial WhatsApp send attempt failed.
2025-06-14 20:49:03,624 WARNING \u26a0\ufe0f \u062a\u0639\u0637\u0644 \u0627\u0644\u0625\u0631\u0633\u0627\u0644 \u0625\u0644\u0649 +201113793676: Message: 
Stacktrace:
	GetHandleVerifier [0x00007FF6CF66CF25+75717]
	GetHandleVerifier [0x00007FF6CF66CF80+75808]
	(No symbol) [0x00007FF6CF438F9A]
	(No symbol) [0x00007FF6CF48F4C6]
	(No symbol) [0x00007FF6CF48F77C]
	(No symbol) [0x00007FF6CF4E2577]
	(No symbol) [0x00007FF6CF4B73BF]
	(No symbol) [0x00007FF6CF4DF39C]
	(No symbol) [0x00007FF6CF4B7153]
	(No symbol) [0x00007FF6CF480421]
	(No symbol) [0x00007FF6CF4811B3]
	GetHandleVerifier [0x00007FF6CF96D6FD+3223453]
	GetHandleVerifier [0x00007FF6CF967CA2+3200322]
	GetHandleVerifier [0x00007FF6CF985AD3+3322739]
	GetHandleVerifier [0x00007FF6CF6869FA+180890]
	GetHandleVerifier [0x00007FF6CF68E0FF+211359]
	GetHandleVerifier [0x00007FF6CF675274+109332]
	GetHandleVerifier [0x00007FF6CF675422+109762]
	GetHandleVerifier [0x00007FF6CF65BA39+4825]
	BaseThreadInitThunk [0x00007FFAFF677374+20]
	RtlUserThreadStart [0x00007FFB00BFCC91+33]
 — \u0627\u0644\u0645\u062d\u0627\u0648\u0644\u0629 \u0628\u0625\u0639\u0627\u062f\u0629 \u062a\u0634\u063a\u064a\u0644 \u0627\u0644\u062c\u0644\u0633\u0629
2025-06-14 20:49:15,735 INFO \U0001f501 resending succesful +201113793676
2025-06-14 20:49:38,052 INFO C:\Users\Abdo\Desktop\students-manager\v2student_manager\students\util.py changed, reloading.
2025-06-14 20:49:49,445 INFO C:\Users\Abdo\Desktop\students-manager\v2student_manager\students\views.py changed, reloading.
2025-06-14 20:50:17,308 INFO C:\Users\Abdo\Desktop\students-manager\v2student_manager\students\util.py changed, reloading.
2025-06-14 20:50:28,832 INFO C:\Users\Abdo\Desktop\students-manager\v2student_manager\students\util.py changed, reloading.
2025-06-14 20:50:34,836 INFO C:\Users\Abdo\Desktop\students-manager\v2student_manager\students\util.py changed, reloading.
2025-06-14 20:50:48,909 INFO C:\Users\Abdo\Desktop\students-manager\v2student_manager\students\util.py changed, reloading.
2025-06-14 20:53:50,336 INFO C:\Users\Abdo\Desktop\students-manager\v2student_manager\students\views.py changed, reloading.
2025-06-14 21:00:56,274 INFO C:\Users\Abdo\Desktop\students-manager\v2student_manager\students\views.py changed, reloading.
2025-06-14 21:01:03,227 INFO C:\Users\Abdo\Desktop\students-manager\v2student_manager\students\views.py changed, reloading.
2025-06-14 21:01:47,330 ERROR Internal Server Error: /attendance/
Traceback (most recent call last):
  File "C:\Users\Abdo\Desktop\students-manager\Lib\site-packages\django\core\handlers\exception.py", line 55, in inner
    response = get_response(request)
  File "C:\Users\Abdo\Desktop\students-manager\Lib\site-packages\django\core\handlers\base.py", line 197, in _get_response
    response = wrapped_callback(request, *callback_args, **callback_kwargs)
  File "C:\Users\Abdo\Desktop\students-manager\v2student_manager\students\views.py", line 126, in barcode_attendance_view
    send_or_log(student, lateness_message(student), 'Lateness Alert')
                         ^^^^^^^^^^^^^^^^
NameError: name 'lateness_message' is not defined
2025-06-14 21:05:35,018 ERROR Internal Server Error: /attendance/
Traceback (most recent call last):
  File "C:\Users\Abdo\Desktop\students-manager\Lib\site-packages\django\core\handlers\exception.py", line 55, in inner
    response = get_response(request)
  File "C:\Users\Abdo\Desktop\students-manager\Lib\site-packages\django\core\handlers\base.py", line 197, in _get_response
    response = wrapped_callback(request, *callback_args, **callback_kwargs)
  File "C:\Users\Abdo\Desktop\students-manager\v2student_manager\students\views.py", line 126, in barcode_attendance_view
    send_or_log(student, lateness_message(student), 'Lateness Alert')
                         ^^^^^^^^^^^^^^^^
NameError: name 'lateness_message' is not defined
2025-06-14 21:06:05,890 ERROR Internal Server Error: /attendance/
Traceback (most recent call last):
  File "C:\Users\Abdo\Desktop\students-manager\Lib\site-packages\django\core\handlers\exception.py", line 55, in inner
    response = get_response(request)
  File "C:\Users\Abdo\Desktop\students-manager\Lib\site-packages\django\core\handlers\base.py", line 197, in _get_response
    response = wrapped_callback(request, *callback_args, **callback_kwargs)
  File "C:\Users\Abdo\Desktop\students-manager\v2student_manager\students\views.py", line 126, in barcode_attendance_view
    send_or_log(student, lateness_message(student), 'Lateness Alert')
                         ^^^^^^^^^^^^^^^^
NameError: name 'lateness_message' is not defined
2025-06-14 21:07:25,870 INFO C:\Users\Abdo\Desktop\students-manager\v2student_manager\students\views.py changed, reloading.
2025-06-14 21:07:38,009 WARNING The chromedriver version (136.0.7103.92) detected in PATH at C:\webdrivers\chromedriver.exe might not be compatible with the detected chrome version (137.0.7151.104); currently, chromedriver 137.0.7151.70 is recommended for chrome 137.*, so it is advised to delete the driver in PATH and retry
2025-06-14 21:07:47,291 INFO \u231b \u0627\u0646\u062a\u0638\u0631 \u0645\u0633\u062d QR \u0641\u064a WhatsApp Web …
2025-06-14 21:07:51,269 INFO \u2705 \u062c\u0627\u0647\u0632 \u0644\u0625\u0631\u0633\u0627\u0644 \u0627\u0644\u0631\u0633\u0627\u0626\u0644.
2025-06-14 21:08:05,868 INFO \U0001f4e9 \u0623\u0631\u0633\u0644\u0646\u0627 \u0631\u0633\u0627\u0644\u0629 \u0625\u0644\u0649 +201142344943 \u0641\u064a 21:08:05
2025-06-14 21:08:27,340 ERROR Internal Server Error: /attendance/
Traceback (most recent call last):
  File "C:\Users\Abdo\Desktop\students-manager\Lib\site-packages\django\core\handlers\exception.py", line 55, in inner
    response = get_response(request)
  File "C:\Users\Abdo\Desktop\students-manager\Lib\site-packages\django\core\handlers\base.py", line 197, in _get_response
    response = wrapped_callback(request, *callback_args, **callback_kwargs)
  File "C:\Users\Abdo\Desktop\students-manager\v2student_manager\students\views.py", line 209, in barcode_attendance_view
    attendance_obj, attendance_created = Attendance.objects.get_or_create(
     ^^^^^^^^^^^
NameError: name 'transaction' is not defined
2025-06-14 21:09:23,355 INFO C:\Users\Abdo\Desktop\students-manager\v2student_manager\students\views.py changed, reloading.
2025-06-14 21:09:32,959 ERROR Internal Server Error: /attendance/
Traceback (most recent call last):
  File "C:\Users\Abdo\Desktop\students-manager\Lib\site-packages\django\core\handlers\exception.py", line 55, in inner
    response = get_response(request)
  File "C:\Users\Abdo\Desktop\students-manager\Lib\site-packages\django\core\handlers\base.py", line 197, in _get_response
    response = wrapped_callback(request, *callback_args, **callback_kwargs)
  File "C:\Users\Abdo\Desktop\students-manager\v2student_manager\students\views.py", line 222, in barcode_attendance_view
    send_or_log(student, payment_and_attendance_message(student, payment), 'PaymentAttendance')
                         ^^^^^^^^^^^^^^^^^^^^^^^^^^^^^^
NameError: name 'payment_and_attendance_message' is not defined
2025-06-14 21:09:44,415 INFO C:\Users\Abdo\Desktop\students-manager\v2student_manager\students\views.py changed, reloading.
2025-06-14 21:10:11,861 INFO C:\Users\Abdo\Desktop\students-manager\v2student_manager\students\views.py changed, reloading.
2025-06-14 21:10:18,194 INFO C:\Users\Abdo\Desktop\students-manager\v2student_manager\students\views.py changed, reloading.
2025-06-14 21:10:25,590 WARNING The chromedriver version (136.0.7103.92) detected in PATH at C:\webdrivers\chromedriver.exe might not be compatible with the detected chrome version (137.0.7151.104); currently, chromedriver 137.0.7151.70 is recommended for chrome 137.*, so it is advised to delete the driver in PATH and retry
2025-06-14 21:10:29,660 ERROR \u0641\u0634\u0644 \u0625\u0646\u0634\u0627\u0621 \u062c\u0644\u0633\u0629 WhatsApp Web: Message: session not created: Chrome failed to start: crashed.
  (session not created: DevToolsActivePort file doesn't exist)
  (The process started from chrome location C:\Program Files\Google\Chrome\Application\chrome.exe is no longer running, so ChromeDriver is assuming that Chrome has crashed.)
Stacktrace:
	GetHandleVerifier [0x00007FF6CF66CF25+75717]
	GetHandleVerifier [0x00007FF6CF66CF80+75808]
	(No symbol) [0x00007FF6CF438F9A]
	(No symbol) [0x00007FF6CF475D55]
	(No symbol) [0x00007FF6CF471ADD]
	(No symbol) [0x00007FF6CF4C52D8]
	(No symbol) [0x00007FF6CF4C48B0]
	(No symbol) [0x00007FF6CF4B7153]
	(No symbol) [0x00007FF6CF480421]
	(No symbol) [0x00007FF6CF4811B3]
	GetHandleVerifier [0x00007FF6CF96D6FD+3223453]
	GetHandleVerifier [0x00007FF6CF967CA2+3200322]
	GetHandleVerifier [0x00007FF6CF985AD3+3322739]
	GetHandleVerifier [0x00007FF6CF6869FA+180890]
	GetHandleVerifier [0x00007FF6CF68E0FF+211359]
	GetHandleVerifier [0x00007FF6CF675274+109332]
	GetHandleVerifier [0x00007FF6CF675422+109762]
	GetHandleVerifier [0x00007FF6CF65BA39+4825]
	BaseThreadInitThunk [0x00007FFAFF677374+20]
	RtlUserThreadStart [0x00007FFB00BFCC91+33]

2025-06-14 21:10:29,661 ERROR \U0001f6a8 \u0644\u0627 \u062a\u0648\u062c\u062f \u062c\u0644\u0633\u0629 \u062c\u0627\u0647\u0632\u0629 \u0644\u0644\u0631\u0633\u0627\u0626\u0644.
2025-06-14 21:10:29,661 INFO WhatsApp not sent.
2025-06-14 21:11:57,019 WARNING The chromedriver version (136.0.7103.92) detected in PATH at C:\webdrivers\chromedriver.exe might not be compatible with the detected chrome version (137.0.7151.104); currently, chromedriver 137.0.7151.70 is recommended for chrome 137.*, so it is advised to delete the driver in PATH and retry
2025-06-14 21:11:59,915 ERROR \u0641\u0634\u0644 \u0625\u0646\u0634\u0627\u0621 \u062c\u0644\u0633\u0629 WhatsApp Web: Message: session not created: Chrome failed to start: crashed.
  (session not created: DevToolsActivePort file doesn't exist)
  (The process started from chrome location C:\Program Files\Google\Chrome\Application\chrome.exe is no longer running, so ChromeDriver is assuming that Chrome has crashed.)
Stacktrace:
	GetHandleVerifier [0x00007FF6CF66CF25+75717]
	GetHandleVerifier [0x00007FF6CF66CF80+75808]
	(No symbol) [0x00007FF6CF438F9A]
	(No symbol) [0x00007FF6CF475D55]
	(No symbol) [0x00007FF6CF471ADD]
	(No symbol) [0x00007FF6CF4C52D8]
	(No symbol) [0x00007FF6CF4C48B0]
	(No symbol) [0x00007FF6CF4B7153]
	(No symbol) [0x00007FF6CF480421]
	(No symbol) [0x00007FF6CF4811B3]
	GetHandleVerifier [0x00007FF6CF96D6FD+3223453]
	GetHandleVerifier [0x00007FF6CF967CA2+3200322]
	GetHandleVerifier [0x00007FF6CF985AD3+3322739]
	GetHandleVerifier [0x00007FF6CF6869FA+180890]
	GetHandleVerifier [0x00007FF6CF68E0FF+211359]
	GetHandleVerifier [0x00007FF6CF675274+109332]
	GetHandleVerifier [0x00007FF6CF675422+109762]
	GetHandleVerifier [0x00007FF6CF65BA39+4825]
	BaseThreadInitThunk [0x00007FFAFF677374+20]
	RtlUserThreadStart [0x00007FFB00BFCC91+33]

2025-06-14 21:11:59,916 ERROR \U0001f6a8 \u0644\u0627 \u062a\u0648\u062c\u062f \u062c\u0644\u0633\u0629 \u062c\u0627\u0647\u0632\u0629 \u0644\u0644\u0631\u0633\u0627\u0626\u0644.
2025-06-14 21:11:59,916 INFO WhatsApp not sent.
2025-06-14 21:12:10,276 WARNING The chromedriver version (136.0.7103.92) detected in PATH at C:\webdrivers\chromedriver.exe might not be compatible with the detected chrome version (137.0.7151.104); currently, chromedriver 137.0.7151.70 is recommended for chrome 137.*, so it is advised to delete the driver in PATH and retry
2025-06-14 21:12:15,192 INFO \u231b \u0627\u0646\u062a\u0638\u0631 \u0645\u0633\u062d QR \u0641\u064a WhatsApp Web …
2025-06-14 21:12:22,410 INFO \u2705 \u062c\u0627\u0647\u0632 \u0644\u0625\u0631\u0633\u0627\u0644 \u0627\u0644\u0631\u0633\u0627\u0626\u0644.
2025-06-14 21:12:33,514 INFO \U0001f4e9 \u0623\u0631\u0633\u0644\u0646\u0627 \u0631\u0633\u0627\u0644\u0629 \u0625\u0644\u0649 +201142344943 \u0641\u064a 21:12:33
2025-06-14 21:13:20,927 INFO \U0001f4e9 \u0623\u0631\u0633\u0644\u0646\u0627 \u0631\u0633\u0627\u0644\u0629 \u0625\u0644\u0649 +201113793676 \u0641\u064a 21:13:20
2025-06-14 21:13:27,520 ERROR Internal Server Error: /attendance/
Traceback (most recent call last):
  File "C:\Users\Abdo\Desktop\students-manager\Lib\site-packages\django\core\handlers\exception.py", line 55, in inner
    response = get_response(request)
  File "C:\Users\Abdo\Desktop\students-manager\Lib\site-packages\django\core\handlers\base.py", line 197, in _get_response
    response = wrapped_callback(request, *callback_args, **callback_kwargs)
  File "C:\Users\Abdo\Desktop\students-manager\v2student_manager\students\views.py", line 222, in barcode_attendance_view
    send_or_log(student, payment_and_attendance_message(student, payment), 'PaymentAttendance')
                         ~~~~~~~~~~~~~~~~~~~~~~~~~~~~~~^^^^^^^^^^^^^^^^^^
  File "C:\Users\Abdo\Desktop\students-manager\v2student_manager\students\utils\message_templates.py", line 59, in payment_and_attendance_message
    pay_msg = payment_message(student, payment)
  File "C:\Users\Abdo\Desktop\students-manager\v2student_manager\students\utils\message_templates.py", line 46, in payment_message
    end_date = payment.month + relativedelta(months=payment.term_duration_months) - timedelta(days=1)
                                                                                    ^^^^^^^^^
NameError: name 'timedelta' is not defined
2025-06-14 21:13:58,433 INFO C:\Users\Abdo\Desktop\students-manager\v2student_manager\students\utils\message_templates.py changed, reloading.
2025-06-14 21:14:04,187 WARNING The chromedriver version (136.0.7103.92) detected in PATH at C:\webdrivers\chromedriver.exe might not be compatible with the detected chrome version (137.0.7151.104); currently, chromedriver 137.0.7151.70 is recommended for chrome 137.*, so it is advised to delete the driver in PATH and retry
2025-06-14 21:14:07,765 ERROR \u0641\u0634\u0644 \u0625\u0646\u0634\u0627\u0621 \u062c\u0644\u0633\u0629 WhatsApp Web: Message: session not created: Chrome failed to start: crashed.
  (session not created: DevToolsActivePort file doesn't exist)
  (The process started from chrome location C:\Program Files\Google\Chrome\Application\chrome.exe is no longer running, so ChromeDriver is assuming that Chrome has crashed.)
Stacktrace:
	GetHandleVerifier [0x00007FF6CF66CF25+75717]
	GetHandleVerifier [0x00007FF6CF66CF80+75808]
	(No symbol) [0x00007FF6CF438F9A]
	(No symbol) [0x00007FF6CF475D55]
	(No symbol) [0x00007FF6CF471ADD]
	(No symbol) [0x00007FF6CF4C52D8]
	(No symbol) [0x00007FF6CF4C48B0]
	(No symbol) [0x00007FF6CF4B7153]
	(No symbol) [0x00007FF6CF480421]
	(No symbol) [0x00007FF6CF4811B3]
	GetHandleVerifier [0x00007FF6CF96D6FD+3223453]
	GetHandleVerifier [0x00007FF6CF967CA2+3200322]
	GetHandleVerifier [0x00007FF6CF985AD3+3322739]
	GetHandleVerifier [0x00007FF6CF6869FA+180890]
	GetHandleVerifier [0x00007FF6CF68E0FF+211359]
	GetHandleVerifier [0x00007FF6CF675274+109332]
	GetHandleVerifier [0x00007FF6CF675422+109762]
	GetHandleVerifier [0x00007FF6CF65BA39+4825]
	BaseThreadInitThunk [0x00007FFAFF677374+20]
	RtlUserThreadStart [0x00007FFB00BFCC91+33]

2025-06-14 21:14:07,766 ERROR \U0001f6a8 \u0644\u0627 \u062a\u0648\u062c\u062f \u062c\u0644\u0633\u0629 \u062c\u0627\u0647\u0632\u0629 \u0644\u0644\u0631\u0633\u0627\u0626\u0644.
2025-06-14 21:14:07,766 INFO WhatsApp not sent.
2025-06-14 21:15:41,452 WARNING The chromedriver version (136.0.7103.92) detected in PATH at C:\webdrivers\chromedriver.exe might not be compatible with the detected chrome version (137.0.7151.104); currently, chromedriver 137.0.7151.70 is recommended for chrome 137.*, so it is advised to delete the driver in PATH and retry
2025-06-14 21:15:44,183 ERROR \u0641\u0634\u0644 \u0625\u0646\u0634\u0627\u0621 \u062c\u0644\u0633\u0629 WhatsApp Web: Message: session not created: Chrome failed to start: crashed.
  (session not created: DevToolsActivePort file doesn't exist)
  (The process started from chrome location C:\Program Files\Google\Chrome\Application\chrome.exe is no longer running, so ChromeDriver is assuming that Chrome has crashed.)
Stacktrace:
	GetHandleVerifier [0x00007FF6CF66CF25+75717]
	GetHandleVerifier [0x00007FF6CF66CF80+75808]
	(No symbol) [0x00007FF6CF438F9A]
	(No symbol) [0x00007FF6CF475D55]
	(No symbol) [0x00007FF6CF471ADD]
	(No symbol) [0x00007FF6CF4C52D8]
	(No symbol) [0x00007FF6CF4C48B0]
	(No symbol) [0x00007FF6CF4B7153]
	(No symbol) [0x00007FF6CF480421]
	(No symbol) [0x00007FF6CF4811B3]
	GetHandleVerifier [0x00007FF6CF96D6FD+3223453]
	GetHandleVerifier [0x00007FF6CF967CA2+3200322]
	GetHandleVerifier [0x00007FF6CF985AD3+3322739]
	GetHandleVerifier [0x00007FF6CF6869FA+180890]
	GetHandleVerifier [0x00007FF6CF68E0FF+211359]
	GetHandleVerifier [0x00007FF6CF675274+109332]
	GetHandleVerifier [0x00007FF6CF675422+109762]
	GetHandleVerifier [0x00007FF6CF65BA39+4825]
	BaseThreadInitThunk [0x00007FFAFF677374+20]
	RtlUserThreadStart [0x00007FFB00BFCC91+33]

2025-06-14 21:15:44,183 ERROR \U0001f6a8 \u0644\u0627 \u062a\u0648\u062c\u062f \u062c\u0644\u0633\u0629 \u062c\u0627\u0647\u0632\u0629 \u0644\u0644\u0631\u0633\u0627\u0626\u0644.
2025-06-14 21:15:44,183 INFO WhatsApp not sent.
2025-06-14 21:15:47,826 WARNING The chromedriver version (136.0.7103.92) detected in PATH at C:\webdrivers\chromedriver.exe might not be compatible with the detected chrome version (137.0.7151.104); currently, chromedriver 137.0.7151.70 is recommended for chrome 137.*, so it is advised to delete the driver in PATH and retry
2025-06-14 21:15:50,551 ERROR \u0641\u0634\u0644 \u0625\u0646\u0634\u0627\u0621 \u062c\u0644\u0633\u0629 WhatsApp Web: Message: session not created: Chrome failed to start: crashed.
  (session not created: DevToolsActivePort file doesn't exist)
  (The process started from chrome location C:\Program Files\Google\Chrome\Application\chrome.exe is no longer running, so ChromeDriver is assuming that Chrome has crashed.)
Stacktrace:
	GetHandleVerifier [0x00007FF6CF66CF25+75717]
	GetHandleVerifier [0x00007FF6CF66CF80+75808]
	(No symbol) [0x00007FF6CF438F9A]
	(No symbol) [0x00007FF6CF475D55]
	(No symbol) [0x00007FF6CF471ADD]
	(No symbol) [0x00007FF6CF4C52D8]
	(No symbol) [0x00007FF6CF4C48B0]
	(No symbol) [0x00007FF6CF4B7153]
	(No symbol) [0x00007FF6CF480421]
	(No symbol) [0x00007FF6CF4811B3]
	GetHandleVerifier [0x00007FF6CF96D6FD+3223453]
	GetHandleVerifier [0x00007FF6CF967CA2+3200322]
	GetHandleVerifier [0x00007FF6CF985AD3+3322739]
	GetHandleVerifier [0x00007FF6CF6869FA+180890]
	GetHandleVerifier [0x00007FF6CF68E0FF+211359]
	GetHandleVerifier [0x00007FF6CF675274+109332]
	GetHandleVerifier [0x00007FF6CF675422+109762]
	GetHandleVerifier [0x00007FF6CF65BA39+4825]
	BaseThreadInitThunk [0x00007FFAFF677374+20]
	RtlUserThreadStart [0x00007FFB00BFCC91+33]

2025-06-14 21:15:50,551 ERROR \U0001f6a8 \u0644\u0627 \u062a\u0648\u062c\u062f \u062c\u0644\u0633\u0629 \u062c\u0627\u0647\u0632\u0629 \u0644\u0644\u0631\u0633\u0627\u0626\u0644.
2025-06-14 21:15:50,551 INFO WhatsApp not sent.
2025-06-14 21:16:41,495 WARNING The chromedriver version (136.0.7103.92) detected in PATH at C:\webdrivers\chromedriver.exe might not be compatible with the detected chrome version (137.0.7151.104); currently, chromedriver 137.0.7151.70 is recommended for chrome 137.*, so it is advised to delete the driver in PATH and retry
2025-06-14 21:16:45,540 INFO \u231b \u0627\u0646\u062a\u0638\u0631 \u0645\u0633\u062d QR \u0641\u064a WhatsApp Web …
2025-06-14 21:16:54,460 INFO \u2705 \u062c\u0627\u0647\u0632 \u0644\u0625\u0631\u0633\u0627\u0644 \u0627\u0644\u0631\u0633\u0627\u0626\u0644.
2025-06-14 21:17:05,854 INFO \U0001f4e9 \u0623\u0631\u0633\u0644\u0646\u0627 \u0631\u0633\u0627\u0644\u0629 \u0625\u0644\u0649 +201142344943 \u0641\u064a 21:17:05
2025-06-14 21:17:24,976 INFO \U0001f4e9 \u0623\u0631\u0633\u0644\u0646\u0627 \u0631\u0633\u0627\u0644\u0629 \u0625\u0644\u0649 +201142344943 \u0641\u064a 21:17:24
2025-06-14 21:26:37,133 INFO C:\Users\Abdo\Desktop\students-manager\v2student_manager\students\views.py changed, reloading.
2025-06-14 21:27:03,269 INFO C:\Users\Abdo\Desktop\students-manager\v2student_manager\students\views.py changed, reloading.
2025-06-14 21:27:29,158 INFO C:\Users\Abdo\Desktop\students-manager\v2student_manager\students\util.py changed, reloading.
2025-06-14 21:27:52,505 INFO C:\Users\Abdo\Desktop\students-manager\v2student_manager\students\util.py changed, reloading.
2025-06-14 21:28:10,609 INFO C:\Users\Abdo\Desktop\students-manager\v2student_manager\students\util.py changed, reloading.
2025-06-14 21:28:54,611 INFO C:\Users\Abdo\Desktop\students-manager\v2student_manager\students\util.py changed, reloading.
2025-06-14 21:29:00,361 INFO C:\Users\Abdo\Desktop\students-manager\v2student_manager\students\util.py changed, reloading.
2025-06-14 21:29:11,496 INFO C:\Users\Abdo\Desktop\students-manager\v2student_manager\students\util.py changed, reloading.
2025-06-14 21:29:16,581 INFO C:\Users\Abdo\Desktop\students-manager\v2student_manager\students\util.py changed, reloading.
2025-06-14 21:29:22,479 INFO C:\Users\Abdo\Desktop\students-manager\v2student_manager\students\util.py changed, reloading.
2025-06-14 21:29:30,668 INFO C:\Users\Abdo\Desktop\students-manager\v2student_manager\students\util.py changed, reloading.
2025-06-14 21:29:46,520 INFO C:\Users\Abdo\Desktop\students-manager\v2student_manager\students\util.py changed, reloading.
2025-06-14 21:29:53,146 INFO C:\Users\Abdo\Desktop\students-manager\v2student_manager\students\util.py changed, reloading.
2025-06-14 21:31:26,838 INFO C:\Users\Abdo\Desktop\students-manager\v2student_manager\students\util.py changed, reloading.
2025-06-14 21:31:31,830 INFO C:\Users\Abdo\Desktop\students-manager\v2student_manager\students\util.py changed, reloading.
2025-06-14 23:02:30,015 INFO C:\Users\Abdo\Desktop\students-manager\v2student_manager\students\views.py changed, reloading.
2025-06-15 01:49:27,133 WARNING Not Found: /favicon.ico
2025-06-15 01:59:34,885 INFO C:\Users\Abdo\Desktop\students-manager\v2student_manager\students\views.py changed, reloading.
2025-06-15 01:59:45,435 INFO C:\Users\Abdo\Desktop\students-manager\v2student_manager\students\views.py changed, reloading.
2025-06-15 02:05:17,872 INFO C:\Users\Abdo\Desktop\students-manager\v2student_manager\students\views.py changed, reloading.
2025-06-15 02:05:33,940 INFO C:\Users\Abdo\Desktop\students-manager\v2student_manager\students\views.py changed, reloading.
2025-06-15 02:11:29,455 WARNING The chromedriver version (136.0.7103.92) detected in PATH at C:\webdrivers\chromedriver.exe might not be compatible with the detected chrome version (137.0.7151.104); currently, chromedriver 137.0.7151.70 is recommended for chrome 137.*, so it is advised to delete the driver in PATH and retry
2025-06-15 02:11:39,357 INFO \u231b \u0627\u0646\u062a\u0638\u0631 \u0645\u0633\u062d QR \u0641\u064a WhatsApp Web …
2025-06-15 02:11:46,098 INFO \u2705 \u062c\u0627\u0647\u0632 \u0644\u0625\u0631\u0633\u0627\u0644 \u0627\u0644\u0631\u0633\u0627\u0626\u0644.
2025-06-15 02:11:55,684 INFO \U0001f4e9 \u0623\u0631\u0633\u0644\u0646\u0627 \u0631\u0633\u0627\u0644\u0629 \u0625\u0644\u0649 +201142344943 \u0641\u064a 02:11:55
2025-06-15 02:27:11,933 INFO C:\Users\Abdo\Desktop\students-manager\v2student_manager\students\views.py changed, reloading.
2025-06-15 02:27:27,568 INFO C:\Users\Abdo\Desktop\students-manager\v2student_manager\students\views.py changed, reloading.
2025-06-15 02:28:42,455 WARNING The chromedriver version (136.0.7103.92) detected in PATH at C:\webdrivers\chromedriver.exe might not be compatible with the detected chrome version (137.0.7151.104); currently, chromedriver 137.0.7151.70 is recommended for chrome 137.*, so it is advised to delete the driver in PATH and retry
2025-06-15 02:28:47,962 INFO \u231b \u0627\u0646\u062a\u0638\u0631 \u0645\u0633\u062d QR \u0641\u064a WhatsApp Web …
2025-06-15 02:28:55,448 INFO \u2705 \u062c\u0627\u0647\u0632 \u0644\u0625\u0631\u0633\u0627\u0644 \u0627\u0644\u0631\u0633\u0627\u0626\u0644.
2025-06-15 02:29:07,141 INFO \U0001f4e9 \u0623\u0631\u0633\u0644\u0646\u0627 \u0631\u0633\u0627\u0644\u0629 \u0625\u0644\u0649 +201142344943 \u0641\u064a 02:29:07
2025-06-15 02:35:35,662 INFO C:\Users\Abdo\Desktop\students-manager\v2student_manager\students\views.py changed, reloading.
2025-06-15 02:37:12,607 INFO C:\Users\Abdo\Desktop\students-manager\v2student_manager\students\views.py changed, reloading.
2025-06-15 02:38:21,389 INFO C:\Users\Abdo\Desktop\students-manager\v2student_manager\students\views.py changed, reloading.
2025-06-15 02:38:30,737 INFO C:\Users\Abdo\Desktop\students-manager\v2student_manager\students\views.py changed, reloading.
2025-06-15 02:38:41,378 INFO C:\Users\Abdo\Desktop\students-manager\v2student_manager\students\views.py changed, reloading.
2025-06-15 02:39:11,948 INFO C:\Users\Abdo\Desktop\students-manager\v2student_manager\students\views.py changed, reloading.
2025-06-15 02:39:20,193 INFO C:\Users\Abdo\Desktop\students-manager\v2student_manager\students\views.py changed, reloading.
2025-06-15 07:47:29,555 WARNING Not Found: /favicon.ico
2025-06-15 07:59:15,590 WARNING The chromedriver version (136.0.7103.92) detected in PATH at C:\webdrivers\chromedriver.exe might not be compatible with the detected chrome version (137.0.7151.104); currently, chromedriver 137.0.7151.70 is recommended for chrome 137.*, so it is advised to delete the driver in PATH and retry
2025-06-15 07:59:19,043 INFO \u231b \u0627\u0646\u062a\u0638\u0631 \u0645\u0633\u062d QR \u0641\u064a WhatsApp Web …
2025-06-15 07:59:25,899 INFO \u2705 \u062c\u0627\u0647\u0632 \u0644\u0625\u0631\u0633\u0627\u0644 \u0627\u0644\u0631\u0633\u0627\u0626\u0644.
2025-06-15 07:59:33,341 INFO \U0001f4e9 \u0623\u0631\u0633\u0644\u0646\u0627 \u0631\u0633\u0627\u0644\u0629 \u0625\u0644\u0649 +201125967696 \u0641\u064a 07:59:33
2025-06-15 08:06:03,138 WARNING Initial WhatsApp send attempt failed.
2025-06-15 08:06:03,139 WARNING \u26a0\ufe0f \u062a\u0639\u0637\u0644 \u0627\u0644\u0625\u0631\u0633\u0627\u0644 \u0625\u0644\u0649 +201112119544: Message: 
Stacktrace:
	GetHandleVerifier [0x00007FF64159CF25+75717]
	GetHandleVerifier [0x00007FF64159CF80+75808]
	(No symbol) [0x00007FF641368F9A]
	(No symbol) [0x00007FF6413BF4C6]
	(No symbol) [0x00007FF6413BF77C]
	(No symbol) [0x00007FF641412577]
	(No symbol) [0x00007FF6413E73BF]
	(No symbol) [0x00007FF64140F39C]
	(No symbol) [0x00007FF6413E7153]
	(No symbol) [0x00007FF6413B0421]
	(No symbol) [0x00007FF6413B11B3]
	GetHandleVerifier [0x00007FF64189D6FD+3223453]
	GetHandleVerifier [0x00007FF641897CA2+3200322]
	GetHandleVerifier [0x00007FF6418B5AD3+3322739]
	GetHandleVerifier [0x00007FF6415B69FA+180890]
	GetHandleVerifier [0x00007FF6415BE0FF+211359]
	GetHandleVerifier [0x00007FF6415A5274+109332]
	GetHandleVerifier [0x00007FF6415A5422+109762]
	GetHandleVerifier [0x00007FF64158BA39+4825]
	BaseThreadInitThunk [0x00007FF9A0827374+20]
	RtlUserThreadStart [0x00007FF9A1EDCC91+33]
 — \u0627\u0644\u0645\u062d\u0627\u0648\u0644\u0629 \u0628\u0625\u0639\u0627\u062f\u0629 \u062a\u0634\u063a\u064a\u0644 \u0627\u0644\u062c\u0644\u0633\u0629
2025-06-15 08:06:34,693 ERROR Retry WhatsApp send attempt failed.
2025-06-15 08:06:34,694 ERROR \u274c we couldn`t resend the message +201112119544: Message: 
Stacktrace:
	GetHandleVerifier [0x00007FF64159CF25+75717]
	GetHandleVerifier [0x00007FF64159CF80+75808]
	(No symbol) [0x00007FF641368F9A]
	(No symbol) [0x00007FF6413BF4C6]
	(No symbol) [0x00007FF6413BF77C]
	(No symbol) [0x00007FF641412577]
	(No symbol) [0x00007FF6413E73BF]
	(No symbol) [0x00007FF64140F39C]
	(No symbol) [0x00007FF6413E7153]
	(No symbol) [0x00007FF6413B0421]
	(No symbol) [0x00007FF6413B11B3]
	GetHandleVerifier [0x00007FF64189D6FD+3223453]
	GetHandleVerifier [0x00007FF641897CA2+3200322]
	GetHandleVerifier [0x00007FF6418B5AD3+3322739]
	GetHandleVerifier [0x00007FF6415B69FA+180890]
	GetHandleVerifier [0x00007FF6415BE0FF+211359]
	GetHandleVerifier [0x00007FF6415A5274+109332]
	GetHandleVerifier [0x00007FF6415A5422+109762]
	GetHandleVerifier [0x00007FF64158BA39+4825]
	BaseThreadInitThunk [0x00007FF9A0827374+20]
	RtlUserThreadStart [0x00007FF9A1EDCC91+33]

2025-06-15 08:06:34,694 INFO WhatsApp not sent.
2025-06-15 08:07:07,248 WARNING Initial WhatsApp send attempt failed.
2025-06-15 08:07:07,248 WARNING \u26a0\ufe0f \u062a\u0639\u0637\u0644 \u0627\u0644\u0625\u0631\u0633\u0627\u0644 \u0625\u0644\u0649 +201152466131: Message: 
Stacktrace:
	GetHandleVerifier [0x00007FF64159CF25+75717]
	GetHandleVerifier [0x00007FF64159CF80+75808]
	(No symbol) [0x00007FF641368F9A]
	(No symbol) [0x00007FF6413BF4C6]
	(No symbol) [0x00007FF6413BF77C]
	(No symbol) [0x00007FF641412577]
	(No symbol) [0x00007FF6413E73BF]
	(No symbol) [0x00007FF64140F39C]
	(No symbol) [0x00007FF6413E7153]
	(No symbol) [0x00007FF6413B0421]
	(No symbol) [0x00007FF6413B11B3]
	GetHandleVerifier [0x00007FF64189D6FD+3223453]
	GetHandleVerifier [0x00007FF641897CA2+3200322]
	GetHandleVerifier [0x00007FF6418B5AD3+3322739]
	GetHandleVerifier [0x00007FF6415B69FA+180890]
	GetHandleVerifier [0x00007FF6415BE0FF+211359]
	GetHandleVerifier [0x00007FF6415A5274+109332]
	GetHandleVerifier [0x00007FF6415A5422+109762]
	GetHandleVerifier [0x00007FF64158BA39+4825]
	BaseThreadInitThunk [0x00007FF9A0827374+20]
	RtlUserThreadStart [0x00007FF9A1EDCC91+33]
 — \u0627\u0644\u0645\u062d\u0627\u0648\u0644\u0629 \u0628\u0625\u0639\u0627\u062f\u0629 \u062a\u0634\u063a\u064a\u0644 \u0627\u0644\u062c\u0644\u0633\u0629
2025-06-15 08:07:38,818 ERROR Retry WhatsApp send attempt failed.
2025-06-15 08:07:38,818 ERROR \u274c we couldn`t resend the message +201152466131: Message: 
Stacktrace:
	GetHandleVerifier [0x00007FF64159CF25+75717]
	GetHandleVerifier [0x00007FF64159CF80+75808]
	(No symbol) [0x00007FF641368F9A]
	(No symbol) [0x00007FF6413BF4C6]
	(No symbol) [0x00007FF6413BF77C]
	(No symbol) [0x00007FF641412577]
	(No symbol) [0x00007FF6413E73BF]
	(No symbol) [0x00007FF64140F39C]
	(No symbol) [0x00007FF6413E7153]
	(No symbol) [0x00007FF6413B0421]
	(No symbol) [0x00007FF6413B11B3]
	GetHandleVerifier [0x00007FF64189D6FD+3223453]
	GetHandleVerifier [0x00007FF641897CA2+3200322]
	GetHandleVerifier [0x00007FF6418B5AD3+3322739]
	GetHandleVerifier [0x00007FF6415B69FA+180890]
	GetHandleVerifier [0x00007FF6415BE0FF+211359]
	GetHandleVerifier [0x00007FF6415A5274+109332]
	GetHandleVerifier [0x00007FF6415A5422+109762]
	GetHandleVerifier [0x00007FF64158BA39+4825]
	BaseThreadInitThunk [0x00007FF9A0827374+20]
	RtlUserThreadStart [0x00007FF9A1EDCC91+33]

2025-06-15 08:07:38,818 INFO WhatsApp not sent.
2025-06-15 08:09:47,125 INFO \U0001f4e9 \u0623\u0631\u0633\u0644\u0646\u0627 \u0631\u0633\u0627\u0644\u0629 \u0625\u0644\u0649 +201124502787 \u0641\u064a 08:09:47
2025-06-15 08:11:34,813 WARNING Initial WhatsApp send attempt failed.
2025-06-15 08:11:34,813 WARNING \u26a0\ufe0f \u062a\u0639\u0637\u0644 \u0627\u0644\u0625\u0631\u0633\u0627\u0644 \u0625\u0644\u0649 +201157809059: Message: 
Stacktrace:
	GetHandleVerifier [0x00007FF64159CF25+75717]
	GetHandleVerifier [0x00007FF64159CF80+75808]
	(No symbol) [0x00007FF641368F9A]
	(No symbol) [0x00007FF6413BF4C6]
	(No symbol) [0x00007FF6413BF77C]
	(No symbol) [0x00007FF641412577]
	(No symbol) [0x00007FF6413E73BF]
	(No symbol) [0x00007FF64140F39C]
	(No symbol) [0x00007FF6413E7153]
	(No symbol) [0x00007FF6413B0421]
	(No symbol) [0x00007FF6413B11B3]
	GetHandleVerifier [0x00007FF64189D6FD+3223453]
	GetHandleVerifier [0x00007FF641897CA2+3200322]
	GetHandleVerifier [0x00007FF6418B5AD3+3322739]
	GetHandleVerifier [0x00007FF6415B69FA+180890]
	GetHandleVerifier [0x00007FF6415BE0FF+211359]
	GetHandleVerifier [0x00007FF6415A5274+109332]
	GetHandleVerifier [0x00007FF6415A5422+109762]
	GetHandleVerifier [0x00007FF64158BA39+4825]
	BaseThreadInitThunk [0x00007FF9A0827374+20]
	RtlUserThreadStart [0x00007FF9A1EDCC91+33]
 — \u0627\u0644\u0645\u062d\u0627\u0648\u0644\u0629 \u0628\u0625\u0639\u0627\u062f\u0629 \u062a\u0634\u063a\u064a\u0644 \u0627\u0644\u062c\u0644\u0633\u0629
2025-06-15 08:12:06,073 ERROR Retry WhatsApp send attempt failed.
2025-06-15 08:12:06,073 ERROR \u274c we couldn`t resend the message +201157809059: Message: 
Stacktrace:
	GetHandleVerifier [0x00007FF64159CF25+75717]
	GetHandleVerifier [0x00007FF64159CF80+75808]
	(No symbol) [0x00007FF641368F9A]
	(No symbol) [0x00007FF6413BF4C6]
	(No symbol) [0x00007FF6413BF77C]
	(No symbol) [0x00007FF641412577]
	(No symbol) [0x00007FF6413E73BF]
	(No symbol) [0x00007FF64140F39C]
	(No symbol) [0x00007FF6413E7153]
	(No symbol) [0x00007FF6413B0421]
	(No symbol) [0x00007FF6413B11B3]
	GetHandleVerifier [0x00007FF64189D6FD+3223453]
	GetHandleVerifier [0x00007FF641897CA2+3200322]
	GetHandleVerifier [0x00007FF6418B5AD3+3322739]
	GetHandleVerifier [0x00007FF6415B69FA+180890]
	GetHandleVerifier [0x00007FF6415BE0FF+211359]
	GetHandleVerifier [0x00007FF6415A5274+109332]
	GetHandleVerifier [0x00007FF6415A5422+109762]
	GetHandleVerifier [0x00007FF64158BA39+4825]
	BaseThreadInitThunk [0x00007FF9A0827374+20]
	RtlUserThreadStart [0x00007FF9A1EDCC91+33]

2025-06-15 08:12:06,073 INFO WhatsApp not sent.
2025-06-15 08:12:41,679 WARNING Initial WhatsApp send attempt failed.
2025-06-15 08:12:41,679 WARNING \u26a0\ufe0f \u062a\u0639\u0637\u0644 \u0627\u0644\u0625\u0631\u0633\u0627\u0644 \u0625\u0644\u0649 +201145279498: Message: 
Stacktrace:
	GetHandleVerifier [0x00007FF64159CF25+75717]
	GetHandleVerifier [0x00007FF64159CF80+75808]
	(No symbol) [0x00007FF641368F9A]
	(No symbol) [0x00007FF6413BF4C6]
	(No symbol) [0x00007FF6413BF77C]
	(No symbol) [0x00007FF641412577]
	(No symbol) [0x00007FF6413E73BF]
	(No symbol) [0x00007FF64140F39C]
	(No symbol) [0x00007FF6413E7153]
	(No symbol) [0x00007FF6413B0421]
	(No symbol) [0x00007FF6413B11B3]
	GetHandleVerifier [0x00007FF64189D6FD+3223453]
	GetHandleVerifier [0x00007FF641897CA2+3200322]
	GetHandleVerifier [0x00007FF6418B5AD3+3322739]
	GetHandleVerifier [0x00007FF6415B69FA+180890]
	GetHandleVerifier [0x00007FF6415BE0FF+211359]
	GetHandleVerifier [0x00007FF6415A5274+109332]
	GetHandleVerifier [0x00007FF6415A5422+109762]
	GetHandleVerifier [0x00007FF64158BA39+4825]
	BaseThreadInitThunk [0x00007FF9A0827374+20]
	RtlUserThreadStart [0x00007FF9A1EDCC91+33]
 — \u0627\u0644\u0645\u062d\u0627\u0648\u0644\u0629 \u0628\u0625\u0639\u0627\u062f\u0629 \u062a\u0634\u063a\u064a\u0644 \u0627\u0644\u062c\u0644\u0633\u0629
2025-06-15 08:13:12,969 ERROR Retry WhatsApp send attempt failed.
2025-06-15 08:13:12,969 ERROR \u274c we couldn`t resend the message +201145279498: Message: 
Stacktrace:
	GetHandleVerifier [0x00007FF64159CF25+75717]
	GetHandleVerifier [0x00007FF64159CF80+75808]
	(No symbol) [0x00007FF641368F9A]
	(No symbol) [0x00007FF6413BF4C6]
	(No symbol) [0x00007FF6413BF77C]
	(No symbol) [0x00007FF641412577]
	(No symbol) [0x00007FF6413E73BF]
	(No symbol) [0x00007FF64140F39C]
	(No symbol) [0x00007FF6413E7153]
	(No symbol) [0x00007FF6413B0421]
	(No symbol) [0x00007FF6413B11B3]
	GetHandleVerifier [0x00007FF64189D6FD+3223453]
	GetHandleVerifier [0x00007FF641897CA2+3200322]
	GetHandleVerifier [0x00007FF6418B5AD3+3322739]
	GetHandleVerifier [0x00007FF6415B69FA+180890]
	GetHandleVerifier [0x00007FF6415BE0FF+211359]
	GetHandleVerifier [0x00007FF6415A5274+109332]
	GetHandleVerifier [0x00007FF6415A5422+109762]
	GetHandleVerifier [0x00007FF64158BA39+4825]
	BaseThreadInitThunk [0x00007FF9A0827374+20]
	RtlUserThreadStart [0x00007FF9A1EDCC91+33]

2025-06-15 08:13:12,969 INFO WhatsApp not sent.
2025-06-15 08:21:15,410 WARNING Initial WhatsApp send attempt failed.
2025-06-15 08:21:15,410 WARNING \u26a0\ufe0f \u062a\u0639\u0637\u0644 \u0627\u0644\u0625\u0631\u0633\u0627\u0644 \u0625\u0644\u0649 +201146752700: Message: 
Stacktrace:
	GetHandleVerifier [0x00007FF64159CF25+75717]
	GetHandleVerifier [0x00007FF64159CF80+75808]
	(No symbol) [0x00007FF641368F9A]
	(No symbol) [0x00007FF6413BF4C6]
	(No symbol) [0x00007FF6413BF77C]
	(No symbol) [0x00007FF641412577]
	(No symbol) [0x00007FF6413E73BF]
	(No symbol) [0x00007FF64140F39C]
	(No symbol) [0x00007FF6413E7153]
	(No symbol) [0x00007FF6413B0421]
	(No symbol) [0x00007FF6413B11B3]
	GetHandleVerifier [0x00007FF64189D6FD+3223453]
	GetHandleVerifier [0x00007FF641897CA2+3200322]
	GetHandleVerifier [0x00007FF6418B5AD3+3322739]
	GetHandleVerifier [0x00007FF6415B69FA+180890]
	GetHandleVerifier [0x00007FF6415BE0FF+211359]
	GetHandleVerifier [0x00007FF6415A5274+109332]
	GetHandleVerifier [0x00007FF6415A5422+109762]
	GetHandleVerifier [0x00007FF64158BA39+4825]
	BaseThreadInitThunk [0x00007FF9A0827374+20]
	RtlUserThreadStart [0x00007FF9A1EDCC91+33]
 — \u0627\u0644\u0645\u062d\u0627\u0648\u0644\u0629 \u0628\u0625\u0639\u0627\u062f\u0629 \u062a\u0634\u063a\u064a\u0644 \u0627\u0644\u062c\u0644\u0633\u0629
2025-06-15 08:21:47,110 ERROR Retry WhatsApp send attempt failed.
2025-06-15 08:21:47,110 ERROR \u274c we couldn`t resend the message +201146752700: Message: 
Stacktrace:
	GetHandleVerifier [0x00007FF64159CF25+75717]
	GetHandleVerifier [0x00007FF64159CF80+75808]
	(No symbol) [0x00007FF641368F9A]
	(No symbol) [0x00007FF6413BF4C6]
	(No symbol) [0x00007FF6413BF77C]
	(No symbol) [0x00007FF641412577]
	(No symbol) [0x00007FF6413E73BF]
	(No symbol) [0x00007FF64140F39C]
	(No symbol) [0x00007FF6413E7153]
	(No symbol) [0x00007FF6413B0421]
	(No symbol) [0x00007FF6413B11B3]
	GetHandleVerifier [0x00007FF64189D6FD+3223453]
	GetHandleVerifier [0x00007FF641897CA2+3200322]
	GetHandleVerifier [0x00007FF6418B5AD3+3322739]
	GetHandleVerifier [0x00007FF6415B69FA+180890]
	GetHandleVerifier [0x00007FF6415BE0FF+211359]
	GetHandleVerifier [0x00007FF6415A5274+109332]
	GetHandleVerifier [0x00007FF6415A5422+109762]
	GetHandleVerifier [0x00007FF64158BA39+4825]
	BaseThreadInitThunk [0x00007FF9A0827374+20]
	RtlUserThreadStart [0x00007FF9A1EDCC91+33]

2025-06-15 08:21:47,111 INFO WhatsApp not sent.
2025-06-15 08:22:19,535 WARNING Initial WhatsApp send attempt failed.
2025-06-15 08:22:19,535 WARNING \u26a0\ufe0f \u062a\u0639\u0637\u0644 \u0627\u0644\u0625\u0631\u0633\u0627\u0644 \u0625\u0644\u0649 +201142576858: Message: 
Stacktrace:
	GetHandleVerifier [0x00007FF64159CF25+75717]
	GetHandleVerifier [0x00007FF64159CF80+75808]
	(No symbol) [0x00007FF641368F9A]
	(No symbol) [0x00007FF6413BF4C6]
	(No symbol) [0x00007FF6413BF77C]
	(No symbol) [0x00007FF641412577]
	(No symbol) [0x00007FF6413E73BF]
	(No symbol) [0x00007FF64140F39C]
	(No symbol) [0x00007FF6413E7153]
	(No symbol) [0x00007FF6413B0421]
	(No symbol) [0x00007FF6413B11B3]
	GetHandleVerifier [0x00007FF64189D6FD+3223453]
	GetHandleVerifier [0x00007FF641897CA2+3200322]
	GetHandleVerifier [0x00007FF6418B5AD3+3322739]
	GetHandleVerifier [0x00007FF6415B69FA+180890]
	GetHandleVerifier [0x00007FF6415BE0FF+211359]
	GetHandleVerifier [0x00007FF6415A5274+109332]
	GetHandleVerifier [0x00007FF6415A5422+109762]
	GetHandleVerifier [0x00007FF64158BA39+4825]
	BaseThreadInitThunk [0x00007FF9A0827374+20]
	RtlUserThreadStart [0x00007FF9A1EDCC91+33]
 — \u0627\u0644\u0645\u062d\u0627\u0648\u0644\u0629 \u0628\u0625\u0639\u0627\u062f\u0629 \u062a\u0634\u063a\u064a\u0644 \u0627\u0644\u062c\u0644\u0633\u0629
2025-06-15 08:22:50,726 ERROR Retry WhatsApp send attempt failed.
2025-06-15 08:22:50,726 ERROR \u274c we couldn`t resend the message +201142576858: Message: 
Stacktrace:
	GetHandleVerifier [0x00007FF64159CF25+75717]
	GetHandleVerifier [0x00007FF64159CF80+75808]
	(No symbol) [0x00007FF641368F9A]
	(No symbol) [0x00007FF6413BF4C6]
	(No symbol) [0x00007FF6413BF77C]
	(No symbol) [0x00007FF641412577]
	(No symbol) [0x00007FF6413E73BF]
	(No symbol) [0x00007FF64140F39C]
	(No symbol) [0x00007FF6413E7153]
	(No symbol) [0x00007FF6413B0421]
	(No symbol) [0x00007FF6413B11B3]
	GetHandleVerifier [0x00007FF64189D6FD+3223453]
	GetHandleVerifier [0x00007FF641897CA2+3200322]
	GetHandleVerifier [0x00007FF6418B5AD3+3322739]
	GetHandleVerifier [0x00007FF6415B69FA+180890]
	GetHandleVerifier [0x00007FF6415BE0FF+211359]
	GetHandleVerifier [0x00007FF6415A5274+109332]
	GetHandleVerifier [0x00007FF6415A5422+109762]
	GetHandleVerifier [0x00007FF64158BA39+4825]
	BaseThreadInitThunk [0x00007FF9A0827374+20]
	RtlUserThreadStart [0x00007FF9A1EDCC91+33]

2025-06-15 08:22:50,726 INFO WhatsApp not sent.
2025-06-15 08:23:23,724 WARNING Initial WhatsApp send attempt failed.
2025-06-15 08:23:23,725 WARNING \u26a0\ufe0f \u062a\u0639\u0637\u0644 \u0627\u0644\u0625\u0631\u0633\u0627\u0644 \u0625\u0644\u0649 +201127506447: Message: 
Stacktrace:
	GetHandleVerifier [0x00007FF64159CF25+75717]
	GetHandleVerifier [0x00007FF64159CF80+75808]
	(No symbol) [0x00007FF641368F9A]
	(No symbol) [0x00007FF6413BF4C6]
	(No symbol) [0x00007FF6413BF77C]
	(No symbol) [0x00007FF641412577]
	(No symbol) [0x00007FF6413E73BF]
	(No symbol) [0x00007FF64140F39C]
	(No symbol) [0x00007FF6413E7153]
	(No symbol) [0x00007FF6413B0421]
	(No symbol) [0x00007FF6413B11B3]
	GetHandleVerifier [0x00007FF64189D6FD+3223453]
	GetHandleVerifier [0x00007FF641897CA2+3200322]
	GetHandleVerifier [0x00007FF6418B5AD3+3322739]
	GetHandleVerifier [0x00007FF6415B69FA+180890]
	GetHandleVerifier [0x00007FF6415BE0FF+211359]
	GetHandleVerifier [0x00007FF6415A5274+109332]
	GetHandleVerifier [0x00007FF6415A5422+109762]
	GetHandleVerifier [0x00007FF64158BA39+4825]
	BaseThreadInitThunk [0x00007FF9A0827374+20]
	RtlUserThreadStart [0x00007FF9A1EDCC91+33]
 — \u0627\u0644\u0645\u062d\u0627\u0648\u0644\u0629 \u0628\u0625\u0639\u0627\u062f\u0629 \u062a\u0634\u063a\u064a\u0644 \u0627\u0644\u062c\u0644\u0633\u0629
2025-06-15 08:23:55,214 ERROR Retry WhatsApp send attempt failed.
2025-06-15 08:23:55,215 ERROR \u274c we couldn`t resend the message +201127506447: Message: 
Stacktrace:
	GetHandleVerifier [0x00007FF64159CF25+75717]
	GetHandleVerifier [0x00007FF64159CF80+75808]
	(No symbol) [0x00007FF641368F9A]
	(No symbol) [0x00007FF6413BF4C6]
	(No symbol) [0x00007FF6413BF77C]
	(No symbol) [0x00007FF641412577]
	(No symbol) [0x00007FF6413E73BF]
	(No symbol) [0x00007FF64140F39C]
	(No symbol) [0x00007FF6413E7153]
	(No symbol) [0x00007FF6413B0421]
	(No symbol) [0x00007FF6413B11B3]
	GetHandleVerifier [0x00007FF64189D6FD+3223453]
	GetHandleVerifier [0x00007FF641897CA2+3200322]
	GetHandleVerifier [0x00007FF6418B5AD3+3322739]
	GetHandleVerifier [0x00007FF6415B69FA+180890]
	GetHandleVerifier [0x00007FF6415BE0FF+211359]
	GetHandleVerifier [0x00007FF6415A5274+109332]
	GetHandleVerifier [0x00007FF6415A5422+109762]
	GetHandleVerifier [0x00007FF64158BA39+4825]
	BaseThreadInitThunk [0x00007FF9A0827374+20]
	RtlUserThreadStart [0x00007FF9A1EDCC91+33]

2025-06-15 08:23:55,215 INFO WhatsApp not sent.
2025-06-15 08:24:27,799 WARNING Initial WhatsApp send attempt failed.
2025-06-15 08:24:27,799 WARNING \u26a0\ufe0f \u062a\u0639\u0637\u0644 \u0627\u0644\u0625\u0631\u0633\u0627\u0644 \u0625\u0644\u0649 +201141868918: Message: 
Stacktrace:
	GetHandleVerifier [0x00007FF64159CF25+75717]
	GetHandleVerifier [0x00007FF64159CF80+75808]
	(No symbol) [0x00007FF641368F9A]
	(No symbol) [0x00007FF6413BF4C6]
	(No symbol) [0x00007FF6413BF77C]
	(No symbol) [0x00007FF641412577]
	(No symbol) [0x00007FF6413E73BF]
	(No symbol) [0x00007FF64140F39C]
	(No symbol) [0x00007FF6413E7153]
	(No symbol) [0x00007FF6413B0421]
	(No symbol) [0x00007FF6413B11B3]
	GetHandleVerifier [0x00007FF64189D6FD+3223453]
	GetHandleVerifier [0x00007FF641897CA2+3200322]
	GetHandleVerifier [0x00007FF6418B5AD3+3322739]
	GetHandleVerifier [0x00007FF6415B69FA+180890]
	GetHandleVerifier [0x00007FF6415BE0FF+211359]
	GetHandleVerifier [0x00007FF6415A5274+109332]
	GetHandleVerifier [0x00007FF6415A5422+109762]
	GetHandleVerifier [0x00007FF64158BA39+4825]
	BaseThreadInitThunk [0x00007FF9A0827374+20]
	RtlUserThreadStart [0x00007FF9A1EDCC91+33]
 — \u0627\u0644\u0645\u062d\u0627\u0648\u0644\u0629 \u0628\u0625\u0639\u0627\u062f\u0629 \u062a\u0634\u063a\u064a\u0644 \u0627\u0644\u062c\u0644\u0633\u0629
2025-06-15 08:24:59,217 ERROR Retry WhatsApp send attempt failed.
2025-06-15 08:24:59,217 ERROR \u274c we couldn`t resend the message +201141868918: Message: 
Stacktrace:
	GetHandleVerifier [0x00007FF64159CF25+75717]
	GetHandleVerifier [0x00007FF64159CF80+75808]
	(No symbol) [0x00007FF641368F9A]
	(No symbol) [0x00007FF6413BF4C6]
	(No symbol) [0x00007FF6413BF77C]
	(No symbol) [0x00007FF641412577]
	(No symbol) [0x00007FF6413E73BF]
	(No symbol) [0x00007FF64140F39C]
	(No symbol) [0x00007FF6413E7153]
	(No symbol) [0x00007FF6413B0421]
	(No symbol) [0x00007FF6413B11B3]
	GetHandleVerifier [0x00007FF64189D6FD+3223453]
	GetHandleVerifier [0x00007FF641897CA2+3200322]
	GetHandleVerifier [0x00007FF6418B5AD3+3322739]
	GetHandleVerifier [0x00007FF6415B69FA+180890]
	GetHandleVerifier [0x00007FF6415BE0FF+211359]
	GetHandleVerifier [0x00007FF6415A5274+109332]
	GetHandleVerifier [0x00007FF6415A5422+109762]
	GetHandleVerifier [0x00007FF64158BA39+4825]
	BaseThreadInitThunk [0x00007FF9A0827374+20]
	RtlUserThreadStart [0x00007FF9A1EDCC91+33]

2025-06-15 08:24:59,217 INFO WhatsApp not sent.
2025-06-15 08:25:51,344 INFO \U0001f4e9 \u0623\u0631\u0633\u0644\u0646\u0627 \u0631\u0633\u0627\u0644\u0629 \u0625\u0644\u0649 +201153373253 \u0641\u064a 08:25:51
2025-06-15 08:28:42,168 WARNING Initial WhatsApp send attempt failed.
2025-06-15 08:28:42,168 WARNING \u26a0\ufe0f \u062a\u0639\u0637\u0644 \u0627\u0644\u0625\u0631\u0633\u0627\u0644 \u0625\u0644\u0649 +201126189557: Message: 
Stacktrace:
	GetHandleVerifier [0x00007FF64159CF25+75717]
	GetHandleVerifier [0x00007FF64159CF80+75808]
	(No symbol) [0x00007FF641368F9A]
	(No symbol) [0x00007FF6413BF4C6]
	(No symbol) [0x00007FF6413BF77C]
	(No symbol) [0x00007FF641412577]
	(No symbol) [0x00007FF6413E73BF]
	(No symbol) [0x00007FF64140F39C]
	(No symbol) [0x00007FF6413E7153]
	(No symbol) [0x00007FF6413B0421]
	(No symbol) [0x00007FF6413B11B3]
	GetHandleVerifier [0x00007FF64189D6FD+3223453]
	GetHandleVerifier [0x00007FF641897CA2+3200322]
	GetHandleVerifier [0x00007FF6418B5AD3+3322739]
	GetHandleVerifier [0x00007FF6415B69FA+180890]
	GetHandleVerifier [0x00007FF6415BE0FF+211359]
	GetHandleVerifier [0x00007FF6415A5274+109332]
	GetHandleVerifier [0x00007FF6415A5422+109762]
	GetHandleVerifier [0x00007FF64158BA39+4825]
	BaseThreadInitThunk [0x00007FF9A0827374+20]
	RtlUserThreadStart [0x00007FF9A1EDCC91+33]
 — \u0627\u0644\u0645\u062d\u0627\u0648\u0644\u0629 \u0628\u0625\u0639\u0627\u062f\u0629 \u062a\u0634\u063a\u064a\u0644 \u0627\u0644\u062c\u0644\u0633\u0629
2025-06-15 08:29:13,569 ERROR Retry WhatsApp send attempt failed.
2025-06-15 08:29:13,569 ERROR \u274c we couldn`t resend the message +201126189557: Message: 
Stacktrace:
	GetHandleVerifier [0x00007FF64159CF25+75717]
	GetHandleVerifier [0x00007FF64159CF80+75808]
	(No symbol) [0x00007FF641368F9A]
	(No symbol) [0x00007FF6413BF4C6]
	(No symbol) [0x00007FF6413BF77C]
	(No symbol) [0x00007FF641412577]
	(No symbol) [0x00007FF6413E73BF]
	(No symbol) [0x00007FF64140F39C]
	(No symbol) [0x00007FF6413E7153]
	(No symbol) [0x00007FF6413B0421]
	(No symbol) [0x00007FF6413B11B3]
	GetHandleVerifier [0x00007FF64189D6FD+3223453]
	GetHandleVerifier [0x00007FF641897CA2+3200322]
	GetHandleVerifier [0x00007FF6418B5AD3+3322739]
	GetHandleVerifier [0x00007FF6415B69FA+180890]
	GetHandleVerifier [0x00007FF6415BE0FF+211359]
	GetHandleVerifier [0x00007FF6415A5274+109332]
	GetHandleVerifier [0x00007FF6415A5422+109762]
	GetHandleVerifier [0x00007FF64158BA39+4825]
	BaseThreadInitThunk [0x00007FF9A0827374+20]
	RtlUserThreadStart [0x00007FF9A1EDCC91+33]

2025-06-15 08:29:13,569 INFO WhatsApp not sent.
2025-06-15 08:30:09,420 INFO \U0001f4e9 \u0623\u0631\u0633\u0644\u0646\u0627 \u0631\u0633\u0627\u0644\u0629 \u0625\u0644\u0649 +201154460081 \u0641\u064a 08:30:09
2025-06-15 08:30:38,264 INFO \U0001f4e9 \u0623\u0631\u0633\u0644\u0646\u0627 \u0631\u0633\u0627\u0644\u0629 \u0625\u0644\u0649 +201123242825 \u0641\u064a 08:30:38
2025-06-15 08:30:48,149 INFO \U0001f4e9 \u0623\u0631\u0633\u0644\u0646\u0627 \u0631\u0633\u0627\u0644\u0629 \u0625\u0644\u0649 +201123242825 \u0641\u064a 08:30:48
2025-06-15 08:32:56,396 INFO \U0001f4e9 \u0623\u0631\u0633\u0644\u0646\u0627 \u0631\u0633\u0627\u0644\u0629 \u0625\u0644\u0649 +201144285587 \u0641\u064a 08:32:56
2025-06-15 08:33:06,887 INFO \U0001f4e9 \u0623\u0631\u0633\u0644\u0646\u0627 \u0631\u0633\u0627\u0644\u0629 \u0625\u0644\u0649 +201144285587 \u0641\u064a 08:33:06
2025-06-15 08:37:04,651 INFO \U0001f4e9 \u0623\u0631\u0633\u0644\u0646\u0627 \u0631\u0633\u0627\u0644\u0629 \u0625\u0644\u0649 +201127506447 \u0641\u064a 08:37:04
2025-06-15 08:37:14,617 INFO \U0001f4e9 \u0623\u0631\u0633\u0644\u0646\u0627 \u0631\u0633\u0627\u0644\u0629 \u0625\u0644\u0649 +201127506447 \u0641\u064a 08:37:14
2025-06-15 08:42:43,288 INFO \U0001f4e9 \u0623\u0631\u0633\u0644\u0646\u0627 \u0631\u0633\u0627\u0644\u0629 \u0625\u0644\u0649 +201143889563 \u0641\u064a 08:42:43
2025-06-15 08:42:53,285 INFO \U0001f4e9 \u0623\u0631\u0633\u0644\u0646\u0627 \u0631\u0633\u0627\u0644\u0629 \u0625\u0644\u0649 +201143889563 \u0641\u064a 08:42:53
2025-06-15 08:44:03,945 INFO \U0001f4e9 \u0623\u0631\u0633\u0644\u0646\u0627 \u0631\u0633\u0627\u0644\u0629 \u0625\u0644\u0649 +201153937858 \u0641\u064a 08:44:03
2025-06-15 08:44:13,833 INFO \U0001f4e9 \u0623\u0631\u0633\u0644\u0646\u0627 \u0631\u0633\u0627\u0644\u0629 \u0625\u0644\u0649 +201153937858 \u0641\u064a 08:44:13
2025-06-15 08:46:08,807 INFO \U0001f4e9 \u0623\u0631\u0633\u0644\u0646\u0627 \u0631\u0633\u0627\u0644\u0629 \u0625\u0644\u0649 +201142866980 \u0641\u064a 08:46:08
2025-06-15 08:46:18,656 INFO \U0001f4e9 \u0623\u0631\u0633\u0644\u0646\u0627 \u0631\u0633\u0627\u0644\u0629 \u0625\u0644\u0649 +201142866980 \u0641\u064a 08:46:18
2025-06-15 08:47:29,163 INFO \U0001f4e9 \u0623\u0631\u0633\u0644\u0646\u0627 \u0631\u0633\u0627\u0644\u0629 \u0625\u0644\u0649 +201159024886 \u0641\u064a 08:47:29
2025-06-15 08:47:39,297 INFO \U0001f4e9 \u0623\u0631\u0633\u0644\u0646\u0627 \u0631\u0633\u0627\u0644\u0629 \u0625\u0644\u0649 +201159024886 \u0641\u064a 08:47:39
2025-06-15 08:53:10,143 WARNING Initial WhatsApp send attempt failed.
2025-06-15 08:53:10,143 WARNING \u26a0\ufe0f \u062a\u0639\u0637\u0644 \u0627\u0644\u0625\u0631\u0633\u0627\u0644 \u0625\u0644\u0649 +201143882457: Message: unknown error: net::ERR_NAME_NOT_RESOLVED
  (Session info: chrome=137.0.7151.104)
Stacktrace:
	GetHandleVerifier [0x00007FF64159CF25+75717]
	GetHandleVerifier [0x00007FF64159CF80+75808]
	(No symbol) [0x00007FF641368F9A]
	(No symbol) [0x00007FF6413659F4]
	(No symbol) [0x00007FF641356789]
	(No symbol) [0x00007FF6413584F8]
	(No symbol) [0x00007FF641356A96]
	(No symbol) [0x00007FF641356516]
	(No symbol) [0x00007FF6413561DA]
	(No symbol) [0x00007FF641353E8A]
	(No symbol) [0x00007FF64135465C]
	(No symbol) [0x00007FF64136CF3A]
	(No symbol) [0x00007FF64141013E]
	(No symbol) [0x00007FF6413E737A]
	(No symbol) [0x00007FF64140F39C]
	(No symbol) [0x00007FF6413E7153]
	(No symbol) [0x00007FF6413B0421]
	(No symbol) [0x00007FF6413B11B3]
	GetHandleVerifier [0x00007FF64189D6FD+3223453]
	GetHandleVerifier [0x00007FF641897CA2+3200322]
	GetHandleVerifier [0x00007FF6418B5AD3+3322739]
	GetHandleVerifier [0x00007FF6415B69FA+180890]
	GetHandleVerifier [0x00007FF6415BE0FF+211359]
	GetHandleVerifier [0x00007FF6415A5274+109332]
	GetHandleVerifier [0x00007FF6415A5422+109762]
	GetHandleVerifier [0x00007FF64158BA39+4825]
	BaseThreadInitThunk [0x00007FF9A0827374+20]
	RtlUserThreadStart [0x00007FF9A1EDCC91+33]
 — \u0627\u0644\u0645\u062d\u0627\u0648\u0644\u0629 \u0628\u0625\u0639\u0627\u062f\u0629 \u062a\u0634\u063a\u064a\u0644 \u0627\u0644\u062c\u0644\u0633\u0629
2025-06-15 08:53:12,218 ERROR Retry WhatsApp send attempt failed.
2025-06-15 08:53:12,219 ERROR \u274c we couldn`t resend the message +201143882457: Message: unknown error: net::ERR_INTERNET_DISCONNECTED
  (Session info: chrome=137.0.7151.104)
Stacktrace:
	GetHandleVerifier [0x00007FF64159CF25+75717]
	GetHandleVerifier [0x00007FF64159CF80+75808]
	(No symbol) [0x00007FF641368F9A]
	(No symbol) [0x00007FF6413659F4]
	(No symbol) [0x00007FF641356789]
	(No symbol) [0x00007FF6413584F8]
	(No symbol) [0x00007FF641356A96]
	(No symbol) [0x00007FF641356516]
	(No symbol) [0x00007FF6413561DA]
	(No symbol) [0x00007FF641353E8A]
	(No symbol) [0x00007FF64135465C]
	(No symbol) [0x00007FF64136CF3A]
	(No symbol) [0x00007FF64141013E]
	(No symbol) [0x00007FF6413E737A]
	(No symbol) [0x00007FF64140F39C]
	(No symbol) [0x00007FF6413E7153]
	(No symbol) [0x00007FF6413B0421]
	(No symbol) [0x00007FF6413B11B3]
	GetHandleVerifier [0x00007FF64189D6FD+3223453]
	GetHandleVerifier [0x00007FF641897CA2+3200322]
	GetHandleVerifier [0x00007FF6418B5AD3+3322739]
	GetHandleVerifier [0x00007FF6415B69FA+180890]
	GetHandleVerifier [0x00007FF6415BE0FF+211359]
	GetHandleVerifier [0x00007FF6415A5274+109332]
	GetHandleVerifier [0x00007FF6415A5422+109762]
	GetHandleVerifier [0x00007FF64158BA39+4825]
	BaseThreadInitThunk [0x00007FF9A0827374+20]
	RtlUserThreadStart [0x00007FF9A1EDCC91+33]

2025-06-15 08:53:12,219 INFO WhatsApp not sent.
2025-06-15 08:53:13,292 WARNING Initial WhatsApp send attempt failed.
2025-06-15 08:53:13,292 WARNING \u26a0\ufe0f \u062a\u0639\u0637\u0644 \u0627\u0644\u0625\u0631\u0633\u0627\u0644 \u0625\u0644\u0649 +201143882457: Message: unknown error: net::ERR_INTERNET_DISCONNECTED
  (Session info: chrome=137.0.7151.104)
Stacktrace:
	GetHandleVerifier [0x00007FF64159CF25+75717]
	GetHandleVerifier [0x00007FF64159CF80+75808]
	(No symbol) [0x00007FF641368F9A]
	(No symbol) [0x00007FF6413659F4]
	(No symbol) [0x00007FF641356789]
	(No symbol) [0x00007FF6413584F8]
	(No symbol) [0x00007FF641356A96]
	(No symbol) [0x00007FF641356516]
	(No symbol) [0x00007FF6413561DA]
	(No symbol) [0x00007FF641353E8A]
	(No symbol) [0x00007FF64135465C]
	(No symbol) [0x00007FF64136CF3A]
	(No symbol) [0x00007FF64141013E]
	(No symbol) [0x00007FF6413E737A]
	(No symbol) [0x00007FF64140F39C]
	(No symbol) [0x00007FF6413E7153]
	(No symbol) [0x00007FF6413B0421]
	(No symbol) [0x00007FF6413B11B3]
	GetHandleVerifier [0x00007FF64189D6FD+3223453]
	GetHandleVerifier [0x00007FF641897CA2+3200322]
	GetHandleVerifier [0x00007FF6418B5AD3+3322739]
	GetHandleVerifier [0x00007FF6415B69FA+180890]
	GetHandleVerifier [0x00007FF6415BE0FF+211359]
	GetHandleVerifier [0x00007FF6415A5274+109332]
	GetHandleVerifier [0x00007FF6415A5422+109762]
	GetHandleVerifier [0x00007FF64158BA39+4825]
	BaseThreadInitThunk [0x00007FF9A0827374+20]
	RtlUserThreadStart [0x00007FF9A1EDCC91+33]
 — \u0627\u0644\u0645\u062d\u0627\u0648\u0644\u0629 \u0628\u0625\u0639\u0627\u062f\u0629 \u062a\u0634\u063a\u064a\u0644 \u0627\u0644\u062c\u0644\u0633\u0629
2025-06-15 08:53:13,469 ERROR Retry WhatsApp send attempt failed.
2025-06-15 08:53:13,470 ERROR \u274c we couldn`t resend the message +201143882457: Message: unknown error: net::ERR_INTERNET_DISCONNECTED
  (Session info: chrome=137.0.7151.104)
Stacktrace:
	GetHandleVerifier [0x00007FF64159CF25+75717]
	GetHandleVerifier [0x00007FF64159CF80+75808]
	(No symbol) [0x00007FF641368F9A]
	(No symbol) [0x00007FF6413659F4]
	(No symbol) [0x00007FF641356789]
	(No symbol) [0x00007FF6413584F8]
	(No symbol) [0x00007FF641356A96]
	(No symbol) [0x00007FF641356516]
	(No symbol) [0x00007FF6413561DA]
	(No symbol) [0x00007FF641353E8A]
	(No symbol) [0x00007FF64135465C]
	(No symbol) [0x00007FF64136CF3A]
	(No symbol) [0x00007FF64141013E]
	(No symbol) [0x00007FF6413E737A]
	(No symbol) [0x00007FF64140F39C]
	(No symbol) [0x00007FF6413E7153]
	(No symbol) [0x00007FF6413B0421]
	(No symbol) [0x00007FF6413B11B3]
	GetHandleVerifier [0x00007FF64189D6FD+3223453]
	GetHandleVerifier [0x00007FF641897CA2+3200322]
	GetHandleVerifier [0x00007FF6418B5AD3+3322739]
	GetHandleVerifier [0x00007FF6415B69FA+180890]
	GetHandleVerifier [0x00007FF6415BE0FF+211359]
	GetHandleVerifier [0x00007FF6415A5274+109332]
	GetHandleVerifier [0x00007FF6415A5422+109762]
	GetHandleVerifier [0x00007FF64158BA39+4825]
	BaseThreadInitThunk [0x00007FF9A0827374+20]
	RtlUserThreadStart [0x00007FF9A1EDCC91+33]

2025-06-15 08:53:13,470 INFO WhatsApp not sent.
2025-06-15 08:57:26,556 INFO \U0001f4e9 \u0623\u0631\u0633\u0644\u0646\u0627 \u0631\u0633\u0627\u0644\u0629 \u0625\u0644\u0649 +201144321079 \u0641\u064a 08:57:26
2025-06-15 08:57:37,369 INFO \U0001f4e9 \u0623\u0631\u0633\u0644\u0646\u0627 \u0631\u0633\u0627\u0644\u0629 \u0625\u0644\u0649 +201144321079 \u0641\u064a 08:57:37
2025-06-15 09:01:06,182 WARNING Initial WhatsApp send attempt failed.
2025-06-15 09:01:06,182 WARNING \u26a0\ufe0f \u062a\u0639\u0637\u0644 \u0627\u0644\u0625\u0631\u0633\u0627\u0644 \u0625\u0644\u0649 +201116938236: Message: 
Stacktrace:
	GetHandleVerifier [0x00007FF64159CF25+75717]
	GetHandleVerifier [0x00007FF64159CF80+75808]
	(No symbol) [0x00007FF641368F9A]
	(No symbol) [0x00007FF6413BF4C6]
	(No symbol) [0x00007FF6413BF77C]
	(No symbol) [0x00007FF641412577]
	(No symbol) [0x00007FF6413E73BF]
	(No symbol) [0x00007FF64140F39C]
	(No symbol) [0x00007FF6413E7153]
	(No symbol) [0x00007FF6413B0421]
	(No symbol) [0x00007FF6413B11B3]
	GetHandleVerifier [0x00007FF64189D6FD+3223453]
	GetHandleVerifier [0x00007FF641897CA2+3200322]
	GetHandleVerifier [0x00007FF6418B5AD3+3322739]
	GetHandleVerifier [0x00007FF6415B69FA+180890]
	GetHandleVerifier [0x00007FF6415BE0FF+211359]
	GetHandleVerifier [0x00007FF6415A5274+109332]
	GetHandleVerifier [0x00007FF6415A5422+109762]
	GetHandleVerifier [0x00007FF64158BA39+4825]
	BaseThreadInitThunk [0x00007FF9A0827374+20]
	RtlUserThreadStart [0x00007FF9A1EDCC91+33]
 — \u0627\u0644\u0645\u062d\u0627\u0648\u0644\u0629 \u0628\u0625\u0639\u0627\u062f\u0629 \u062a\u0634\u063a\u064a\u0644 \u0627\u0644\u062c\u0644\u0633\u0629
2025-06-15 09:01:37,444 ERROR Retry WhatsApp send attempt failed.
2025-06-15 09:01:37,444 ERROR \u274c we couldn`t resend the message +201116938236: Message: 
Stacktrace:
	GetHandleVerifier [0x00007FF64159CF25+75717]
	GetHandleVerifier [0x00007FF64159CF80+75808]
	(No symbol) [0x00007FF641368F9A]
	(No symbol) [0x00007FF6413BF4C6]
	(No symbol) [0x00007FF6413BF77C]
	(No symbol) [0x00007FF641412577]
	(No symbol) [0x00007FF6413E73BF]
	(No symbol) [0x00007FF64140F39C]
	(No symbol) [0x00007FF6413E7153]
	(No symbol) [0x00007FF6413B0421]
	(No symbol) [0x00007FF6413B11B3]
	GetHandleVerifier [0x00007FF64189D6FD+3223453]
	GetHandleVerifier [0x00007FF641897CA2+3200322]
	GetHandleVerifier [0x00007FF6418B5AD3+3322739]
	GetHandleVerifier [0x00007FF6415B69FA+180890]
	GetHandleVerifier [0x00007FF6415BE0FF+211359]
	GetHandleVerifier [0x00007FF6415A5274+109332]
	GetHandleVerifier [0x00007FF6415A5422+109762]
	GetHandleVerifier [0x00007FF64158BA39+4825]
	BaseThreadInitThunk [0x00007FF9A0827374+20]
	RtlUserThreadStart [0x00007FF9A1EDCC91+33]

2025-06-15 09:01:37,444 INFO WhatsApp not sent.
2025-06-15 09:02:09,763 WARNING Initial WhatsApp send attempt failed.
2025-06-15 09:02:09,763 WARNING \u26a0\ufe0f \u062a\u0639\u0637\u0644 \u0627\u0644\u0625\u0631\u0633\u0627\u0644 \u0625\u0644\u0649 +201116938236: Message: 
Stacktrace:
	GetHandleVerifier [0x00007FF64159CF25+75717]
	GetHandleVerifier [0x00007FF64159CF80+75808]
	(No symbol) [0x00007FF641368F9A]
	(No symbol) [0x00007FF6413BF4C6]
	(No symbol) [0x00007FF6413BF77C]
	(No symbol) [0x00007FF641412577]
	(No symbol) [0x00007FF6413E73BF]
	(No symbol) [0x00007FF64140F39C]
	(No symbol) [0x00007FF6413E7153]
	(No symbol) [0x00007FF6413B0421]
	(No symbol) [0x00007FF6413B11B3]
	GetHandleVerifier [0x00007FF64189D6FD+3223453]
	GetHandleVerifier [0x00007FF641897CA2+3200322]
	GetHandleVerifier [0x00007FF6418B5AD3+3322739]
	GetHandleVerifier [0x00007FF6415B69FA+180890]
	GetHandleVerifier [0x00007FF6415BE0FF+211359]
	GetHandleVerifier [0x00007FF6415A5274+109332]
	GetHandleVerifier [0x00007FF6415A5422+109762]
	GetHandleVerifier [0x00007FF64158BA39+4825]
	BaseThreadInitThunk [0x00007FF9A0827374+20]
	RtlUserThreadStart [0x00007FF9A1EDCC91+33]
 — \u0627\u0644\u0645\u062d\u0627\u0648\u0644\u0629 \u0628\u0625\u0639\u0627\u062f\u0629 \u062a\u0634\u063a\u064a\u0644 \u0627\u0644\u062c\u0644\u0633\u0629
2025-06-15 09:02:46,055 ERROR Retry WhatsApp send attempt failed.
2025-06-15 09:02:46,056 ERROR \u274c we couldn`t resend the message +201116938236: Message: 
Stacktrace:
	GetHandleVerifier [0x00007FF64159CF25+75717]
	GetHandleVerifier [0x00007FF64159CF80+75808]
	(No symbol) [0x00007FF641368F9A]
	(No symbol) [0x00007FF6413BF4C6]
	(No symbol) [0x00007FF6413BF77C]
	(No symbol) [0x00007FF641412577]
	(No symbol) [0x00007FF6413E73BF]
	(No symbol) [0x00007FF64140F39C]
	(No symbol) [0x00007FF6413E7153]
	(No symbol) [0x00007FF6413B0421]
	(No symbol) [0x00007FF6413B11B3]
	GetHandleVerifier [0x00007FF64189D6FD+3223453]
	GetHandleVerifier [0x00007FF641897CA2+3200322]
	GetHandleVerifier [0x00007FF6418B5AD3+3322739]
	GetHandleVerifier [0x00007FF6415B69FA+180890]
	GetHandleVerifier [0x00007FF6415BE0FF+211359]
	GetHandleVerifier [0x00007FF6415A5274+109332]
	GetHandleVerifier [0x00007FF6415A5422+109762]
	GetHandleVerifier [0x00007FF64158BA39+4825]
	BaseThreadInitThunk [0x00007FF9A0827374+20]
	RtlUserThreadStart [0x00007FF9A1EDCC91+33]

2025-06-15 09:02:46,056 INFO WhatsApp not sent.
2025-06-15 09:02:54,313 INFO \U0001f4e9 \u0623\u0631\u0633\u0644\u0646\u0627 \u0631\u0633\u0627\u0644\u0629 \u0625\u0644\u0649 +201144351280 \u0641\u064a 09:02:54
2025-06-15 09:03:04,224 INFO \U0001f4e9 \u0623\u0631\u0633\u0644\u0646\u0627 \u0631\u0633\u0627\u0644\u0629 \u0625\u0644\u0649 +201144351280 \u0641\u064a 09:03:04
2025-06-15 09:05:25,696 WARNING Initial WhatsApp send attempt failed.
2025-06-15 09:05:25,696 WARNING \u26a0\ufe0f \u062a\u0639\u0637\u0644 \u0627\u0644\u0625\u0631\u0633\u0627\u0644 \u0625\u0644\u0649 +201151598837: Message: 
Stacktrace:
	GetHandleVerifier [0x00007FF64159CF25+75717]
	GetHandleVerifier [0x00007FF64159CF80+75808]
	(No symbol) [0x00007FF641368F9A]
	(No symbol) [0x00007FF6413BF4C6]
	(No symbol) [0x00007FF6413BF77C]
	(No symbol) [0x00007FF641412577]
	(No symbol) [0x00007FF6413E73BF]
	(No symbol) [0x00007FF64140F39C]
	(No symbol) [0x00007FF6413E7153]
	(No symbol) [0x00007FF6413B0421]
	(No symbol) [0x00007FF6413B11B3]
	GetHandleVerifier [0x00007FF64189D6FD+3223453]
	GetHandleVerifier [0x00007FF641897CA2+3200322]
	GetHandleVerifier [0x00007FF6418B5AD3+3322739]
	GetHandleVerifier [0x00007FF6415B69FA+180890]
	GetHandleVerifier [0x00007FF6415BE0FF+211359]
	GetHandleVerifier [0x00007FF6415A5274+109332]
	GetHandleVerifier [0x00007FF6415A5422+109762]
	GetHandleVerifier [0x00007FF64158BA39+4825]
	BaseThreadInitThunk [0x00007FF9A0827374+20]
	RtlUserThreadStart [0x00007FF9A1EDCC91+33]
 — \u0627\u0644\u0645\u062d\u0627\u0648\u0644\u0629 \u0628\u0625\u0639\u0627\u062f\u0629 \u062a\u0634\u063a\u064a\u0644 \u0627\u0644\u062c\u0644\u0633\u0629
2025-06-15 09:05:56,686 ERROR Retry WhatsApp send attempt failed.
2025-06-15 09:05:56,687 ERROR \u274c we couldn`t resend the message +201151598837: Message: 
Stacktrace:
	GetHandleVerifier [0x00007FF64159CF25+75717]
	GetHandleVerifier [0x00007FF64159CF80+75808]
	(No symbol) [0x00007FF641368F9A]
	(No symbol) [0x00007FF6413BF4C6]
	(No symbol) [0x00007FF6413BF77C]
	(No symbol) [0x00007FF641412577]
	(No symbol) [0x00007FF6413E73BF]
	(No symbol) [0x00007FF64140F39C]
	(No symbol) [0x00007FF6413E7153]
	(No symbol) [0x00007FF6413B0421]
	(No symbol) [0x00007FF6413B11B3]
	GetHandleVerifier [0x00007FF64189D6FD+3223453]
	GetHandleVerifier [0x00007FF641897CA2+3200322]
	GetHandleVerifier [0x00007FF6418B5AD3+3322739]
	GetHandleVerifier [0x00007FF6415B69FA+180890]
	GetHandleVerifier [0x00007FF6415BE0FF+211359]
	GetHandleVerifier [0x00007FF6415A5274+109332]
	GetHandleVerifier [0x00007FF6415A5422+109762]
	GetHandleVerifier [0x00007FF64158BA39+4825]
	BaseThreadInitThunk [0x00007FF9A0827374+20]
	RtlUserThreadStart [0x00007FF9A1EDCC91+33]

2025-06-15 09:05:56,687 INFO WhatsApp not sent.
2025-06-15 09:06:28,858 WARNING Initial WhatsApp send attempt failed.
2025-06-15 09:06:28,858 WARNING \u26a0\ufe0f \u062a\u0639\u0637\u0644 \u0627\u0644\u0625\u0631\u0633\u0627\u0644 \u0625\u0644\u0649 +201151598837: Message: 
Stacktrace:
	GetHandleVerifier [0x00007FF64159CF25+75717]
	GetHandleVerifier [0x00007FF64159CF80+75808]
	(No symbol) [0x00007FF641368F9A]
	(No symbol) [0x00007FF6413BF4C6]
	(No symbol) [0x00007FF6413BF77C]
	(No symbol) [0x00007FF641412577]
	(No symbol) [0x00007FF6413E73BF]
	(No symbol) [0x00007FF64140F39C]
	(No symbol) [0x00007FF6413E7153]
	(No symbol) [0x00007FF6413B0421]
	(No symbol) [0x00007FF6413B11B3]
	GetHandleVerifier [0x00007FF64189D6FD+3223453]
	GetHandleVerifier [0x00007FF641897CA2+3200322]
	GetHandleVerifier [0x00007FF6418B5AD3+3322739]
	GetHandleVerifier [0x00007FF6415B69FA+180890]
	GetHandleVerifier [0x00007FF6415BE0FF+211359]
	GetHandleVerifier [0x00007FF6415A5274+109332]
	GetHandleVerifier [0x00007FF6415A5422+109762]
	GetHandleVerifier [0x00007FF64158BA39+4825]
	BaseThreadInitThunk [0x00007FF9A0827374+20]
	RtlUserThreadStart [0x00007FF9A1EDCC91+33]
 — \u0627\u0644\u0645\u062d\u0627\u0648\u0644\u0629 \u0628\u0625\u0639\u0627\u062f\u0629 \u062a\u0634\u063a\u064a\u0644 \u0627\u0644\u062c\u0644\u0633\u0629
2025-06-15 09:07:00,210 ERROR Retry WhatsApp send attempt failed.
2025-06-15 09:07:00,210 ERROR \u274c we couldn`t resend the message +201151598837: Message: 
Stacktrace:
	GetHandleVerifier [0x00007FF64159CF25+75717]
	GetHandleVerifier [0x00007FF64159CF80+75808]
	(No symbol) [0x00007FF641368F9A]
	(No symbol) [0x00007FF6413BF4C6]
	(No symbol) [0x00007FF6413BF77C]
	(No symbol) [0x00007FF641412577]
	(No symbol) [0x00007FF6413E73BF]
	(No symbol) [0x00007FF64140F39C]
	(No symbol) [0x00007FF6413E7153]
	(No symbol) [0x00007FF6413B0421]
	(No symbol) [0x00007FF6413B11B3]
	GetHandleVerifier [0x00007FF64189D6FD+3223453]
	GetHandleVerifier [0x00007FF641897CA2+3200322]
	GetHandleVerifier [0x00007FF6418B5AD3+3322739]
	GetHandleVerifier [0x00007FF6415B69FA+180890]
	GetHandleVerifier [0x00007FF6415BE0FF+211359]
	GetHandleVerifier [0x00007FF6415A5274+109332]
	GetHandleVerifier [0x00007FF6415A5422+109762]
	GetHandleVerifier [0x00007FF64158BA39+4825]
	BaseThreadInitThunk [0x00007FF9A0827374+20]
	RtlUserThreadStart [0x00007FF9A1EDCC91+33]

2025-06-15 09:07:00,210 INFO WhatsApp not sent.
2025-06-15 09:07:32,196 WARNING Initial WhatsApp send attempt failed.
2025-06-15 09:07:32,196 WARNING \u26a0\ufe0f \u062a\u0639\u0637\u0644 \u0627\u0644\u0625\u0631\u0633\u0627\u0644 \u0625\u0644\u0649 +201113697202: Message: 
Stacktrace:
	GetHandleVerifier [0x00007FF64159CF25+75717]
	GetHandleVerifier [0x00007FF64159CF80+75808]
	(No symbol) [0x00007FF641368F9A]
	(No symbol) [0x00007FF6413BF4C6]
	(No symbol) [0x00007FF6413BF77C]
	(No symbol) [0x00007FF641412577]
	(No symbol) [0x00007FF6413E73BF]
	(No symbol) [0x00007FF64140F39C]
	(No symbol) [0x00007FF6413E7153]
	(No symbol) [0x00007FF6413B0421]
	(No symbol) [0x00007FF6413B11B3]
	GetHandleVerifier [0x00007FF64189D6FD+3223453]
	GetHandleVerifier [0x00007FF641897CA2+3200322]
	GetHandleVerifier [0x00007FF6418B5AD3+3322739]
	GetHandleVerifier [0x00007FF6415B69FA+180890]
	GetHandleVerifier [0x00007FF6415BE0FF+211359]
	GetHandleVerifier [0x00007FF6415A5274+109332]
	GetHandleVerifier [0x00007FF6415A5422+109762]
	GetHandleVerifier [0x00007FF64158BA39+4825]
	BaseThreadInitThunk [0x00007FF9A0827374+20]
	RtlUserThreadStart [0x00007FF9A1EDCC91+33]
 — \u0627\u0644\u0645\u062d\u0627\u0648\u0644\u0629 \u0628\u0625\u0639\u0627\u062f\u0629 \u062a\u0634\u063a\u064a\u0644 \u0627\u0644\u062c\u0644\u0633\u0629
2025-06-15 09:08:03,415 ERROR Retry WhatsApp send attempt failed.
2025-06-15 09:08:03,415 ERROR \u274c we couldn`t resend the message +201113697202: Message: 
Stacktrace:
	GetHandleVerifier [0x00007FF64159CF25+75717]
	GetHandleVerifier [0x00007FF64159CF80+75808]
	(No symbol) [0x00007FF641368F9A]
	(No symbol) [0x00007FF6413BF4C6]
	(No symbol) [0x00007FF6413BF77C]
	(No symbol) [0x00007FF641412577]
	(No symbol) [0x00007FF6413E73BF]
	(No symbol) [0x00007FF64140F39C]
	(No symbol) [0x00007FF6413E7153]
	(No symbol) [0x00007FF6413B0421]
	(No symbol) [0x00007FF6413B11B3]
	GetHandleVerifier [0x00007FF64189D6FD+3223453]
	GetHandleVerifier [0x00007FF641897CA2+3200322]
	GetHandleVerifier [0x00007FF6418B5AD3+3322739]
	GetHandleVerifier [0x00007FF6415B69FA+180890]
	GetHandleVerifier [0x00007FF6415BE0FF+211359]
	GetHandleVerifier [0x00007FF6415A5274+109332]
	GetHandleVerifier [0x00007FF6415A5422+109762]
	GetHandleVerifier [0x00007FF64158BA39+4825]
	BaseThreadInitThunk [0x00007FF9A0827374+20]
	RtlUserThreadStart [0x00007FF9A1EDCC91+33]

2025-06-15 09:08:03,416 INFO WhatsApp not sent.
2025-06-15 09:08:22,784 INFO \U0001f4e9 \u0623\u0631\u0633\u0644\u0646\u0627 \u0631\u0633\u0627\u0644\u0629 \u0625\u0644\u0649 +201113697202 \u0641\u064a 09:08:22
2025-06-15 09:09:40,511 INFO \U0001f4e9 \u0623\u0631\u0633\u0644\u0646\u0627 \u0631\u0633\u0627\u0644\u0629 \u0625\u0644\u0649 +201128190064 \u0641\u064a 09:09:40
2025-06-15 09:09:50,223 INFO \U0001f4e9 \u0623\u0631\u0633\u0644\u0646\u0627 \u0631\u0633\u0627\u0644\u0629 \u0625\u0644\u0649 +201128190064 \u0641\u064a 09:09:50
2025-06-15 09:11:10,960 INFO \U0001f4e9 \u0623\u0631\u0633\u0644\u0646\u0627 \u0631\u0633\u0627\u0644\u0629 \u0625\u0644\u0649 +201100768337 \u0641\u064a 09:11:10
2025-06-15 09:11:21,336 INFO \U0001f4e9 \u0623\u0631\u0633\u0644\u0646\u0627 \u0631\u0633\u0627\u0644\u0629 \u0625\u0644\u0649 +201100768337 \u0641\u064a 09:11:21
2025-06-15 09:12:25,305 WARNING Initial WhatsApp send attempt failed.
2025-06-15 09:12:25,305 WARNING \u26a0\ufe0f \u062a\u0639\u0637\u0644 \u0627\u0644\u0625\u0631\u0633\u0627\u0644 \u0625\u0644\u0649 +20112883052: Message: 
Stacktrace:
	GetHandleVerifier [0x00007FF64159CF25+75717]
	GetHandleVerifier [0x00007FF64159CF80+75808]
	(No symbol) [0x00007FF641368F9A]
	(No symbol) [0x00007FF6413BF4C6]
	(No symbol) [0x00007FF6413BF77C]
	(No symbol) [0x00007FF641412577]
	(No symbol) [0x00007FF6413E73BF]
	(No symbol) [0x00007FF64140F39C]
	(No symbol) [0x00007FF6413E7153]
	(No symbol) [0x00007FF6413B0421]
	(No symbol) [0x00007FF6413B11B3]
	GetHandleVerifier [0x00007FF64189D6FD+3223453]
	GetHandleVerifier [0x00007FF641897CA2+3200322]
	GetHandleVerifier [0x00007FF6418B5AD3+3322739]
	GetHandleVerifier [0x00007FF6415B69FA+180890]
	GetHandleVerifier [0x00007FF6415BE0FF+211359]
	GetHandleVerifier [0x00007FF6415A5274+109332]
	GetHandleVerifier [0x00007FF6415A5422+109762]
	GetHandleVerifier [0x00007FF64158BA39+4825]
	BaseThreadInitThunk [0x00007FF9A0827374+20]
	RtlUserThreadStart [0x00007FF9A1EDCC91+33]
 — \u0627\u0644\u0645\u062d\u0627\u0648\u0644\u0629 \u0628\u0625\u0639\u0627\u062f\u0629 \u062a\u0634\u063a\u064a\u0644 \u0627\u0644\u062c\u0644\u0633\u0629
2025-06-15 09:12:56,579 ERROR Retry WhatsApp send attempt failed.
2025-06-15 09:12:56,579 ERROR \u274c we couldn`t resend the message +20112883052: Message: 
Stacktrace:
	GetHandleVerifier [0x00007FF64159CF25+75717]
	GetHandleVerifier [0x00007FF64159CF80+75808]
	(No symbol) [0x00007FF641368F9A]
	(No symbol) [0x00007FF6413BF4C6]
	(No symbol) [0x00007FF6413BF77C]
	(No symbol) [0x00007FF641412577]
	(No symbol) [0x00007FF6413E73BF]
	(No symbol) [0x00007FF64140F39C]
	(No symbol) [0x00007FF6413E7153]
	(No symbol) [0x00007FF6413B0421]
	(No symbol) [0x00007FF6413B11B3]
	GetHandleVerifier [0x00007FF64189D6FD+3223453]
	GetHandleVerifier [0x00007FF641897CA2+3200322]
	GetHandleVerifier [0x00007FF6418B5AD3+3322739]
	GetHandleVerifier [0x00007FF6415B69FA+180890]
	GetHandleVerifier [0x00007FF6415BE0FF+211359]
	GetHandleVerifier [0x00007FF6415A5274+109332]
	GetHandleVerifier [0x00007FF6415A5422+109762]
	GetHandleVerifier [0x00007FF64158BA39+4825]
	BaseThreadInitThunk [0x00007FF9A0827374+20]
	RtlUserThreadStart [0x00007FF9A1EDCC91+33]

2025-06-15 09:12:56,579 INFO WhatsApp not sent.
2025-06-15 09:13:32,697 WARNING Initial WhatsApp send attempt failed.
2025-06-15 09:13:32,697 WARNING \u26a0\ufe0f \u062a\u0639\u0637\u0644 \u0627\u0644\u0625\u0631\u0633\u0627\u0644 \u0625\u0644\u0649 +20112883052: Message: 
Stacktrace:
	GetHandleVerifier [0x00007FF64159CF25+75717]
	GetHandleVerifier [0x00007FF64159CF80+75808]
	(No symbol) [0x00007FF641368F9A]
	(No symbol) [0x00007FF6413BF4C6]
	(No symbol) [0x00007FF6413BF77C]
	(No symbol) [0x00007FF641412577]
	(No symbol) [0x00007FF6413E73BF]
	(No symbol) [0x00007FF64140F39C]
	(No symbol) [0x00007FF6413E7153]
	(No symbol) [0x00007FF6413B0421]
	(No symbol) [0x00007FF6413B11B3]
	GetHandleVerifier [0x00007FF64189D6FD+3223453]
	GetHandleVerifier [0x00007FF641897CA2+3200322]
	GetHandleVerifier [0x00007FF6418B5AD3+3322739]
	GetHandleVerifier [0x00007FF6415B69FA+180890]
	GetHandleVerifier [0x00007FF6415BE0FF+211359]
	GetHandleVerifier [0x00007FF6415A5274+109332]
	GetHandleVerifier [0x00007FF6415A5422+109762]
	GetHandleVerifier [0x00007FF64158BA39+4825]
	BaseThreadInitThunk [0x00007FF9A0827374+20]
	RtlUserThreadStart [0x00007FF9A1EDCC91+33]
 — \u0627\u0644\u0645\u062d\u0627\u0648\u0644\u0629 \u0628\u0625\u0639\u0627\u062f\u0629 \u062a\u0634\u063a\u064a\u0644 \u0627\u0644\u062c\u0644\u0633\u0629
2025-06-15 09:14:04,019 ERROR Retry WhatsApp send attempt failed.
2025-06-15 09:14:04,019 ERROR \u274c we couldn`t resend the message +20112883052: Message: 
Stacktrace:
	GetHandleVerifier [0x00007FF64159CF25+75717]
	GetHandleVerifier [0x00007FF64159CF80+75808]
	(No symbol) [0x00007FF641368F9A]
	(No symbol) [0x00007FF6413BF4C6]
	(No symbol) [0x00007FF6413BF77C]
	(No symbol) [0x00007FF641412577]
	(No symbol) [0x00007FF6413E73BF]
	(No symbol) [0x00007FF64140F39C]
	(No symbol) [0x00007FF6413E7153]
	(No symbol) [0x00007FF6413B0421]
	(No symbol) [0x00007FF6413B11B3]
	GetHandleVerifier [0x00007FF64189D6FD+3223453]
	GetHandleVerifier [0x00007FF641897CA2+3200322]
	GetHandleVerifier [0x00007FF6418B5AD3+3322739]
	GetHandleVerifier [0x00007FF6415B69FA+180890]
	GetHandleVerifier [0x00007FF6415BE0FF+211359]
	GetHandleVerifier [0x00007FF6415A5274+109332]
	GetHandleVerifier [0x00007FF6415A5422+109762]
	GetHandleVerifier [0x00007FF64158BA39+4825]
	BaseThreadInitThunk [0x00007FF9A0827374+20]
	RtlUserThreadStart [0x00007FF9A1EDCC91+33]

2025-06-15 09:14:04,019 INFO WhatsApp not sent.
2025-06-15 09:15:17,708 WARNING Not Found: /favicon.ico
2025-06-15 09:21:58,643 WARNING Not Found: /favicon.ico
2025-06-15 11:36:44,698 WARNING Not Found: /favicon.ico
2025-06-15 12:40:36,025 WARNING Not Found: /favicon.ico
2025-06-15 14:01:29,528 WARNING Not Found: /favicon.ico
2025-06-15 15:17:11,169 WARNING Not Found: /favicon.ico
2025-06-15 16:09:40,164 INFO C:\Users\Abdo\Desktop\students-manager\v2student_manager\students\views.py changed, reloading.
2025-06-15 16:09:52,884 INFO C:\Users\Abdo\Desktop\students-manager\v2student_manager\students\views.py changed, reloading.
2025-06-15 16:10:00,476 INFO C:\Users\Abdo\Desktop\students-manager\v2student_manager\students\views.py changed, reloading.
2025-06-15 16:10:51,190 WARNING The chromedriver version (136.0.7103.92) detected in PATH at C:\webdrivers\chromedriver.exe might not be compatible with the detected chrome version (137.0.7151.104); currently, chromedriver 137.0.7151.70 is recommended for chrome 137.*, so it is advised to delete the driver in PATH and retry
2025-06-15 16:10:51,191 WARNING Error sending stats to Plausible: error sending request for url (https://plausible.io/api/event)
2025-06-15 16:11:05,398 INFO \u231b \u0627\u0646\u062a\u0638\u0631 \u0645\u0633\u062d QR \u0641\u064a WhatsApp Web …
2025-06-15 16:11:12,512 INFO \u2705 \u062c\u0627\u0647\u0632 \u0644\u0625\u0631\u0633\u0627\u0644 \u0627\u0644\u0631\u0633\u0627\u0626\u0644.
2025-06-15 16:11:21,739 INFO \U0001f4e9 \u0623\u0631\u0633\u0644\u0646\u0627 \u0631\u0633\u0627\u0644\u0629 \u0625\u0644\u0649 +201142344943 \u0641\u064a 16:11:21
2025-06-15 16:11:34,000 INFO \U0001f4e9 \u0623\u0631\u0633\u0644\u0646\u0627 \u0631\u0633\u0627\u0644\u0629 \u0625\u0644\u0649 +201142344943 \u0641\u064a 16:11:34
2025-06-15 16:14:29,038 INFO C:\Users\Abdo\Desktop\students-manager\v2student_manager\students\views.py changed, reloading.
2025-06-15 16:15:56,820 INFO C:\Users\Abdo\Desktop\students-manager\v2student_manager\students\views.py changed, reloading.
2025-06-15 16:16:31,610 WARNING The chromedriver version (136.0.7103.92) detected in PATH at C:\webdrivers\chromedriver.exe might not be compatible with the detected chrome version (137.0.7151.104); currently, chromedriver 137.0.7151.70 is recommended for chrome 137.*, so it is advised to delete the driver in PATH and retry
2025-06-15 16:16:36,068 INFO \u231b \u0627\u0646\u062a\u0638\u0631 \u0645\u0633\u062d QR \u0641\u064a WhatsApp Web …
2025-06-15 16:16:42,349 INFO \u2705 \u062c\u0627\u0647\u0632 \u0644\u0625\u0631\u0633\u0627\u0644 \u0627\u0644\u0631\u0633\u0627\u0626\u0644.
2025-06-15 16:16:50,732 INFO \U0001f4e9 \u0623\u0631\u0633\u0644\u0646\u0627 \u0631\u0633\u0627\u0644\u0629 \u0625\u0644\u0649 +201142344943 \u0641\u064a 16:16:50
2025-06-15 16:17:36,654 INFO \U0001f4e9 \u0623\u0631\u0633\u0644\u0646\u0627 \u0631\u0633\u0627\u0644\u0629 \u0625\u0644\u0649 +201142344943 \u0641\u064a 16:17:36
2025-06-15 16:20:54,315 INFO C:\Users\Abdo\Desktop\students-manager\v2student_manager\students\views.py changed, reloading.
2025-06-15 16:21:00,299 INFO C:\Users\Abdo\Desktop\students-manager\v2student_manager\students\views.py changed, reloading.
2025-06-15 16:21:04,571 INFO C:\Users\Abdo\Desktop\students-manager\v2student_manager\students\views.py changed, reloading.
2025-06-15 16:21:09,126 INFO C:\Users\Abdo\Desktop\students-manager\v2student_manager\students\views.py changed, reloading.
2025-06-15 16:21:23,654 INFO C:\Users\Abdo\Desktop\students-manager\v2student_manager\students\views.py changed, reloading.
2025-06-15 16:21:39,203 INFO C:\Users\Abdo\Desktop\students-manager\v2student_manager\students\views.py changed, reloading.
2025-06-15 16:22:02,317 WARNING The chromedriver version (136.0.7103.92) detected in PATH at C:\webdrivers\chromedriver.exe might not be compatible with the detected chrome version (137.0.7151.104); currently, chromedriver 137.0.7151.70 is recommended for chrome 137.*, so it is advised to delete the driver in PATH and retry
2025-06-15 16:22:06,894 ERROR \u0641\u0634\u0644 \u0625\u0646\u0634\u0627\u0621 \u062c\u0644\u0633\u0629 WhatsApp Web: Message: session not created: Chrome failed to start: crashed.
  (session not created: DevToolsActivePort file doesn't exist)
  (The process started from chrome location C:\Program Files\Google\Chrome\Application\chrome.exe is no longer running, so ChromeDriver is assuming that Chrome has crashed.)
Stacktrace:
	GetHandleVerifier [0x00007FF7A5FFCF25+75717]
	GetHandleVerifier [0x00007FF7A5FFCF80+75808]
	(No symbol) [0x00007FF7A5DC8F9A]
	(No symbol) [0x00007FF7A5E05D55]
	(No symbol) [0x00007FF7A5E01ADD]
	(No symbol) [0x00007FF7A5E552D8]
	(No symbol) [0x00007FF7A5E548B0]
	(No symbol) [0x00007FF7A5E47153]
	(No symbol) [0x00007FF7A5E10421]
	(No symbol) [0x00007FF7A5E111B3]
	GetHandleVerifier [0x00007FF7A62FD6FD+3223453]
	GetHandleVerifier [0x00007FF7A62F7CA2+3200322]
	GetHandleVerifier [0x00007FF7A6315AD3+3322739]
	GetHandleVerifier [0x00007FF7A60169FA+180890]
	GetHandleVerifier [0x00007FF7A601E0FF+211359]
	GetHandleVerifier [0x00007FF7A6005274+109332]
	GetHandleVerifier [0x00007FF7A6005422+109762]
	GetHandleVerifier [0x00007FF7A5FEBA39+4825]
	BaseThreadInitThunk [0x00007FFCC6597374+20]
	RtlUserThreadStart [0x00007FFCC6F9CC91+33]

2025-06-15 16:22:06,894 ERROR \U0001f6a8 \u0644\u0627 \u062a\u0648\u062c\u062f \u062c\u0644\u0633\u0629 \u062c\u0627\u0647\u0632\u0629 \u0644\u0644\u0631\u0633\u0627\u0626\u0644.
2025-06-15 16:22:06,895 INFO WhatsApp not sent.
2025-06-15 16:22:08,208 WARNING The chromedriver version (136.0.7103.92) detected in PATH at C:\webdrivers\chromedriver.exe might not be compatible with the detected chrome version (137.0.7151.104); currently, chromedriver 137.0.7151.70 is recommended for chrome 137.*, so it is advised to delete the driver in PATH and retry
2025-06-15 16:22:10,910 ERROR \u0641\u0634\u0644 \u0625\u0646\u0634\u0627\u0621 \u062c\u0644\u0633\u0629 WhatsApp Web: Message: session not created: Chrome failed to start: crashed.
  (session not created: DevToolsActivePort file doesn't exist)
  (The process started from chrome location C:\Program Files\Google\Chrome\Application\chrome.exe is no longer running, so ChromeDriver is assuming that Chrome has crashed.)
Stacktrace:
	GetHandleVerifier [0x00007FF7A5FFCF25+75717]
	GetHandleVerifier [0x00007FF7A5FFCF80+75808]
	(No symbol) [0x00007FF7A5DC8F9A]
	(No symbol) [0x00007FF7A5E05D55]
	(No symbol) [0x00007FF7A5E01ADD]
	(No symbol) [0x00007FF7A5E552D8]
	(No symbol) [0x00007FF7A5E548B0]
	(No symbol) [0x00007FF7A5E47153]
	(No symbol) [0x00007FF7A5E10421]
	(No symbol) [0x00007FF7A5E111B3]
	GetHandleVerifier [0x00007FF7A62FD6FD+3223453]
	GetHandleVerifier [0x00007FF7A62F7CA2+3200322]
	GetHandleVerifier [0x00007FF7A6315AD3+3322739]
	GetHandleVerifier [0x00007FF7A60169FA+180890]
	GetHandleVerifier [0x00007FF7A601E0FF+211359]
	GetHandleVerifier [0x00007FF7A6005274+109332]
	GetHandleVerifier [0x00007FF7A6005422+109762]
	GetHandleVerifier [0x00007FF7A5FEBA39+4825]
	BaseThreadInitThunk [0x00007FFCC6597374+20]
	RtlUserThreadStart [0x00007FFCC6F9CC91+33]

2025-06-15 16:22:10,911 ERROR \U0001f6a8 \u0644\u0627 \u062a\u0648\u062c\u062f \u062c\u0644\u0633\u0629 \u062c\u0627\u0647\u0632\u0629 \u0644\u0644\u0631\u0633\u0627\u0626\u0644.
2025-06-15 16:22:10,911 INFO WhatsApp not sent.
2025-06-15 16:22:27,595 WARNING The chromedriver version (136.0.7103.92) detected in PATH at C:\webdrivers\chromedriver.exe might not be compatible with the detected chrome version (137.0.7151.104); currently, chromedriver 137.0.7151.70 is recommended for chrome 137.*, so it is advised to delete the driver in PATH and retry
2025-06-15 16:22:31,511 INFO \u231b \u0627\u0646\u062a\u0638\u0631 \u0645\u0633\u062d QR \u0641\u064a WhatsApp Web …
2025-06-15 16:22:38,303 INFO \u2705 \u062c\u0627\u0647\u0632 \u0644\u0625\u0631\u0633\u0627\u0644 \u0627\u0644\u0631\u0633\u0627\u0626\u0644.
2025-06-15 16:22:47,092 INFO \U0001f4e9 \u0623\u0631\u0633\u0644\u0646\u0627 \u0631\u0633\u0627\u0644\u0629 \u0625\u0644\u0649 +201142344943 \u0641\u064a 16:22:47
2025-06-15 16:22:59,823 INFO \U0001f4e9 \u0623\u0631\u0633\u0644\u0646\u0627 \u0631\u0633\u0627\u0644\u0629 \u0625\u0644\u0649 +201142344943 \u0641\u064a 16:22:59
2025-06-15 16:29:15,847 INFO C:\Users\Abdo\Desktop\students-manager\v2student_manager\students\views.py changed, reloading.
2025-06-15 16:31:42,087 ERROR \u0641\u0634\u0644 \u0625\u0646\u0634\u0627\u0621 \u062c\u0644\u0633\u0629 WhatsApp Web: Message: Unable to obtain driver for chrome; For documentation on this error, please visit: https://www.selenium.dev/documentation/webdriver/troubleshooting/errors/driver_location

2025-06-15 16:31:42,089 ERROR \U0001f6a8 \u0644\u0627 \u062a\u0648\u062c\u062f \u062c\u0644\u0633\u0629 \u062c\u0627\u0647\u0632\u0629 \u0644\u0644\u0631\u0633\u0627\u0626\u0644.
2025-06-15 16:31:42,089 INFO WhatsApp not sent.
2025-06-15 14:15:10,251 WARNING Not Found: /favicon.ico
2025-06-15 16:35:09,533 WARNING The chromedriver version (136.0.7103.92) detected in PATH at C:\webdrivers\chromedriver.exe might not be compatible with the detected chrome version (137.0.7151.104); currently, chromedriver 137.0.7151.70 is recommended for chrome 137.*, so it is advised to delete the driver in PATH and retry
2025-06-15 16:35:14,128 INFO \u231b \u0627\u0646\u062a\u0638\u0631 \u0645\u0633\u062d QR \u0641\u064a WhatsApp Web …
2025-06-15 16:35:21,308 INFO \u2705 \u062c\u0627\u0647\u0632 \u0644\u0625\u0631\u0633\u0627\u0644 \u0627\u0644\u0631\u0633\u0627\u0626\u0644.
2025-06-15 16:35:29,370 INFO \U0001f4e9 \u0623\u0631\u0633\u0644\u0646\u0627 \u0631\u0633\u0627\u0644\u0629 \u0625\u0644\u0649 +201142344943 \u0641\u064a 16:35:29
2025-06-15 23:09:22,675 WARNING Not Found: /favicon.ico
2025-06-15 23:11:21,108 INFO C:\Users\Abdo\Desktop\students-manager\v2student_manager\students\views.py changed, reloading.
2025-06-15 23:12:25,357 INFO C:\Users\Abdo\Desktop\students-manager\v2student_manager\students\views.py changed, reloading.
2025-06-15 23:12:29,826 INFO C:\Users\Abdo\Desktop\students-manager\v2student_manager\students\views.py changed, reloading.
2025-06-15 23:12:35,004 INFO C:\Users\Abdo\Desktop\students-manager\v2student_manager\students\views.py changed, reloading.
2025-06-15 23:15:07,929 ERROR Internal Server Error: /income/
Traceback (most recent call last):
  File "C:\Users\Abdo\Desktop\students-manager\Lib\site-packages\django\core\handlers\exception.py", line 55, in inner
    response = get_response(request)
  File "C:\Users\Abdo\Desktop\students-manager\Lib\site-packages\django\core\handlers\base.py", line 197, in _get_response
    response = wrapped_callback(request, *callback_args, **callback_kwargs)
  File "C:\Users\Abdo\Desktop\students-manager\v2student_manager\students\views.py", line 1377, in income_report_view
    'term_price': term_price, # This is the price for EACH payment listed
                  ^^^^^^^^^^^^^^^^
NameError: name 'term_price_price' is not defined
2025-06-15 23:16:58,077 INFO C:\Users\Abdo\Desktop\students-manager\v2student_manager\students\views.py changed, reloading.
2025-06-15 23:17:15,456 INFO C:\Users\Abdo\Desktop\students-manager\v2student_manager\students\views.py changed, reloading.
2025-06-15 23:18:49,469 INFO C:\Users\Abdo\Desktop\students-manager\v2student_manager\students\views.py changed, reloading.
2025-06-15 23:19:13,886 INFO C:\Users\Abdo\Desktop\students-manager\v2student_manager\students\views.py changed, reloading.
2025-06-15 23:19:28,925 INFO C:\Users\Abdo\Desktop\students-manager\v2student_manager\students\views.py changed, reloading.
2025-06-15 23:19:36,288 INFO C:\Users\Abdo\Desktop\students-manager\v2student_manager\students\views.py changed, reloading.
2025-06-15 23:19:40,930 INFO C:\Users\Abdo\Desktop\students-manager\v2student_manager\students\views.py changed, reloading.
2025-06-15 23:19:54,194 INFO C:\Users\Abdo\Desktop\students-manager\v2student_manager\students\views.py changed, reloading.
2025-06-15 23:19:58,485 INFO C:\Users\Abdo\Desktop\students-manager\v2student_manager\students\views.py changed, reloading.
2025-06-15 23:20:03,097 INFO C:\Users\Abdo\Desktop\students-manager\v2student_manager\students\views.py changed, reloading.
2025-06-15 23:20:09,027 INFO C:\Users\Abdo\Desktop\students-manager\v2student_manager\students\views.py changed, reloading.
2025-06-15 23:20:28,163 INFO C:\Users\Abdo\Desktop\students-manager\v2student_manager\students\views.py changed, reloading.
2025-06-15 23:20:33,371 INFO C:\Users\Abdo\Desktop\students-manager\v2student_manager\students\views.py changed, reloading.
2025-06-16 01:06:04,304 WARNING Not Found: /favicon.ico
2025-06-16 01:06:50,941 INFO C:\Users\Abdo\Desktop\students-manager\v2student_manager\students\views.py changed, reloading.
2025-06-16 01:06:55,232 INFO C:\Users\Abdo\Desktop\students-manager\v2student_manager\students\views.py changed, reloading.
2025-06-16 01:07:02,774 INFO C:\Users\Abdo\Desktop\students-manager\v2student_manager\students\views.py changed, reloading.
2025-06-16 01:07:13,791 INFO C:\Users\Abdo\Desktop\students-manager\v2student_manager\students\views.py changed, reloading.
2025-06-16 01:07:18,268 INFO C:\Users\Abdo\Desktop\students-manager\v2student_manager\students\views.py changed, reloading.
